-- --------------------------------------------------------
-- Host:                         127.0.0.1
-- Versión del servidor:         8.0.30 - MySQL Community Server - GPL
-- SO del servidor:              Win64
-- HeidiSQL Versión:             12.1.0.6537
-- --------------------------------------------------------

/*!40101 SET @OLD_CHARACTER_SET_CLIENT=@@CHARACTER_SET_CLIENT */;
/*!40101 SET NAMES utf8 */;
/*!50503 SET NAMES utf8mb4 */;
/*!40103 SET @OLD_TIME_ZONE=@@TIME_ZONE */;
/*!40103 SET TIME_ZONE='+00:00' */;
/*!40014 SET @OLD_FOREIGN_KEY_CHECKS=@@FOREIGN_KEY_CHECKS, FOREIGN_KEY_CHECKS=0 */;
/*!40101 SET @OLD_SQL_MODE=@@SQL_MODE, SQL_MODE='NO_AUTO_VALUE_ON_ZERO' */;
/*!40111 SET @OLD_SQL_NOTES=@@SQL_NOTES, SQL_NOTES=0 */;


-- Volcando estructura de base de datos para ferr_ros_h
CREATE DATABASE IF NOT EXISTS `ferr_ros_h` /*!40100 DEFAULT CHARACTER SET utf8mb4 COLLATE utf8mb4_0900_ai_ci */ /*!80016 DEFAULT ENCRYPTION='N' */;
USE `ferr_ros_h`;

-- Volcando estructura para tabla ferr_ros_h.abastecer
CREATE TABLE IF NOT EXISTS `abastecer` (
  `id` int NOT NULL AUTO_INCREMENT,
  `id_tienda` int NOT NULL,
  `id_usuario` int NOT NULL,
  `id_proveedor` int NOT NULL,
  `descripcion` varchar(250) DEFAULT NULL,
  `total` float(200,2) NOT NULL,
  `situacion` varchar(50) DEFAULT NULL,
  `importe` float(200,2) DEFAULT NULL,
  `resto` float(200,2) DEFAULT NULL,
  `fecha` date DEFAULT NULL,
  `hora` time DEFAULT NULL,
  `fecha_ent` date DEFAULT NULL,
  `hora_ent` time DEFAULT NULL,
  `estado` varchar(100) DEFAULT NULL,
  `est` char(1) NOT NULL,
  PRIMARY KEY (`id`),
  KEY `fk_abastecer_tienda` (`id_tienda`),
  KEY `fk_abastecer_usuario` (`id_usuario`),
  KEY `fk_abastecer_proveedor` (`id_proveedor`),
  CONSTRAINT `fk_abastecer_proveedor` FOREIGN KEY (`id_proveedor`) REFERENCES `proveedor` (`id`),
  CONSTRAINT `fk_abastecer_tienda` FOREIGN KEY (`id_tienda`) REFERENCES `tienda` (`id`),
  CONSTRAINT `fk_abastecer_usuario` FOREIGN KEY (`id_usuario`) REFERENCES `usuario` (`id`)
) ENGINE=InnoDB AUTO_INCREMENT=34 DEFAULT CHARSET=utf8mb4 COLLATE=utf8mb4_0900_ai_ci;

-- Volcando datos para la tabla ferr_ros_h.abastecer: ~27 rows (aproximadamente)
INSERT INTO `abastecer` (`id`, `id_tienda`, `id_usuario`, `id_proveedor`, `descripcion`, `total`, `situacion`, `importe`, `resto`, `fecha`, `hora`, `fecha_ent`, `hora_ent`, `estado`, `est`) VALUES
	(1, 1, 1, 1, 'Ingreso de la tienda de Huancan', 0.00, 'CANCELADO', 200.00, 0.00, '2025-01-22', '16:36:14', '2025-01-22', '16:37:45', 'INGRESADO', 'H'),
	(2, 1, 1, 1, 'N/A', 231.00, 'CANCELADO', 231.00, 0.00, '2025-01-22', '17:43:25', '2025-01-22', '17:45:01', 'INGRESADO', 'H'),
	(3, 1, 1, 1, 'N/A', 100.00, 'CANCELADO', 100.00, 0.00, '2025-01-22', '17:46:01', '2025-01-22', '17:46:39', 'INGRESADO', 'H'),
	(4, 1, 1, 1, 'N/A', 788.00, 'CANCELADO', 788.00, 0.00, '2025-01-23', '16:52:49', '2025-01-23', '16:53:33', 'INGRESADO', 'H'),
	(5, 1, 1, 1, 'N/A', 2.00, 'CANCELADO', 2.00, 0.00, '2025-01-23', '17:38:56', '2025-01-23', '17:39:07', 'INGRESADO', 'H'),
	(6, 1, 1, 1, 'N/A', 2200.00, 'CANCELADO', 2200.00, 0.00, '2025-01-24', '17:41:56', '2025-01-24', '17:42:17', 'INGRESADO', 'H'),
	(7, 1, 1, 1, 'N/A', 1000.00, 'CANCELADO', 1000.00, 0.00, '2025-01-25', '12:17:49', '2025-01-25', '12:18:11', 'INGRESADO', 'H'),
	(8, 1, 1, 1, 'N/A', 80.00, 'CANCELADO', 80.00, 0.00, '2025-01-29', '15:37:37', '2025-01-29', '15:39:58', 'INGRESADO', 'H'),
	(9, 1, 2, 1, 'N/A', 86.00, 'CANCELADO', 86.00, 0.00, '2025-02-05', '17:32:53', '2025-02-05', '17:33:00', 'INGRESADO', 'H'),
	(10, 1, 2, 1, 'N/A', 200.00, 'CANCELADO', 200.00, 0.00, '2025-02-05', '17:34:01', '2025-02-05', '17:34:11', 'INGRESADO', 'H'),
	(11, 1, 2, 1, 'N/A', 300.00, 'CANCELADO', 300.00, 0.00, '2025-02-07', '17:59:16', '2025-02-07', '17:59:23', 'INGRESADO', 'H'),
	(12, 1, 1, 1, 'Ingreso enviado de la tienda Huancan', 0.00, 'CANCELADO', 0.00, 0.00, '2025-02-10', '11:05:59', '2025-02-10', '11:07:16', 'INGRESADO', 'H'),
	(13, 1, 2, 1, 'Enviado de la tienda Huancan', 0.00, 'CANCELADO', 0.00, 0.00, '2025-02-10', '11:08:17', '2025-02-10', '11:08:25', 'INGRESADO', 'H'),
	(14, 1, 2, 1, 'N/A', 1120.00, 'CANCELADO', 1120.00, 0.00, '2025-02-12', '09:52:12', '2025-02-12', '09:52:20', 'INGRESADO', 'H'),
	(15, 1, 2, 1, 'lo que devolvió el maestro daniel ', 2.00, 'CANCELADO', 2.00, 0.00, '2025-02-12', '15:42:29', '2025-02-12', '15:42:33', 'INGRESADO', 'H'),
	(16, 1, 2, 1, 'N/A', 1000.00, 'CANCELADO', 1000.00, 0.00, '2025-02-13', '16:29:15', '2025-02-13', '17:06:07', 'INGRESADO', 'H'),
	(17, 1, 2, 1, 'N/A', 200.00, 'CANCELADO', 200.00, 0.00, '2025-02-13', '16:54:04', '2025-02-13', '16:54:08', 'INGRESADO', 'H'),
	(18, 1, 2, 1, 'N/A', 350.00, 'CANCELADO', 350.00, 0.00, '2025-02-18', '12:12:46', '2025-02-18', '12:12:55', 'INGRESADO', 'H'),
	(19, 1, 2, 1, 'N/A', 400.00, 'CANCELADO', 400.00, 0.00, '2025-02-18', '15:10:51', '2025-02-18', '15:11:00', 'INGRESADO', 'H'),
	(20, 1, 2, 1, 'N/A', 1648.00, 'CANCELADO', 1648.00, 0.00, '2025-02-18', '16:29:56', '2025-02-18', '16:30:25', 'INGRESADO', 'H'),
	(21, 1, 2, 1, 'N/A', 210.00, 'CANCELADO', 210.00, 0.00, '2025-02-18', '17:20:01', '2025-02-18', '17:20:07', 'INGRESADO', 'H'),
	(22, 1, 2, 1, 'N/A', 840.00, 'CANCELADO', 840.00, 0.00, '2025-02-18', '17:48:42', '2025-02-18', '17:48:46', 'INGRESADO', 'H'),
	(23, 1, 2, 1, 'N/A', 350.00, 'CANCELADO', 350.00, 0.00, '2025-02-18', '17:50:26', '2025-02-18', '17:50:29', 'INGRESADO', 'H'),
	(24, 1, 2, 1, 'N/A', 1800.00, 'CANCELADO', 1800.00, 0.00, '2025-02-21', '14:54:54', '2025-02-21', '14:54:58', 'INGRESADO', 'H'),
	(25, 1, 2, 1, 'ingreso el dia 19/02', 465.00, 'CANCELADO', 465.00, 0.00, '2025-02-21', '15:13:30', '2025-02-21', '15:13:34', 'INGRESADO', 'H'),
	(26, 1, 2, 1, 'en venta 296  llevo 2 bls cemento inka el cliente pero en sistema se desconto 5 por que no volvio a llevar los 3 cemento', 3.00, 'CANCELADO', 3.00, 0.00, '2025-02-21', '16:33:02', '2025-02-21', '16:33:06', 'INGRESADO', 'H'),
	(27, 1, 2, 1, '', 835.00, 'CANCELADO', 835.00, 0.00, '2025-02-21', '18:01:05', '2025-02-21', '18:01:08', 'INGRESADO', 'H'),
	(28, 1, 2, 1, 'N/A', 0.00, 'POR COBRAR', 0.00, 0.00, '2025-02-14', '11:48:52', '2025-02-14', '11:49:06', 'INGRESADO', 'H'),
	(29, 1, 1, 1, 'N/A', 35.00, 'CANCELADO', 35.00, 0.00, '2025-02-25', '16:46:10', '2025-02-25', '16:46:16', 'INGRESADO', 'H'),
	(30, 1, 2, 1, 'N/A', 416.00, 'CANCELADO', 416.00, 0.00, '2025-02-27', '15:04:32', '2025-02-27', '15:04:37', 'INGRESADO', 'H'),
	(31, 1, 2, 1, 'N/A', 0.00, 'CANCELADO', 0.00, 0.00, '2025-02-28', '11:11:27', '2025-02-28', '11:11:40', 'INGRESADO', 'H'),
	(32, 1, 2, 1, 'N/A', 0.00, 'CANCELADO', 0.00, 0.00, '2025-02-28', '16:57:46', '2025-02-28', '16:57:52', 'INGRESADO', 'H'),
	(33, 1, 2, 1, 'N/A', 0.00, 'CANCELADO', 0.00, 0.00, '2025-02-28', '17:06:02', '2025-02-28', '17:06:07', 'INGRESADO', 'H');

-- Volcando estructura para tabla ferr_ros_h.arqueo
CREATE TABLE IF NOT EXISTS `arqueo` (
  `id` int NOT NULL AUTO_INCREMENT,
  `id_usuario` int NOT NULL,
  `totalingresoe` float(200,2) NOT NULL,
  `totalingresot` float(200,2) NOT NULL,
  `totalegresoe` float(200,2) NOT NULL,
  `totalegresot` float(200,2) NOT NULL,
  `totaldeuda` float(200,2) NOT NULL,
  `totalefectivo` float(200,2) NOT NULL,
  `totaltransfer` float(200,2) NOT NULL,
  `fechaar` date DEFAULT NULL,
  `turno` char(6) DEFAULT NULL,
  `fecha` date DEFAULT NULL,
  `hora` time DEFAULT NULL,
  `est` char(1) NOT NULL,
  PRIMARY KEY (`id`),
  KEY `fk_arqueo_usuario` (`id_usuario`),
  CONSTRAINT `fk_arqueo_usuario` FOREIGN KEY (`id_usuario`) REFERENCES `usuario` (`id`)
) ENGINE=InnoDB AUTO_INCREMENT=31 DEFAULT CHARSET=utf8mb4 COLLATE=utf8mb4_0900_ai_ci;

-- Volcando datos para la tabla ferr_ros_h.arqueo: ~24 rows (aproximadamente)
INSERT INTO `arqueo` (`id`, `id_usuario`, `totalingresoe`, `totalingresot`, `totalegresoe`, `totalegresot`, `totaldeuda`, `totalefectivo`, `totaltransfer`, `fechaar`, `turno`, `fecha`, `hora`, `est`) VALUES
	(1, 1, 313.70, 0.00, 0.00, 0.00, 7882.65, 413.70, 0.00, '2025-01-14', 'MAÑANA', '2025-01-22', '16:57:15', 'H'),
	(2, 1, 0.00, 0.00, 0.00, 0.00, 0.00, 0.00, 0.00, '2025-01-14', 'TARDE', '2025-01-22', '16:58:34', 'H'),
	(3, 2, 1573.20, 2667.50, 3.00, 0.00, 0.00, 1777.90, 2667.50, '2025-01-24', 'TARDE', '2025-01-24', '17:47:04', 'H'),
	(4, 2, 841.50, 0.00, 0.00, 0.00, 0.00, 841.50, 0.00, '2025-01-30', 'MAÑANA', '2025-01-30', '17:29:22', 'H'),
	(5, 2, 7825.00, 0.00, 8.00, 0.00, 0.00, 7817.00, 0.00, '2025-01-30', 'TARDE', '2025-01-30', '17:29:58', 'H'),
	(6, 2, 654.60, 0.00, 0.00, 0.00, 0.00, 654.60, 0.00, '2025-01-31', 'MAÑANA', '2025-01-31', '10:05:04', 'H'),
	(7, 2, 0.00, 0.00, 14.00, 0.00, 0.00, -14.00, 0.00, '2025-01-31', 'TARDE', '2025-01-31', '17:08:48', 'H'),
	(8, 2, 654.60, 0.00, 14.00, 0.00, 0.00, 640.60, 0.00, '2025-01-31', 'CIERRE', '2025-01-31', '18:12:14', 'H'),
	(9, 2, 12733.70, 28.40, 12511.00, 0.00, 921.50, 223.10, 28.00, '2025-02-03', 'CIERRE', '2025-02-03', '17:52:56', 'H'),
	(10, 2, 3167.70, 0.00, 3003.00, 0.00, 2775.75, 164.70, 0.00, '2025-02-08', 'CIERRE', '2025-02-10', '10:10:09', 'H'),
	(11, 2, 7770.30, 330.50, 16.00, 0.00, 0.00, 7754.30, 330.50, '2025-02-11', 'CIERRE', '2025-02-11', '17:13:27', 'H'),
	(12, 2, 7791.30, 330.50, 7419.00, 0.00, 0.00, 372.30, 330.50, '2025-02-11', 'CIERRE', '2025-02-11', '17:51:52', 'H'),
	(13, 2, 3580.30, 0.00, 3402.00, 0.00, 5347.25, 178.30, 0.00, '2025-02-05', 'CIERRE', '2025-02-12', '17:46:12', 'H'),
	(14, 2, 1403.80, 1131.70, 1008.00, 0.00, 0.00, 395.80, 1131.70, '2025-02-12', 'CIERRE', '2025-02-12', '17:54:47', 'H'),
	(15, 2, 1403.80, 1131.70, 1008.00, 0.00, 0.00, 395.80, 1131.70, '2025-02-12', 'CIERRE', '2025-02-12', '18:03:57', 'H'),
	(16, 2, 4319.30, 21673.36, 3995.00, 0.00, 0.00, 324.30, 21673.36, '2025-02-13', 'CIERRE', '2025-02-13', '17:45:12', 'H'),
	(17, 2, 6442.30, 2014.85, 6221.00, 220.00, 415.40, 221.30, 1794.85, '2025-02-14', 'CIERRE', '2025-02-15', '10:13:03', 'H'),
	(18, 2, 410.20, 1918.09, 0.00, 0.00, 104.50, 410.20, 1918.09, '2025-02-15', 'CIERRE', '2025-02-17', '15:16:48', 'H'),
	(19, 2, 15128.00, 4897.00, 14885.00, 0.00, 793.62, 243.00, 4897.00, '2025-02-17', 'CIERRE', '2025-02-18', '15:58:01', 'H'),
	(20, 2, 3438.90, 0.00, 3319.00, 0.00, 0.00, 119.90, 0.00, '2025-02-18', 'CIERRE', '2025-02-18', '18:00:12', 'H'),
	(21, 2, 2686.50, 0.00, 2611.00, 0.00, 125.76, 75.50, 0.00, '2025-02-19', 'CIERRE', '2025-02-19', '17:54:04', 'H'),
	(22, 1, 9700.50, 82.50, 9700.00, 0.00, 22.50, 0.50, 82.50, '2025-02-22', 'CIERRE', '2025-02-25', '10:38:24', 'H'),
	(23, 1, 6226.16, 0.00, 5998.00, 0.00, 0.00, 228.16, 0.00, '2025-02-20', 'CIERRE', '2025-02-25', '10:39:00', 'H'),
	(24, 1, 1723.60, 1560.00, 1591.00, 0.00, 556.55, 132.60, 1560.00, '2025-02-21', 'CIERRE', '2025-02-25', '10:39:09', 'H'),
	(25, 1, 11477.60, 4708.00, 11332.00, 0.00, 0.00, 145.60, 4708.00, '2025-02-24', 'CIERRE', '2025-02-25', '10:47:44', 'H'),
	(26, 1, 7586.00, 23636.50, 7424.00, 0.00, 2608.62, 162.00, 23636.50, '2025-02-25', 'CIERRE', '2025-02-26', '16:24:58', 'H'),
	(27, 1, 10172.70, 9892.87, 10016.00, 0.00, 8820.50, 156.70, 9892.87, '2025-02-26', 'CIERRE', '2025-02-26', '17:45:23', 'H'),
	(28, 2, 10176.70, 9892.87, 10016.00, 0.00, 8820.50, 160.70, 9892.87, '2025-02-26', 'CIERRE', '2025-02-26', '17:54:33', 'H'),
	(29, 2, 7160.20, 10967.50, 4521.00, 0.00, 604.40, 2639.20, 10967.50, '2025-02-27', 'CIERRE', '2025-02-27', '18:22:41', 'H'),
	(30, 2, 7160.20, 10967.50, 4521.00, 0.00, 604.40, 2639.20, 10967.50, '2025-02-27', 'CIERRE', '2025-02-28', '08:23:48', 'H');

-- Volcando estructura para tabla ferr_ros_h.ciudad
CREATE TABLE IF NOT EXISTS `ciudad` (
  `id` int NOT NULL AUTO_INCREMENT,
  `nombre` varchar(150) NOT NULL,
  `est` char(1) NOT NULL,
  PRIMARY KEY (`id`)
) ENGINE=InnoDB AUTO_INCREMENT=9 DEFAULT CHARSET=utf8mb4 COLLATE=utf8mb4_0900_ai_ci;

-- Volcando datos para la tabla ferr_ros_h.ciudad: ~7 rows (aproximadamente)
INSERT INTO `ciudad` (`id`, `nombre`, `est`) VALUES
	(1, 'HUANCAN', 'H'),
	(2, 'EL TAMBO', 'H'),
	(3, 'HUANCAYO', 'H'),
	(4, 'CHILCA', 'H'),
	(5, 'SAPALLANGA', 'H'),
	(6, 'HUAYUCACHI', 'H'),
	(7, 'HUANCAVELICA', 'H'),
	(8, 'LIMA', 'H');

-- Volcando estructura para tabla ferr_ros_h.cliente
CREATE TABLE IF NOT EXISTS `cliente` (
  `id` int NOT NULL AUTO_INCREMENT,
  `id_ciudad` int NOT NULL,
  `id_tipodoc` int NOT NULL,
  `numdoc` char(20) NOT NULL,
  `nombrecom` varchar(255) NOT NULL,
  `direccion` varchar(200) NOT NULL,
  `numcel` char(12) DEFAULT NULL,
  `est` char(1) NOT NULL,
  PRIMARY KEY (`id`),
  KEY `fk_cliente_ciudad` (`id_ciudad`),
  KEY `fk_cliente_tipodoc` (`id_tipodoc`),
  CONSTRAINT `fk_cliente_ciudad` FOREIGN KEY (`id_ciudad`) REFERENCES `ciudad` (`id`),
  CONSTRAINT `fk_cliente_tipodoc` FOREIGN KEY (`id_tipodoc`) REFERENCES `tipodoc` (`id`)
) ENGINE=InnoDB AUTO_INCREMENT=20 DEFAULT CHARSET=utf8mb4 COLLATE=utf8mb4_0900_ai_ci;

-- Volcando datos para la tabla ferr_ros_h.cliente: ~17 rows (aproximadamente)
INSERT INTO `cliente` (`id`, `id_ciudad`, `id_tipodoc`, `numdoc`, `nombrecom`, `direccion`, `numcel`, `est`) VALUES
	(1, 4, 1, '88888888', 'varios', 'azapampa s/n', '999999999', 'H'),
	(2, 4, 2, '12345678911', 'Ferreteria Rivera', 'Cordova y 31', '999999999', 'H'),
	(3, 5, 2, '10758898097', 'OSORES SULLCA BONY REENAN', 'CALL.REAL SN SAPALLANGA-HYO-JUNIN', '993109094', 'H'),
	(4, 7, 2, '10478934004', 'ANTEZANA PILLPA LISBETH', 'CALLE ICA N 135-PAUCARA-ACOBAMBA-HVCA', '932764355', 'H'),
	(5, 5, 2, '20608463519', 'EL TORO LADRILLERA Y CERAMICO SAC', 'CALL.REAL SN P.J.SAPALLANGA HYO JUNIN', '949010567', 'H'),
	(6, 8, 2, '10735148953', 'SALVATIERRA CONTRERAS ANULFO', 'CAL.SANTA SOFIA URB. LOS SAUCES MZA.1988 LOTE 1 ATE-LIMA-LIMA', '991395426', 'H'),
	(7, 3, 2, '10712327311', 'CARLOS EDGAR PEREZ RAMOS', 'AV.PANAMERICANA SUR N 1387-HUANCAN -HUANCAYO-JUNIN', '964470158', 'H'),
	(8, 7, 2, '20601792789', 'GRUPO FLOBA S.A.C.', 'JR. TUPAC AMARU NRO. 408 PLAZA PRINCIPAL (PLAZA PRINCIPAL DE SAN PEDRO DE CORIS) HUANCAVELICA-CHURCAMPA-SAN PEDRO DE CORIS', '997287161', 'H'),
	(9, 7, 2, '10452862200', 'SULLCA QUISPE GLORIA', 'CALLE ICA SN PAUCARA-ACOBAMBA-HUANCAVELICA', '910260927', 'H'),
	(10, 3, 2, '20573807996', 'CODECA INGENIEROS S.A.C.', 'PJ.BUENOS AIRES S/N LA PUNTA SAPALLANGA JUNIN', '914216767', 'H'),
	(11, 3, 1, '45758134', 'ALEX JHON AMANCAY LLIHUA ', 'PSJE.ESPERANZA LA PUNTA -HUANCAYO -JUNIN', '913016111', 'H'),
	(12, 3, 1, '19810108', 'LUIS DURAND HOSPINA VELAZCO', 'CALLE RAMIRO PRIALE SN MIRAFLORES SAPALLANGA-HUANCAYO-JUNIN', '902133988', 'H'),
	(13, 3, 1, '42086637', 'NORMA VICAN FERNANDEZ', 'AV.VALLE REAL SN LA PUNTA SAPALLANGA-HUANCAYO-JUNIN', '988490871', 'H'),
	(14, 4, 1, '70149909', 'WILLIAN YONI AMBROSIO LIMACHE', 'PSJE SANTA ROSA AZAPAMPA CHILCA-HUANCAYO-JUNIN', '963172417', 'H'),
	(15, 3, 1, '70301791', 'WIDER DE LA CRUZ NATEROS', 'AV.CIRCUNVALACION SN-LA PUNTA CHILCA-HUANCAYO-JUNIN', '986590349', 'H'),
	(16, 3, 2, '45735629', 'ROSARIO CHARO DURAND LANAZCA', 'AV.FERROCARRIL 616 HUANCAYO-HUANCAYO-JUNIN', '917210991', 'H'),
	(17, 2, 2, '20486455854', 'SUPER GRIFOS FLORES SAC', 'CAR CENTRAL KM 11-HUALHUAS-HYO-JUNIN', '964888298', 'H'),
	(18, 4, 2, '20602318924', 'TREC INGENIEROS SAC', 'AV.31 DE OCTUBRE NRO.SN SEC.AZAPAMPA (S66432471 6 CDRAS OVALO) JUNIN - HUANCAYO - CHILCA', '915958499', 'H'),
	(19, 5, 1, '71655539', 'EMERSON MARIO LOARDO MALPARTIDA', 'CALLE REAL SN SAPALLANGA-HUANCAYO-JUNIN', '926560217', 'H');

-- Volcando estructura para tabla ferr_ros_h.cuaderno
CREATE TABLE IF NOT EXISTS `cuaderno` (
  `id` int NOT NULL AUTO_INCREMENT,
  `id_cua` int DEFAULT NULL,
  `id_tienda` int NOT NULL,
  `id_usuario` int NOT NULL,
  `id_cliente` int NOT NULL,
  `descripcion` varchar(250) DEFAULT NULL,
  `total` float(200,2) NOT NULL,
  `situacion` varchar(50) DEFAULT NULL,
  `importe` float(200,2) DEFAULT NULL,
  `resto` float(200,2) DEFAULT NULL,
  `id_cot` int DEFAULT NULL,
  `fecha_cot` date DEFAULT NULL,
  `hora_cot` time DEFAULT NULL,
  `fecha` date DEFAULT NULL,
  `hora` time DEFAULT NULL,
  `fecha_sal` date DEFAULT NULL,
  `hora_sal` time DEFAULT NULL,
  `estado` varchar(100) DEFAULT NULL,
  `est` char(1) NOT NULL,
  PRIMARY KEY (`id`),
  KEY `fk_cuaderno_tienda` (`id_tienda`),
  KEY `fk_cuaderno_usuario` (`id_usuario`),
  KEY `fk_cuaderno_cliente` (`id_cliente`),
  CONSTRAINT `fk_cuaderno_cliente` FOREIGN KEY (`id_cliente`) REFERENCES `cliente` (`id`),
  CONSTRAINT `fk_cuaderno_tienda` FOREIGN KEY (`id_tienda`) REFERENCES `tienda` (`id`),
  CONSTRAINT `fk_cuaderno_usuario` FOREIGN KEY (`id_usuario`) REFERENCES `usuario` (`id`)
) ENGINE=InnoDB AUTO_INCREMENT=419 DEFAULT CHARSET=utf8mb4 COLLATE=utf8mb4_0900_ai_ci;

-- Volcando datos para la tabla ferr_ros_h.cuaderno: ~386 rows (aproximadamente)
INSERT INTO `cuaderno` (`id`, `id_cua`, `id_tienda`, `id_usuario`, `id_cliente`, `descripcion`, `total`, `situacion`, `importe`, `resto`, `id_cot`, `fecha_cot`, `hora_cot`, `fecha`, `hora`, `fecha_sal`, `hora_sal`, `estado`, `est`) VALUES
	(1, 1, 1, 2, 1, 'Primeros registros del sistema', 59.00, 'CANCELADO', 59.00, 0.00, NULL, NULL, NULL, '2025-01-14', '11:45:06', '2025-01-14', '11:45:42', 'ENTREGADO AZAPAMPA', 'H'),
	(2, 2, 1, 2, 2, 'El cliente pagará en la tienda de Huancan', 7882.65, 'POR COBRAR', 0.00, 7882.65, NULL, NULL, NULL, '2025-01-14', '08:53:11', '2025-01-14', '08:53:19', 'ENTREGADO AZAPAMPA', 'H'),
	(3, 3, 1, 2, 1, 'N/A', 20.00, 'CANCELADO', 20.00, 0.00, NULL, NULL, NULL, '2025-01-14', '08:55:34', '2025-01-14', '08:55:40', 'ENTREGADO AZAPAMPA', 'H'),
	(4, 4, 1, 2, 1, 'N/A', 44.40, 'CANCELADO', 44.40, 0.00, NULL, NULL, NULL, '2025-01-14', '08:58:50', '2025-01-14', '08:59:12', 'ENTREGADO AZAPAMPA', 'H'),
	(5, 5, 1, 2, 1, 'N/A', 16.00, 'CANCELADO', 16.00, 0.00, NULL, NULL, NULL, '2025-01-14', '09:35:04', '2025-01-14', '09:37:08', 'ENTREGADO AZAPAMPA', 'H'),
	(6, 6, 1, 2, 1, 'N/A', 35.30, 'CANCELADO', 35.66, 0.00, NULL, NULL, NULL, '2025-01-14', '09:38:20', '2025-01-14', '09:38:27', 'ENTREGADO AZAPAMPA', 'H'),
	(7, 7, 1, 2, 1, 'N/A', 23.00, 'CANCELADO', 23.00, 0.00, NULL, NULL, NULL, '2025-01-14', '09:41:56', '2025-01-14', '09:42:01', 'ENTREGADO AZAPAMPA', 'H'),
	(8, 8, 1, 2, 1, 'N/A', 116.00, 'CANCELADO', 116.00, 0.00, NULL, NULL, NULL, '2025-01-14', '09:43:01', '2025-01-14', '09:43:06', 'ENTREGADO AZAPAMPA', 'H'),
	(9, 9, 1, 2, 1, 'orden 53  15/01', 332.40, 'CANCELADO', 332.40, 0.00, NULL, NULL, NULL, '2025-01-15', '10:05:51', '2025-01-15', '10:06:07', 'ENTREGADO AZAPAMPA', 'H'),
	(10, 10, 1, 2, 1, 'N/A', 2392.25, 'CANCELADO', 2392.25, 0.00, NULL, NULL, NULL, '2025-01-15', '10:21:04', '2025-01-15', '10:21:34', 'ENTREGADO AZAPAMPA', 'H'),
	(11, 11, 1, 2, 1, 'N/A', 70.40, 'CANCELADO', 70.40, 0.00, NULL, NULL, NULL, '2025-01-15', '10:26:23', '2025-01-15', '10:26:30', 'ENTREGADO AZAPAMPA', 'H'),
	(12, 12, 1, 2, 1, 'N/A', 133.50, 'CANCELADO', 133.50, 0.00, NULL, NULL, NULL, '2025-01-15', '17:15:19', '2025-01-15', '17:15:27', 'ENTREGADO AZAPAMPA', 'H'),
	(13, 13, 1, 2, 1, 'N/A', 10.00, 'CANCELADO', 10.00, 0.00, NULL, NULL, NULL, '2025-01-15', '17:51:09', '2025-01-15', '17:51:47', 'ENTREGADO AZAPAMPA', 'H'),
	(14, 14, 1, 2, 1, 'N/A', 6.00, 'CANCELADO', 6.00, 0.00, NULL, NULL, NULL, '2025-01-15', '17:55:57', '2025-01-15', '17:56:07', 'ENTREGADO AZAPAMPA', 'H'),
	(15, 15, 1, 2, 1, 'N/A', 520.00, 'CANCELADO', 520.00, 0.00, NULL, NULL, NULL, '2025-01-15', '17:56:18', '2025-01-15', '17:57:17', 'ENTREGADO AZAPAMPA', 'H'),
	(16, 16, 1, 2, 1, 'N/A', 114.00, 'CANCELADO', 114.00, 0.00, NULL, NULL, NULL, '2025-01-15', '17:57:57', '2025-01-15', '17:58:46', 'ENTREGADO AZAPAMPA', 'H'),
	(17, 17, 1, 2, 1, 'N/A', 37.50, 'CANCELADO', 37.50, 0.00, NULL, NULL, NULL, '2025-01-16', '12:35:24', '2025-01-16', '12:35:31', 'ENTREGADO AZAPAMPA', 'H'),
	(18, 18, 1, 2, 1, 'N/A', 29.50, 'CANCELADO', 29.50, 0.00, NULL, NULL, NULL, '2025-01-16', '12:36:17', '2025-01-16', '12:36:39', 'ENTREGADO AZAPAMPA', 'H'),
	(19, 19, 1, 2, 1, 'N/A', 15.00, 'CANCELADO', 15.00, 0.00, NULL, NULL, NULL, '2025-01-16', '12:41:19', '2025-01-16', '12:41:26', 'ENTREGADO AZAPAMPA', 'H'),
	(20, 20, 1, 2, 1, 'N/A', 590.00, 'CANCELADO', 590.00, 0.00, NULL, NULL, NULL, '2025-01-16', '13:08:07', NULL, NULL, 'VENDIDO', 'H'),
	(21, 21, 1, 2, 1, 'N/A', 74.00, 'CANCELADO', 74.00, 0.00, NULL, NULL, NULL, '2025-01-16', '17:30:15', NULL, NULL, 'VENDIDO', 'H'),
	(22, 22, 1, 2, 3, 'N/A', 1300.00, 'CANCELADO', 1300.00, 0.00, NULL, NULL, NULL, '2025-01-16', '17:31:13', '2025-01-16', '17:32:35', 'ENTREGADO AZAPAMPA', 'H'),
	(23, 23, 1, 2, 1, 'N/A', 59.00, 'CANCELADO', 59.00, 0.00, NULL, NULL, NULL, '2025-01-17', '11:37:07', '2025-01-17', '11:37:14', 'ENTREGADO AZAPAMPA', 'H'),
	(24, 24, 1, 2, 1, 'cancelado con yape y flete cobro carlos 15', 588.70, 'CANCELADO', 588.70, 0.00, NULL, NULL, NULL, '2025-01-17', '12:06:36', '2025-01-17', '12:06:42', 'ENTREGADO AZAPAMPA', 'H'),
	(25, 25, 1, 2, 1, 'cancelado transf caja huancayo', 3910.82, 'CANCELADO', 3910.82, 0.00, NULL, NULL, NULL, '2025-01-17', '12:14:19', '2025-01-17', '12:14:26', 'ENTREGADO AZAPAMPA', 'H'),
	(26, 26, 1, 2, 1, 'N/A', 20.00, 'CANCELADO', 20.00, 0.00, NULL, NULL, NULL, '2025-01-17', '12:15:32', '2025-01-17', '12:15:39', 'ENTREGADO AZAPAMPA', 'H'),
	(27, 27, 1, 2, 1, 'se entrego de lo q tenia en cuaderno', 5102.80, 'CANCELADO', 5102.80, 0.00, NULL, NULL, NULL, '2025-01-17', '12:24:13', '2025-01-17', '12:24:31', 'ENTREGADO AZAPAMPA', 'H'),
	(28, 28, 1, 2, 1, 'N/A', 73.00, 'CANCELADO', 73.00, 0.00, NULL, NULL, NULL, '2025-01-17', '12:27:15', '2025-01-17', '12:27:21', 'ENTREGADO AZAPAMPA', 'H'),
	(29, 29, 1, 2, 1, 'N/A', 106.00, 'CANCELADO', 106.00, 0.00, NULL, NULL, NULL, '2025-01-17', '12:28:06', '2025-01-17', '12:28:17', 'ENTREGADO AZAPAMPA', 'H'),
	(30, 30, 1, 2, 1, 'N/A', 8712.05, 'CANCELADO', 8712.05, 0.00, NULL, NULL, NULL, '2025-01-18', '12:39:19', '2025-01-18', '12:39:25', 'ENTREGADO AZAPAMPA', 'H'),
	(31, 31, 1, 2, 1, 'N/A', 90.00, 'CANCELADO', 90.00, 0.00, NULL, NULL, NULL, '2025-01-18', '12:40:44', '2025-01-18', '12:40:50', 'ENTREGADO AZAPAMPA', 'H'),
	(32, 32, 1, 2, 1, 'N/A', 228.00, 'CANCELADO', 228.00, 0.00, NULL, NULL, NULL, '2025-01-18', '12:42:00', '2025-01-18', '12:42:05', 'ENTREGADO AZAPAMPA', 'H'),
	(33, 33, 1, 2, 1, 'N/A', 14.40, 'CANCELADO', 14.40, 0.00, NULL, NULL, NULL, '2025-01-20', '17:45:04', '2025-01-20', '17:45:25', 'ENTREGADO AZAPAMPA', 'H'),
	(34, 34, 1, 2, 1, 'N/A', 5851.50, 'CANCELADO', 5851.50, 0.00, NULL, NULL, NULL, '2025-01-20', '11:06:29', '2025-01-21', '11:06:37', 'ENTREGADO AZAPAMPA', 'H'),
	(35, 35, 1, 2, 1, 'N/A', 1154.00, 'CANCELADO', 1154.00, 0.00, NULL, NULL, NULL, '2025-01-20', '11:09:55', '2025-01-20', '11:10:01', 'ENTREGADO AZAPAMPA', 'H'),
	(36, 36, 1, 2, 1, 'esta venta es del cuaderno de la venta 27 ,20 de su cuaderno y 18 compro', 180.50, 'CANCELADO', 180.50, 0.00, NULL, NULL, NULL, '2025-01-21', '12:55:17', '2025-01-21', '12:55:23', 'ENTREGADO AZAPAMPA', 'H'),
	(37, 37, 1, 2, 1, 'N/A', 11.00, 'CANCELADO', 11.00, 0.00, NULL, NULL, NULL, '2025-01-18', '12:50:27', '2025-01-18', '12:50:32', 'ENTREGADO AZAPAMPA', 'H'),
	(38, 38, 1, 2, 1, 'N/A', 205.10, 'CANCELADO', 205.10, 0.00, NULL, NULL, NULL, '2025-01-21', '16:24:39', '2025-01-21', '16:24:48', 'ENTREGADO AZAPAMPA', 'H'),
	(39, 39, 1, 2, 1, 'N/A', 37.00, 'CANCELADO', 37.00, 0.00, NULL, NULL, NULL, '2025-01-21', '16:27:26', '2025-01-21', '16:27:32', 'ENTREGADO AZAPAMPA', 'H'),
	(40, 40, 1, 2, 1, 'cancelado con yape', 9.00, 'CANCELADO', 9.00, 0.00, NULL, NULL, NULL, '2025-01-21', '16:28:37', '2025-01-21', '16:28:44', 'ENTREGADO AZAPAMPA', 'H'),
	(41, 41, 1, 2, 1, 'N/A', 53.00, 'CANCELADO', 53.00, 0.00, NULL, NULL, NULL, '2025-01-21', '16:29:45', '2025-01-21', '16:29:52', 'ENTREGADO AZAPAMPA', 'H'),
	(42, 42, 1, 2, 1, 'N/A', 53.00, 'CANCELADO', 53.00, 0.00, NULL, NULL, NULL, '2025-01-21', '16:30:44', '2025-01-21', '16:30:55', 'ENTREGADO AZAPAMPA', 'H'),
	(43, 43, 1, 2, 1, 'N/A', 38.00, 'CANCELADO', 38.00, 0.00, NULL, NULL, NULL, '2025-01-21', '16:44:35', '2025-01-21', '16:46:15', 'ENTREGADO AZAPAMPA', 'H'),
	(44, 44, 1, 2, 1, 'N/A', 53.00, 'CANCELADO', 53.00, 0.00, NULL, NULL, NULL, '2025-01-21', '16:47:20', '2025-01-21', '16:47:42', 'ENTREGADO AZAPAMPA', 'H'),
	(45, 45, 1, 2, 1, 'N/A', 296.50, 'CANCELADO', 296.50, 0.00, NULL, NULL, NULL, '2025-01-21', '16:53:47', '2025-01-21', '16:53:52', 'ENTREGADO AZAPAMPA', 'H'),
	(46, 46, 1, 2, 1, 'PAGARA MAÑANA 23', 608.70, 'POR COBRAR', 0.00, 608.70, NULL, NULL, NULL, '2025-01-22', '17:10:19', NULL, NULL, 'ANULADO', 'D'),
	(47, 47, 1, 2, 1, '624 CANCELO Y ES COMPRA DE 20-01', 2624.50, 'CANCELADO', 2624.50, 0.00, NULL, NULL, NULL, '2025-01-22', '17:35:17', '2025-01-22', '17:35:28', 'ENTREGADO AZAPAMPA', 'H'),
	(48, 48, 1, 2, 1, 'N/A', 782.60, 'CANCELADO', 782.60, 0.00, NULL, NULL, NULL, '2025-01-22', '17:40:11', '2025-01-22', '17:40:22', 'ENTREGADO AZAPAMPA', 'H'),
	(49, 49, 1, 2, 3, 'N/A', 520.00, 'CANCELADO', 520.00, 0.00, NULL, NULL, NULL, '2025-01-22', '17:41:00', '2025-01-22', '17:41:07', 'ENTREGADO AZAPAMPA', 'H'),
	(50, 50, 1, 2, 1, 'N/A', 16.00, 'CANCELADO', 16.00, 0.00, NULL, NULL, NULL, '2025-01-22', '17:42:11', '2025-01-22', '17:42:16', 'ENTREGADO AZAPAMPA', 'H'),
	(51, 51, 1, 2, 1, 'N/A', 4.00, 'CANCELADO', 4.00, 0.00, NULL, NULL, NULL, '2025-01-22', '17:47:32', '2025-01-22', '17:47:37', 'ENTREGADO AZAPAMPA', 'H'),
	(52, 52, 1, 2, 1, 'N/A', 295.00, 'CANCELADO', 295.00, 0.00, NULL, NULL, NULL, '2025-01-22', '17:53:48', '2025-01-22', '17:53:54', 'ENTREGADO AZAPAMPA', 'H'),
	(53, 53, 1, 2, 1, 'CANCELARA EN TIENDA HUANCAN', 1303.80, 'CANCELADO', 1303.80, 0.00, NULL, NULL, NULL, '2025-01-22', '17:55:02', '2025-01-22', '17:55:12', 'ENTREGADO AZAPAMPA', 'H'),
	(54, 54, 1, 2, 1, 'N/A', 53.50, 'CANCELADO', 53.50, 0.00, NULL, NULL, NULL, '2025-01-22', '17:56:36', '2025-01-22', '17:56:41', 'ENTREGADO AZAPAMPA', 'H'),
	(55, 55, 1, 2, 1, 'N/A', 1930.50, 'CANCELADO', 1930.50, 0.00, NULL, NULL, NULL, '2025-01-23', '12:49:07', '2025-01-23', '12:49:15', 'ENTREGADO AZAPAMPA', 'H'),
	(56, 56, 1, 2, 1, 'N/A', 53.00, 'CANCELADO', 53.00, 0.00, NULL, NULL, NULL, '2025-01-23', '12:50:13', NULL, NULL, 'VENDIDO', 'H'),
	(57, 57, 1, 2, 2, 'cancelara en tienda huancan', 152.20, 'POR COBRAR', 0.00, 152.20, NULL, NULL, NULL, '2025-01-23', '12:54:39', '2025-01-23', '12:54:48', 'ENTREGADO AZAPAMPA', 'H'),
	(58, 58, 1, 2, 1, 'cancelado con yape', 62.30, 'CANCELADO', 62.30, 0.00, NULL, NULL, NULL, '2025-01-23', '12:56:38', '2025-01-23', '12:56:55', 'ENTREGADO AZAPAMPA', 'H'),
	(59, 59, 1, 2, 3, 'N/A', 780.00, 'CANCELADO', 780.00, 0.00, NULL, NULL, NULL, '2025-01-23', '12:57:43', '2025-01-23', '12:57:59', 'ENTREGADO AZAPAMPA', 'H'),
	(60, 60, 1, 2, 1, 'N/A', 125.00, 'CANCELADO', 125.00, 0.00, NULL, NULL, NULL, '2025-01-23', '12:58:35', '2025-01-23', '12:58:41', 'ENTREGADO AZAPAMPA', 'H'),
	(61, 62, 1, 2, 1, 'falta entregar', 15200.00, 'CANCELADO', 15200.00, 0.00, NULL, NULL, NULL, '2025-01-23', '13:00:34', NULL, NULL, 'VENDIDO', 'H'),
	(62, 62, 1, 2, 1, 'N/A', 1763.50, 'CANCELADO', 1763.50, 0.00, NULL, NULL, NULL, '2025-01-23', '13:02:00', '2025-01-23', '13:02:05', 'ENTREGADO AZAPAMPA', 'H'),
	(63, 63, 1, 2, 1, 'cancelado con yape ', 34.50, 'CANCELADO', 34.50, 0.00, NULL, NULL, NULL, '2025-01-23', '16:35:16', '2025-01-23', '16:35:23', 'ENTREGADO AZAPAMPA', 'H'),
	(64, 64, 1, 2, 1, 'N/A', 350.50, 'CANCELADO', 350.50, 0.00, NULL, NULL, NULL, '2025-01-23', '16:37:37', '2025-01-23', '16:37:42', 'ENTREGADO AZAPAMPA', 'H'),
	(65, 65, 1, 2, 1, 'N/A', 320.70, 'CANCELADO', 320.70, 0.00, NULL, NULL, NULL, '2025-01-23', '17:07:14', '2025-01-23', '17:07:20', 'ENTREGADO AZAPAMPA', 'H'),
	(66, 66, 1, 2, 1, 'N/A', 10.00, 'CANCELADO', 10.00, 0.00, NULL, NULL, NULL, '2025-01-23', '17:08:10', '2025-01-23', '17:08:16', 'ENTREGADO AZAPAMPA', 'H'),
	(67, 67, 1, 2, 1, 'salio, no se puso nota de venta x q se olvido hacer nota de venta', 26.50, 'CANCELADO', 26.50, 0.00, NULL, NULL, NULL, '2025-01-23', '17:40:53', '2025-01-23', '17:41:11', 'ENTREGADO AZAPAMPA', 'H'),
	(68, 68, 1, 2, 1, 'N/A', 53.00, 'CANCELADO', 53.00, 0.00, NULL, NULL, NULL, '2025-01-24', '16:02:25', '2025-01-24', '16:02:33', 'ENTREGADO AZAPAMPA', 'H'),
	(69, 69, 1, 2, 1, 'N/A', 77.60, 'CANCELADO', 77.60, 0.00, NULL, NULL, NULL, '2025-01-24', '16:03:30', '2025-01-24', '16:03:36', 'ENTREGADO AZAPAMPA', 'H'),
	(70, 70, 1, 2, 1, 'N/A', 19.00, 'CANCELADO', 19.00, 0.00, NULL, NULL, NULL, '2025-01-24', '16:05:18', '2025-01-24', '16:05:25', 'ENTREGADO AZAPAMPA', 'H'),
	(71, 71, 1, 2, 4, 'CANCELADO 1100 CAJA HYO Y 1500 BCP', 2600.00, 'CANCELADO', 2600.00, 0.00, NULL, NULL, NULL, '2025-01-24', '16:23:37', '2025-01-24', '16:23:43', 'ENTREGADO AZAPAMPA', 'H'),
	(72, 72, 1, 2, 1, 'N/A', 415.60, 'CANCELADO', 415.60, 0.00, NULL, NULL, NULL, '2025-01-24', '16:32:33', '2025-01-24', '16:32:43', 'ENTREGADO AZAPAMPA', 'H'),
	(73, 73, 1, 2, 1, 'N/A', 113.00, 'CANCELADO', 113.00, 0.00, NULL, NULL, NULL, '2025-01-24', '16:56:32', '2025-01-24', '16:56:40', 'ENTREGADO AZAPAMPA', 'H'),
	(74, 74, 1, 2, 1, 'cancelado con yape', 67.50, 'CANCELADO', 67.50, 0.00, NULL, NULL, NULL, '2025-01-24', '16:59:01', '2025-01-24', '16:59:06', 'ENTREGADO AZAPAMPA', 'H'),
	(75, 75, 1, 2, 1, 'N/A', 895.00, 'CANCELADO', 895.00, 0.00, NULL, NULL, NULL, '2025-01-24', '17:03:08', '2025-01-24', '17:03:17', 'ENTREGADO AZAPAMPA', 'H'),
	(76, 76, 1, 2, 1, 'N/A', 53.00, 'CANCELADO', 53.00, 0.00, NULL, NULL, NULL, '2025-01-25', '11:55:50', '2025-01-25', '11:55:56', 'ENTREGADO AZAPAMPA', 'H'),
	(77, 77, 1, 2, 1, 'N/A', 116.50, 'CANCELADO', 116.50, 0.00, NULL, NULL, NULL, '2025-01-25', '12:02:03', '2025-01-25', '12:02:15', 'ENTREGADO AZAPAMPA', 'H'),
	(78, 78, 1, 2, 1, 'N/A', 1475.00, 'CANCELADO', 1475.00, 0.00, NULL, NULL, NULL, '2025-01-25', '12:03:01', NULL, NULL, 'VENDIDO', 'H'),
	(79, 79, 1, 2, 1, 'N/A', 1205.05, 'CANCELADO', 1205.05, 0.00, NULL, NULL, NULL, '2025-01-25', '12:04:40', '2025-01-25', '12:04:47', 'ENTREGADO AZAPAMPA', 'H'),
	(80, 80, 1, 2, 1, 'N/A', 10.00, 'CANCELADO', 10.00, 0.00, NULL, NULL, NULL, '2025-01-25', '12:05:48', '2025-01-25', '12:05:54', 'ENTREGADO AZAPAMPA', 'H'),
	(81, 81, 1, 2, 1, 'N/A', 1.50, 'CANCELADO', 1.50, 0.00, NULL, NULL, NULL, '2025-01-25', '12:06:28', '2025-01-25', '12:06:33', 'ENTREGADO AZAPAMPA', 'H'),
	(82, 82, 1, 2, 1, 'N/A', 50.00, 'CANCELADO', 50.00, 0.00, NULL, NULL, NULL, '2025-01-25', '12:08:26', '2025-01-25', '12:08:39', 'ENTREGADO AZAPAMPA', 'H'),
	(83, 83, 1, 2, 1, 'N/A', 29.50, 'CANCELADO', 29.50, 0.00, NULL, NULL, NULL, '2025-01-25', '12:09:22', '2025-01-25', '12:09:29', 'ENTREGADO AZAPAMPA', 'H'),
	(84, 84, 1, 2, 1, 'este producto se llevo para la sra roxana el dia q no vino doris', 4584.80, 'CANCELADO', 4584.80, 0.00, NULL, NULL, NULL, '2025-01-25', '12:11:22', '2025-01-25', '12:11:28', 'ENTREGADO AZAPAMPA', 'H'),
	(85, 85, 1, 2, 1, 'F E Y L AGREGADOS DEBE 10', 110.00, 'A CUENTA', 100.00, 10.00, NULL, NULL, NULL, '2025-01-25', '12:14:03', '2025-01-25', '12:14:20', 'ENTREGADO AZAPAMPA', 'H'),
	(86, 86, 1, 2, 1, 'el vuelto se dio en yape tienda huancan', 100.00, 'CANCELADO', 100.00, 0.00, NULL, NULL, NULL, '2025-01-27', '16:13:38', '2025-01-27', '16:13:42', 'ENTREGADO AZAPAMPA', 'H'),
	(87, 87, 1, 2, 1, 'obra azapampa', 170.84, 'CANCELADO', 170.84, 0.00, NULL, NULL, NULL, '2025-01-27', '16:22:53', '2025-01-27', '16:23:06', 'ENTREGADO AZAPAMPA', 'H'),
	(88, 88, 1, 2, 1, 'N/A', 442.50, 'CANCELADO', 442.50, 0.00, NULL, NULL, NULL, '2025-01-27', '16:26:51', NULL, NULL, 'VENDIDO', 'H'),
	(89, 89, 1, 2, 1, 'N/A', 16.00, 'CANCELADO', 16.00, 0.00, NULL, NULL, NULL, '2025-01-27', '16:28:19', '2025-01-28', '10:50:31', 'ENTREGADO AZAPAMPA', 'H'),
	(90, 90, 1, 2, 1, 'N/A', 22.00, 'CANCELADO', 22.00, 0.00, NULL, NULL, NULL, '2025-01-27', '16:33:07', '2025-01-27', '16:33:16', 'ENTREGADO AZAPAMPA', 'H'),
	(91, 91, 1, 2, 1, 'N/A', 10.00, 'CANCELADO', 10.00, 0.00, NULL, NULL, NULL, '2025-01-27', '16:34:08', '2025-01-27', '16:34:11', 'ENTREGADO AZAPAMPA', 'H'),
	(92, 92, 1, 2, 1, '', 639.29, 'CANCELADO', 639.29, 0.00, NULL, NULL, NULL, '2025-01-28', '10:45:38', '2025-01-28', '10:45:44', 'ENTREGADO AZAPAMPA', 'H'),
	(93, 93, 1, 2, 1, 'N/A', 113.30, 'CANCELADO', 113.30, 0.00, NULL, NULL, NULL, '2025-01-28', '16:42:00', '2025-01-28', '16:46:07', 'ENTREGADO AZAPAMPA', 'H'),
	(94, 94, 1, 2, 1, 'N/A', 193.00, 'CANCELADO', 193.00, 0.00, NULL, NULL, NULL, '2025-01-28', '16:44:46', '2025-01-28', '16:44:50', 'ENTREGADO AZAPAMPA', 'H'),
	(95, 95, 1, 2, 1, 'N/A', 30.00, 'CANCELADO', 30.00, 0.00, NULL, NULL, NULL, '2025-01-28', '16:50:40', '2025-01-29', '16:38:43', 'ENTREGADO AZAPAMPA', 'H'),
	(96, 96, 1, 2, 1, 'N/A', 788.00, 'CANCELADO', 788.00, 0.00, NULL, NULL, NULL, '2025-01-29', '14:55:52', '2025-01-29', '14:55:57', 'ENTREGADO AZAPAMPA', 'H'),
	(97, 97, 1, 2, 1, 'f norma', 1100.00, 'CANCELADO', 1100.00, 0.00, NULL, NULL, NULL, '2025-01-29', '15:15:55', '2025-01-29', '15:16:07', 'ANULADO', 'D'),
	(98, 98, 1, 2, 1, 'N/A', 31.50, 'CANCELADO', 31.50, 0.00, NULL, NULL, NULL, '2025-01-29', '15:19:14', '2025-01-29', '15:19:20', 'ENTREGADO AZAPAMPA', 'H'),
	(99, 99, 1, 2, 1, 'N/A', 22.50, 'CANCELADO', 22.50, 0.00, NULL, NULL, NULL, '2025-01-29', '15:53:52', '2025-01-29', '15:53:59', 'ENTREGADO AZAPAMPA', 'H'),
	(100, 100, 1, 2, 1, 'N/A', 95.00, 'CANCELADO', 95.00, 0.00, NULL, NULL, NULL, '2025-01-29', '15:56:45', '2025-01-29', '15:56:51', 'ENTREGADO AZAPAMPA', 'H'),
	(101, 101, 1, 2, 1, 'N/A', 141.62, 'CANCELADO', 141.62, 0.00, NULL, NULL, NULL, '2025-01-29', '16:01:31', '2025-01-29', '16:01:37', 'ENTREGADO AZAPAMPA', 'H'),
	(102, 102, 1, 2, 1, 'N/A', 1.00, 'CANCELADO', 1.00, 0.00, NULL, NULL, NULL, '2025-01-29', '16:03:16', '2025-01-29', '16:03:22', 'ENTREGADO AZAPAMPA', 'H'),
	(103, 103, 1, 2, 1, 'N/A', 3642.00, 'CANCELADO', 3642.00, 0.00, NULL, NULL, NULL, '2025-01-29', '16:16:16', '2025-01-29', '16:16:25', 'ENTREGADO AZAPAMPA', 'H'),
	(104, 104, 1, 2, 1, 'N/A', 1880.00, 'CANCELADO', 1880.00, 0.00, NULL, NULL, NULL, '2025-01-29', '16:18:59', '2025-01-29', '16:19:06', 'ENTREGADO AZAPAMPA', 'H'),
	(105, 105, 1, 2, 1, 'N/A', 118.00, 'CANCELADO', 118.00, 0.00, NULL, NULL, NULL, '2025-01-29', '16:20:57', '2025-01-29', '16:21:00', 'ENTREGADO AZAPAMPA', 'H'),
	(106, 106, 1, 2, 1, 'obra azapampa', 315.00, 'POR COBRAR', 0.00, 315.00, NULL, NULL, NULL, '2025-01-29', '16:22:41', '2025-01-29', '16:22:46', 'ENTREGADO AZAPAMPA', 'H'),
	(107, 107, 1, 2, 1, 'N/A', 293.00, 'CANCELADO', 293.00, 0.00, NULL, NULL, NULL, '2025-01-30', '14:32:00', '2025-01-30', '14:32:05', 'ENTREGADO AZAPAMPA', 'H'),
	(108, 108, 1, 2, 1, 'N/A', 29.50, 'CANCELADO', 29.50, 0.00, NULL, NULL, NULL, '2025-01-30', '14:33:33', '2025-01-30', '14:33:39', 'ENTREGADO AZAPAMPA', 'H'),
	(109, 109, 1, 2, 1, 'N/A', 4.00, 'CANCELADO', 4.00, 0.00, NULL, NULL, NULL, '2025-01-30', '14:37:56', '2025-01-30', '14:37:59', 'ENTREGADO AZAPAMPA', 'H'),
	(110, 110, 1, 2, 1, 'N/A', 10.00, 'CANCELADO', 10.00, 0.00, NULL, NULL, NULL, '2025-01-30', '14:42:15', '2025-01-30', '14:42:19', 'ENTREGADO AZAPAMPA', 'H'),
	(111, 111, 1, 2, 1, 'N/A', 35.00, 'CANCELADO', 35.00, 0.00, NULL, NULL, NULL, '2025-01-30', '14:43:21', '2025-01-30', '14:43:24', 'ENTREGADO AZAPAMPA', 'H'),
	(112, 112, 1, 2, 1, 'N/A', 910.00, 'CANCELADO', 910.00, 0.00, NULL, NULL, NULL, '2025-01-30', '14:44:17', '2025-01-30', '14:44:24', 'ENTREGADO AZAPAMPA', 'H'),
	(113, 113, 1, 2, 1, 'N/A', 4365.00, 'CANCELADO', 4365.00, 0.00, NULL, NULL, NULL, '2025-01-30', '17:16:40', '2025-01-30', '17:16:46', 'ENTREGADO AZAPAMPA', 'H'),
	(114, 114, 1, 2, 1, 'N/A', 450.00, 'CANCELADO', 450.00, 0.00, NULL, NULL, NULL, '2025-01-30', '17:17:43', '2025-01-30', '17:17:47', 'ENTREGADO AZAPAMPA', 'H'),
	(115, 115, 1, 2, 1, 'N/A', 29.50, 'CANCELADO', 29.50, 0.00, NULL, NULL, NULL, '2025-01-30', '17:18:31', '2025-01-30', '17:18:35', 'ENTREGADO AZAPAMPA', 'H'),
	(116, 116, 1, 2, 1, 'N/A', 1694.00, 'CANCELADO', 1694.00, 0.00, NULL, NULL, NULL, '2025-01-30', '17:26:44', '2025-01-30', '17:26:50', 'ENTREGADO AZAPAMPA', 'H'),
	(117, 117, 1, 2, 1, 'N/A', 5.00, 'CANCELADO', 5.00, 0.00, NULL, NULL, NULL, '2025-01-30', '17:27:35', '2025-01-30', '17:27:39', 'ENTREGADO AZAPAMPA', 'H'),
	(118, 118, 1, 2, 1, 'N/A', 15.00, 'CANCELADO', 15.00, 0.00, NULL, NULL, NULL, '2025-01-30', '17:37:00', '2025-01-30', '17:37:03', 'ENTREGADO AZAPAMPA', 'H'),
	(119, 119, 1, 2, 1, 'N/A', 31.10, 'CANCELADO', 31.10, 0.00, NULL, NULL, NULL, '2025-01-31', '09:10:37', '2025-01-31', '09:10:45', 'ENTREGADO AZAPAMPA', 'H'),
	(120, 120, 1, 2, 1, 'N/A', 2.50, 'CANCELADO', 2.50, 0.00, NULL, NULL, NULL, '2025-01-31', '09:11:37', '2025-01-31', '09:11:49', 'ENTREGADO AZAPAMPA', 'H'),
	(121, 121, 1, 2, 1, 'N/A', 40.00, 'CANCELADO', 40.00, 0.00, NULL, NULL, NULL, '2025-01-31', '09:22:33', '2025-01-31', '09:22:39', 'ENTREGADO AZAPAMPA', 'H'),
	(122, 122, 1, 2, 1, 'N/A', 230.00, 'CANCELADO', 230.00, 0.00, NULL, NULL, NULL, '2025-01-31', '09:23:35', '2025-01-31', '09:23:41', 'ENTREGADO AZAPAMPA', 'H'),
	(123, 123, 1, 2, 1, 'N/A', 18.00, 'CANCELADO', 18.00, 0.00, NULL, NULL, NULL, '2025-02-01', '12:32:48', '2025-02-01', '12:32:52', 'ENTREGADO AZAPAMPA', 'H'),
	(124, 124, 1, 2, 1, 'obra azapampa carlos', 46.50, 'CANCELADO', 46.50, 0.00, NULL, NULL, NULL, '2025-02-01', '12:37:14', '2025-02-01', '12:37:17', 'ENTREGADO AZAPAMPA', 'H'),
	(125, 125, 1, 2, 1, 'N/A', 921.50, 'CANCELADO', 921.50, 0.00, NULL, NULL, NULL, '2025-02-03', '17:11:26', '2025-02-03', '17:11:37', 'ENTREGADO AZAPAMPA', 'H'),
	(126, 126, 1, 2, 1, 'cuaderno descuento ya cancelado en cuenta anterior', 2900.00, 'CANCELADO', 2900.00, 0.00, NULL, NULL, NULL, '2025-02-03', '17:16:21', NULL, NULL, 'VENDIDO', 'H'),
	(127, 127, 1, 2, 1, '0.40 SE PAGO EN EFECTIVO', 28.00, 'CANCELADO', 28.00, 0.00, NULL, NULL, NULL, '2025-02-03', '17:22:42', '2025-02-03', '17:22:53', 'ENTREGADO AZAPAMPA', 'H'),
	(128, 128, 1, 2, 1, 'N/A', 117.20, 'CANCELADO', 117.20, 0.00, NULL, NULL, NULL, '2025-02-03', '17:24:11', '2025-02-03', '17:24:17', 'ENTREGADO AZAPAMPA', 'H'),
	(129, 129, 1, 2, 1, 'N/A', 3.00, 'CANCELADO', 3.00, 0.00, NULL, NULL, NULL, '2025-02-03', '17:26:24', '2025-02-03', '17:26:31', 'ENTREGADO AZAPAMPA', 'H'),
	(130, 130, 1, 2, 1, 'N/A', 9455.00, 'CANCELADO', 9455.00, 0.00, NULL, NULL, NULL, '2025-02-03', '17:30:07', NULL, NULL, 'VENDIDO', 'H'),
	(131, 131, 1, 2, 1, 'N/A', 28.00, 'CANCELADO', 28.00, 0.00, NULL, NULL, NULL, '2025-02-04', '15:51:09', '2025-02-04', '15:51:16', 'ENTREGADO AZAPAMPA', 'H'),
	(132, 132, 1, 2, 1, 'N/A', 353.00, 'CANCELADO', 353.00, 0.00, NULL, NULL, NULL, '2025-02-04', '15:52:05', '2025-02-04', '15:52:11', 'ENTREGADO AZAPAMPA', 'H'),
	(133, 133, 1, 2, 1, 'N/A', 358.00, 'CANCELADO', 358.00, 0.00, NULL, NULL, NULL, '2025-02-04', '15:53:29', '2025-02-04', '15:53:35', 'ENTREGADO AZAPAMPA', 'H'),
	(134, 134, 1, 2, 1, 'N/A', 26.00, 'CANCELADO', 26.00, 0.00, NULL, NULL, NULL, '2025-02-04', '15:54:30', '2025-02-04', '15:54:35', 'ENTREGADO AZAPAMPA', 'H'),
	(135, 135, 1, 2, 1, 'OBRA AZAPAMPA ', 96.00, 'CANCELADO', 96.00, 0.00, NULL, NULL, NULL, '2025-02-04', '15:57:19', '2025-02-04', '15:57:31', 'ENTREGADO AZAPAMPA', 'H'),
	(136, 136, 1, 2, 1, 'N/A', 26.50, 'CANCELADO', 26.50, 0.00, NULL, NULL, NULL, '2025-02-04', '17:19:59', '2025-02-04', '17:20:10', 'ENTREGADO AZAPAMPA', 'H'),
	(137, 137, 1, 2, 1, 'obra azapampa carlos', 297.50, 'CANCELADO', 297.50, 0.00, NULL, NULL, NULL, '2025-02-05', '12:34:17', '2025-02-06', '12:12:29', 'ENTREGADO AZAPAMPA', 'H'),
	(138, 138, 1, 2, 1, 'N/A', 3.00, 'CANCELADO', 3.00, 0.00, NULL, NULL, NULL, '2025-02-05', '12:35:07', '2025-02-05', '12:35:12', 'ENTREGADO AZAPAMPA', 'H'),
	(139, 139, 1, 2, 1, '', 504.00, 'CANCELADO', 504.00, 0.00, NULL, NULL, NULL, '2025-02-05', '12:37:49', '2025-02-05', '12:37:52', 'ENTREGADO AZAPAMPA', 'H'),
	(140, 140, 1, 2, 1, 'N/A', 1173.15, 'CANCELADO', 1173.15, 0.00, NULL, NULL, NULL, '2025-02-05', '17:26:09', NULL, NULL, 'VENDIDO', 'H'),
	(141, 141, 1, 2, 1, 'incluido flete de 20', 164.10, 'CANCELADO', 164.10, 0.00, NULL, NULL, NULL, '2025-02-05', '17:27:21', '2025-02-05', '17:27:27', 'ENTREGADO AZAPAMPA', 'H'),
	(142, 142, 1, 2, 1, 'N/A', 450.00, 'CANCELADO', 450.00, 0.00, NULL, NULL, NULL, '2025-02-05', '17:28:24', '2025-02-05', '17:28:28', 'ENTREGADO AZAPAMPA', 'H'),
	(143, 143, 1, 2, 1, 'N/A', 4410.00, 'A CUENTA', 3250.00, 1160.00, NULL, NULL, NULL, '2025-02-05', '18:00:01', NULL, NULL, 'VENDIDO', 'H'),
	(144, 144, 1, 2, 1, 'N/A', 27.00, 'CANCELADO', 27.00, 0.00, NULL, NULL, NULL, '2025-02-06', '16:34:57', '2025-02-06', '16:35:03', 'ENTREGADO AZAPAMPA', 'H'),
	(145, 145, 1, 2, 1, 'N/A', 29.50, 'CANCELADO', 29.50, 0.00, NULL, NULL, NULL, '2025-02-06', '16:35:38', '2025-02-06', '16:35:43', 'ENTREGADO AZAPAMPA', 'H'),
	(146, 146, 1, 2, 1, 'F SOLANO', 174.32, 'CANCELADO', 174.32, 0.00, NULL, NULL, NULL, '2025-02-06', '16:37:17', '2025-02-06', '16:37:27', 'ENTREGADO AZAPAMPA', 'H'),
	(147, 147, 1, 2, 1, 'N/A', 580.00, 'CANCELADO', 580.00, 0.00, NULL, NULL, NULL, '2025-02-06', '16:38:09', '2025-02-06', '16:38:16', 'ENTREGADO AZAPAMPA', 'H'),
	(148, 148, 1, 2, 1, 'N/A', 145.00, 'CANCELADO', 145.00, 0.00, NULL, NULL, NULL, '2025-02-06', '16:39:05', '2025-02-06', '16:39:12', 'ENTREGADO AZAPAMPA', 'H'),
	(149, 149, 1, 2, 1, 'N/A', 4.00, 'CANCELADO', 4.00, 0.00, NULL, NULL, NULL, '2025-02-06', '16:39:45', '2025-02-06', '16:40:21', 'ENTREGADO AZAPAMPA', 'H'),
	(150, 150, 1, 2, 1, 'N/A', 19.00, 'CANCELADO', 19.00, 0.00, NULL, NULL, NULL, '2025-02-06', '16:41:59', '2025-02-06', '16:42:06', 'ENTREGADO AZAPAMPA', 'H'),
	(151, 151, 1, 2, 6, 'N/A', 2900.00, 'CANCELADO', 2900.00, 0.00, NULL, NULL, NULL, '2025-02-06', '16:50:23', '2025-02-06', '16:50:28', 'ENTREGADO AZAPAMPA', 'H'),
	(152, 152, 1, 2, 1, 'N/A', 17.00, 'CANCELADO', 17.00, 0.00, NULL, NULL, NULL, '2025-02-06', '16:51:52', '2025-02-06', '16:51:58', 'ENTREGADO AZAPAMPA', 'H'),
	(153, 153, 1, 2, 1, 'N/A', 116.00, 'CANCELADO', 116.00, 0.00, NULL, NULL, NULL, '2025-02-07', '17:46:23', '2025-02-07', '17:46:27', 'ENTREGADO AZAPAMPA', 'H'),
	(154, 153, 1, 2, 1, 'N/A', 350.00, 'CANCELADO', 350.00, 0.00, NULL, NULL, NULL, '2025-02-07', '17:50:23', '2025-02-07', '17:50:30', 'ENTREGADO AZAPAMPA', 'H'),
	(155, 155, 1, 2, 3, 'N/A', 520.00, 'CANCELADO', 520.00, 0.00, NULL, NULL, NULL, '2025-02-07', '17:51:05', '2025-02-07', '17:51:08', 'ENTREGADO AZAPAMPA', 'H'),
	(156, 156, 1, 2, 1, 'N/A', 30.00, 'CANCELADO', 30.00, 0.00, NULL, NULL, NULL, '2025-02-07', '17:52:12', '2025-02-07', '17:52:26', 'ENTREGADO AZAPAMPA', 'H'),
	(157, 157, 1, 2, 1, 'N/A', 1484.20, 'CANCELADO', 1484.20, 0.00, NULL, NULL, NULL, '2025-02-07', '17:53:39', '2025-02-07', '17:53:44', 'ENTREGADO AZAPAMPA', 'H'),
	(158, 158, 1, 2, 1, 'N/A', 29.50, 'CANCELADO', 29.50, 0.00, NULL, NULL, NULL, '2025-02-07', '17:54:12', '2025-02-07', '17:54:15', 'ENTREGADO AZAPAMPA', 'H'),
	(159, 159, 1, 2, 1, 'DEVO VUELTO 1.00', 95.00, 'CANCELADO', 95.00, 0.00, NULL, NULL, NULL, '2025-02-07', '17:55:04', '2025-02-07', '17:55:07', 'ENTREGADO AZAPAMPA', 'H'),
	(160, 160, 1, 2, 1, 'N/A', 3251.00, 'CANCELADO', 3251.00, 0.00, NULL, NULL, NULL, '2025-02-07', '17:57:39', '2025-02-07', '17:57:52', 'ENTREGADO AZAPAMPA', 'H'),
	(161, 161, 1, 2, 1, 'N/A', 280.00, 'CANCELADO', 280.00, 0.00, NULL, NULL, NULL, '2025-02-07', '17:58:21', '2025-02-07', '17:58:24', 'ENTREGADO AZAPAMPA', 'H'),
	(162, 162, 1, 2, 1, 'F E Y L AGREGADOS', 279.35, 'CANCELADO', 279.35, 0.00, NULL, NULL, NULL, '2025-02-07', '08:36:00', '2025-02-07', '08:36:06', 'ENTREGADO AZAPAMPA', 'H'),
	(163, 163, 1, 2, 1, 'N/A', 626.40, 'CANCELADO', 626.40, 0.00, NULL, NULL, NULL, '2025-02-07', '08:37:03', '2025-02-07', '08:37:08', 'ENTREGADO AZAPAMPA', 'H'),
	(164, 164, 1, 2, 1, 'SALIDA A TIENDA HUANCAN', 234.00, 'CANCELADO', 234.00, 0.00, NULL, NULL, NULL, '2025-02-07', '08:39:01', '2025-02-07', '08:39:06', 'ENTREGADO AZAPAMPA', 'H'),
	(165, 165, 1, 2, 1, 'N/A', 1061.20, 'CANCELADO', 1061.20, 0.00, NULL, NULL, NULL, '2025-02-07', '08:41:43', '2025-02-07', '08:42:27', 'ENTREGADO AZAPAMPA', 'H'),
	(166, 166, 1, 2, 1, 'N/A', 1073.00, 'CANCELADO', 1073.00, 0.00, NULL, NULL, NULL, '2025-02-07', '08:44:39', '2025-02-07', '08:44:45', 'ENTREGADO AZAPAMPA', 'H'),
	(167, 167, 1, 2, 7, 'N/A', 295.00, 'CANCELADO', 295.00, 0.00, NULL, NULL, NULL, '2025-02-07', '08:48:27', '2025-02-07', '08:48:31', 'ENTREGADO AZAPAMPA', 'H'),
	(168, 168, 1, 2, 1, 'N/A', 3.00, 'CANCELADO', 3.00, 0.00, NULL, NULL, NULL, '2025-02-07', '08:49:08', '2025-02-07', '08:49:13', 'ENTREGADO AZAPAMPA', 'H'),
	(169, 169, 1, 2, 1, 'N/A', 25.00, 'CANCELADO', 25.00, 0.00, NULL, NULL, NULL, '2025-02-07', '08:49:56', '2025-02-07', '08:50:00', 'ENTREGADO AZAPAMPA', 'H'),
	(170, 170, 1, 2, 1, 'N/A', 70.00, 'CANCELADO', 70.00, 0.00, NULL, NULL, NULL, '2025-02-07', '08:51:20', '2025-02-07', '08:51:25', 'ENTREGADO AZAPAMPA', 'H'),
	(171, 171, 1, 2, 1, 'N/A', 88.50, 'CANCELADO', 88.50, 0.00, NULL, NULL, NULL, '2025-02-07', '08:52:07', '2025-02-07', '08:52:11', 'ENTREGADO AZAPAMPA', 'H'),
	(172, 172, 1, 2, 1, 'N/A', 2006.10, 'CANCELADO', 2006.10, 0.00, NULL, NULL, NULL, '2025-02-08', '12:33:46', '2025-02-08', '12:33:52', 'ENTREGADO AZAPAMPA', 'H'),
	(173, 173, 1, 2, 1, 'N/A', 30.00, 'CANCELADO', 30.00, 0.00, NULL, NULL, NULL, '2025-02-10', '09:42:37', '2025-02-10', '09:49:14', 'ENTREGADO AZAPAMPA', 'H'),
	(174, 174, 1, 2, 1, 'N/A', 55.30, 'CANCELADO', 55.30, 0.00, NULL, NULL, NULL, '2025-02-10', '16:32:11', '2025-02-10', '16:32:16', 'ENTREGADO AZAPAMPA', 'H'),
	(175, 175, 1, 2, 1, 'N/A', 10.00, 'CANCELADO', 10.00, 0.00, NULL, NULL, NULL, '2025-02-10', '16:33:31', '2025-02-10', '16:33:35', 'ENTREGADO AZAPAMPA', 'H'),
	(176, 176, 1, 2, 1, 'N/A', 46.00, 'CANCELADO', 46.00, 0.00, NULL, NULL, NULL, '2025-02-10', '16:34:09', '2025-02-10', '16:34:12', 'ENTREGADO AZAPAMPA', 'H'),
	(177, 177, 1, 2, 1, 'N/A', 3.00, 'CANCELADO', 3.00, 0.00, NULL, NULL, NULL, '2025-02-10', '16:34:53', '2025-02-10', '16:34:57', 'ENTREGADO AZAPAMPA', 'H'),
	(178, 178, 1, 2, 1, 'N/A', 7952.00, 'CANCELADO', 7952.00, 0.00, NULL, NULL, NULL, '2025-02-10', '16:37:09', '2025-02-10', '16:37:14', 'VENDIDO', 'H'),
	(179, 179, 1, 2, 1, 'N/A', 290.00, 'CANCELADO', 290.00, 0.00, NULL, NULL, NULL, '2025-02-10', '16:39:34', '2025-02-10', '16:39:39', 'ENTREGADO AZAPAMPA', 'H'),
	(180, 180, 1, 2, 1, 'obra azapampa carlos', 0.00, 'CANCELADO', 0.00, 0.00, NULL, NULL, NULL, '2025-02-10', '16:40:59', '2025-02-10', '16:41:06', 'ENTREGADO AZAPAMPA', 'H'),
	(181, 181, 1, 2, 1, 'N/A', 0.00, 'CANCELADO', 0.00, 0.00, NULL, NULL, NULL, '2025-02-10', '16:43:44', '2025-02-10', '16:43:53', 'ENTREGADO AZAPAMPA', 'H'),
	(182, 182, 1, 2, 1, 'N/A', 30.00, 'CANCELADO', 30.00, 0.00, NULL, NULL, NULL, '2025-02-10', '16:44:56', '2025-02-10', '16:44:59', 'ENTREGADO AZAPAMPA', 'H'),
	(183, 183, 1, 2, 1, 'N/A', 14.00, 'CANCELADO', 14.00, 0.00, NULL, NULL, NULL, '2025-02-10', '16:45:47', '2025-02-10', '16:45:50', 'ENTREGADO AZAPAMPA', 'H'),
	(184, 184, 1, 2, 1, 'N/A', 3.00, 'CANCELADO', 3.00, 0.00, NULL, NULL, NULL, '2025-02-10', '16:46:26', '2025-02-10', '16:46:29', 'ENTREGADO AZAPAMPA', 'H'),
	(185, 185, 1, 2, 1, 'N/A', 1005.40, 'CANCELADO', 1005.40, 0.00, NULL, NULL, NULL, '2025-02-10', '17:56:56', '2025-02-11', '15:08:16', 'ENTREGADO AZAPAMPA', 'H'),
	(186, 186, 1, 2, 1, 'N/A', 30.00, 'CANCELADO', 30.00, 0.00, NULL, NULL, NULL, '2025-02-10', '17:58:30', '2025-02-10', '17:58:33', 'ENTREGADO AZAPAMPA', 'H'),
	(187, 187, 1, 2, 1, 'N/A', 79.50, 'CANCELADO', 79.50, 0.00, NULL, NULL, NULL, '2025-02-10', '17:59:08', '2025-02-10', '17:59:12', 'ENTREGADO AZAPAMPA', 'H'),
	(188, 188, 1, 2, 1, 'N/A', 26.00, 'CANCELADO', 26.00, 0.00, NULL, NULL, NULL, '2025-02-10', '17:59:40', '2025-02-10', '17:59:43', 'ENTREGADO AZAPAMPA', 'H'),
	(189, 189, 1, 2, 1, 'N/A', 8850.00, 'CANCELADO', 8850.00, 0.00, NULL, NULL, NULL, '2025-02-10', '18:00:47', NULL, NULL, 'VENDIDO', 'H'),
	(190, 190, 1, 2, 1, 'N/A', 229.80, 'CANCELADO', 229.80, 0.00, NULL, NULL, NULL, '2025-02-10', '18:01:23', '2025-02-10', '09:11:02', 'ENTREGADO AZAPAMPA', 'H'),
	(191, 191, 1, 2, 1, 'N/A', 20.00, 'CANCELADO', 20.00, 0.00, NULL, NULL, NULL, '2025-02-11', '15:38:47', '2025-02-11', '15:38:52', 'ENTREGADO AZAPAMPA', 'H'),
	(192, 192, 1, 2, 1, 'N/A', 1740.00, 'CANCELADO', 1740.00, 0.00, NULL, NULL, NULL, '2025-02-11', '15:41:50', NULL, NULL, 'VENDIDO', 'H'),
	(193, 193, 1, 2, 1, 'N/A', 4979.30, 'CANCELADO', 4979.30, 0.00, NULL, NULL, NULL, '2025-02-11', '15:50:02', NULL, NULL, 'VENDIDO', 'H'),
	(194, 194, 1, 2, 1, 'salio tienda azapampa ', 287.00, 'CANCELADO', 287.00, 0.00, NULL, NULL, NULL, '2025-02-11', '15:51:05', '2025-02-11', '15:51:10', 'ENTREGADO AZAPAMPA', 'H'),
	(195, 195, 1, 2, 1, '8 en Efectivo y 8  por Yape', 16.00, 'CANCELADO', 16.00, 0.00, NULL, NULL, NULL, '2025-02-11', '15:53:57', '2025-02-11', '15:54:03', 'ENTREGADO AZAPAMPA', 'H'),
	(196, 196, 1, 2, 1, 'N/A', 174.00, 'CANCELADO', 174.00, 0.00, NULL, NULL, NULL, '2025-02-11', '15:55:04', '2025-02-11', '15:55:09', 'ENTREGADO AZAPAMPA', 'H'),
	(197, 197, 1, 2, 1, 'N/A', 26.50, 'CANCELADO', 26.50, 0.00, NULL, NULL, NULL, '2025-02-11', '15:55:50', '2025-02-11', '15:55:55', 'ENTREGADO AZAPAMPA', 'H'),
	(198, 198, 1, 2, 1, 'salio de tienda huancan del cuaderno', 0.00, 'CANCELADO', 0.00, 0.00, NULL, NULL, NULL, '2025-02-11', '16:00:22', NULL, NULL, 'VENDIDO', 'H'),
	(199, 199, 1, 2, 1, 'Esta orden es del 05/02 que salio tienda huancan y se cancelo en tienda huancan', 0.00, 'CANCELADO', 0.00, 0.00, NULL, NULL, NULL, '2025-02-11', '16:05:22', NULL, NULL, 'VENDIDO', 'H'),
	(200, 200, 1, 2, 1, 'N/A', 290.00, 'CANCELADO', 290.00, 0.00, NULL, NULL, NULL, '2025-02-11', '16:07:46', '2025-02-11', '16:07:52', 'ENTREGADO AZAPAMPA', 'H'),
	(201, 201, 1, 2, 1, 'cancelado incluido flete de 15', 302.50, 'CANCELADO', 302.50, 0.00, NULL, NULL, NULL, '2025-02-11', '16:10:21', '2025-02-11', '16:10:31', 'ENTREGADO AZAPAMPA', 'H'),
	(202, 202, 1, 2, 7, 'salio para tienda huancan', 0.00, 'CANCELADO', 0.00, 0.00, NULL, NULL, NULL, '2025-02-11', '16:12:37', '2025-02-11', '16:12:44', 'ENTREGADO AZAPAMPA', 'H'),
	(203, 203, 1, 2, 7, 'obra azapampa-carlos', 0.00, 'CANCELADO', 0.00, 0.00, NULL, NULL, NULL, '2025-02-11', '16:27:50', '2025-02-11', '16:27:56', 'ENTREGADO AZAPAMPA', 'H'),
	(204, 204, 1, 2, 7, 'obra azapampa-carlos', 0.00, 'CANCELADO', 0.00, 0.00, NULL, NULL, NULL, '2025-02-11', '17:40:03', '2025-02-11', '17:40:09', 'ENTREGADO AZAPAMPA', 'H'),
	(205, 205, 1, 2, 1, 'N/A', 21.00, 'CANCELADO', 21.00, 0.00, NULL, NULL, NULL, '2025-02-11', '17:50:29', '2025-02-11', '17:50:32', 'ENTREGADO AZAPAMPA', 'H'),
	(206, 206, 1, 2, 1, 'N/A', 84.50, 'CANCELADO', 84.50, 0.00, NULL, NULL, NULL, '2025-02-12', '09:29:28', '2025-02-12', '09:29:35', 'ENTREGADO AZAPAMPA', 'H'),
	(207, 207, 1, 2, 1, 'N/A', 18.00, 'CANCELADO', 18.00, 0.00, NULL, NULL, NULL, '2025-02-12', '09:30:26', '2025-02-12', '09:30:30', 'ENTREGADO AZAPAMPA', 'H'),
	(208, 208, 1, 2, 1, 'N/A', 26.50, 'CANCELADO', 26.50, 0.00, NULL, NULL, NULL, '2025-02-12', '09:33:38', '2025-02-12', '09:33:44', 'ENTREGADO AZAPAMPA', 'H'),
	(209, 209, 1, 2, 7, 'obra azapampa carlos', 0.00, 'CANCELADO', 0.00, 0.00, NULL, NULL, NULL, '2025-02-12', '09:53:39', '2025-02-12', '09:53:43', 'ENTREGADO AZAPAMPA', 'H'),
	(210, 210, 1, 2, 1, 'incluido flete de 15', 1131.70, 'CANCELADO', 1131.70, 0.00, NULL, NULL, NULL, '2025-02-12', '11:41:03', '2025-02-12', '11:41:10', 'ENTREGADO AZAPAMPA', 'H'),
	(211, 211, 1, 2, 1, 'se entrego del cuaderno 11/02 y se debe 1 millar', 0.00, 'CANCELADO', 0.00, 0.00, NULL, NULL, NULL, '2025-02-12', '11:43:34', NULL, NULL, 'VENDIDO', 'H'),
	(212, 212, 1, 2, 1, 'N/A', 211.50, 'CANCELADO', 211.50, 0.00, NULL, NULL, NULL, '2025-02-12', '11:44:48', '2025-02-12', '11:44:54', 'ENTREGADO AZAPAMPA', 'H'),
	(213, 213, 1, 2, 1, 'N/A', 107.00, 'CANCELADO', 107.00, 0.00, NULL, NULL, NULL, '2025-02-12', '11:50:21', '2025-02-12', '11:50:30', 'ENTREGADO AZAPAMPA', 'H'),
	(214, 214, 1, 2, 1, 'N/A', 260.00, 'CANCELADO', 260.00, 0.00, NULL, NULL, NULL, '2025-02-12', '16:28:29', NULL, NULL, 'VENDIDO', 'H'),
	(215, 215, 1, 2, 1, 'N/A', 290.00, 'CANCELADO', 290.00, 0.00, NULL, NULL, NULL, '2025-02-12', '16:57:05', '2025-02-12', '16:57:11', 'ENTREGADO AZAPAMPA', 'H'),
	(216, 216, 1, 2, 1, 'N/A', 32.00, 'CANCELADO', 32.00, 0.00, NULL, NULL, NULL, '2025-02-12', '17:08:04', '2025-02-12', '17:08:09', 'ENTREGADO AZAPAMPA', 'H'),
	(217, 217, 1, 2, 7, 'obra azapampa carlos', 0.00, 'CANCELADO', 0.00, 0.00, NULL, NULL, NULL, '2025-02-12', '18:03:39', '2025-02-12', '18:03:46', 'ENTREGADO AZAPAMPA', 'H'),
	(218, 218, 1, 2, 1, 'orden huancan salida en tienda azapampa cuaderno de huancan', 0.00, 'CANCELADO', 0.00, 0.00, NULL, NULL, NULL, '2025-02-13', '16:16:44', '2025-02-13', '16:16:49', 'ENTREGADO AZAPAMPA', 'H'),
	(219, 219, 1, 2, 1, 'N/A', 553.00, 'CANCELADO', 553.00, 0.00, NULL, NULL, NULL, '2025-02-13', '16:17:33', '2025-02-13', '16:17:37', 'ENTREGADO AZAPAMPA', 'H'),
	(220, 220, 1, 2, 1, 'N/A', 712.50, 'CANCELADO', 712.50, 0.00, NULL, NULL, NULL, '2025-02-13', '16:22:42', '2025-02-13', '16:25:15', 'ENTREGADO AZAPAMPA', 'H'),
	(221, 221, 1, 2, 1, 'N/A', 1160.00, 'CANCELADO', 1160.00, 0.00, NULL, NULL, NULL, '2025-02-13', '16:26:05', NULL, NULL, 'VENDIDO', 'H'),
	(222, 22, 1, 2, 1, 'N/A', 4.00, 'CANCELADO', 4.00, 0.00, NULL, NULL, NULL, '2025-02-13', '16:27:02', '2025-02-13', '16:27:08', 'ENTREGADO AZAPAMPA', 'H'),
	(223, 223, 1, 2, 8, 'N/A', 18860.80, 'CANCELADO', 18860.80, 0.00, NULL, NULL, NULL, '2025-02-13', '16:42:54', NULL, NULL, 'VENDIDO', 'H'),
	(224, 224, 1, 2, 9, 'N/A', 2812.56, 'CANCELADO', 2812.56, 0.00, NULL, NULL, NULL, '2025-02-13', '17:11:18', '2025-02-13', '17:11:24', 'ENTREGADO AZAPAMPA', 'H'),
	(225, 225, 1, 2, 1, 'N/A', 1460.00, 'CANCELADO', 1460.00, 0.00, NULL, NULL, NULL, '2025-02-13', '17:12:59', NULL, NULL, 'VENDIDO', 'H'),
	(226, 226, 1, 2, 1, 'N/A', 23.00, 'CANCELADO', 23.00, 0.00, NULL, NULL, NULL, '2025-02-13', '17:13:30', '2025-02-13', '17:13:34', 'ENTREGADO AZAPAMPA', 'H'),
	(227, 227, 1, 2, 1, 'N/A', 0.00, 'CANCELADO', 0.00, 0.00, NULL, NULL, NULL, '2025-02-13', '17:14:49', NULL, NULL, 'VENDIDO', 'H'),
	(228, 228, 1, 2, 1, 'DE LA VENTA 227 SE ENTREGA DEL CUADERNO SALIDA DE AZAPAMPA Y BLOQUETAS SALIDA DE HUANCAN', 0.00, 'CANCELADO', 0.00, 0.00, NULL, NULL, NULL, '2025-02-13', '17:17:39', '2025-02-13', '17:17:45', 'ENTREGADO AZAPAMPA', 'H'),
	(229, 229, 1, 2, 7, 'obra azapampa-carlos', 0.00, 'CANCELADO', 0.00, 0.00, NULL, NULL, NULL, '2025-02-13', '17:18:48', '2025-02-13', '17:18:53', 'ENTREGADO AZAPAMPA', 'H'),
	(230, 230, 1, 2, 7, 'obra azapampa-carlos', 0.00, 'CANCELADO', 0.00, 0.00, NULL, NULL, NULL, '2025-02-13', '17:22:03', '2025-02-13', '17:22:08', 'ENTREGADO AZAPAMPA', 'H'),
	(231, 231, 1, 2, 1, 'N/A', 11.00, 'CANCELADO', 11.00, 0.00, NULL, NULL, NULL, '2025-02-13', '17:44:56', '2025-02-13', '17:45:00', 'ENTREGADO AZAPAMPA', 'H'),
	(232, 232, 1, 2, 1, 'F sams', 674.00, 'CANCELADO', 674.00, 0.00, NULL, NULL, NULL, '2025-02-14', '12:23:48', '2025-02-14', '12:23:58', 'ENTREGADO AZAPAMPA', 'H'),
	(233, 233, 1, 2, 1, '', 3479.00, 'CANCELADO', 3479.00, 0.00, NULL, NULL, NULL, '2025-02-14', '12:28:48', NULL, NULL, 'VENDIDO', 'H'),
	(234, 234, 1, 2, 1, 'N/A', 1351.00, 'CANCELADO', 1351.00, 0.00, NULL, NULL, NULL, '2025-02-14', '12:34:23', '2025-02-14', '12:34:29', 'ENTREGADO AZAPAMPA', 'H'),
	(235, 235, 1, 2, 1, 'N/A', 8.00, 'CANCELADO', 8.00, 0.00, NULL, NULL, NULL, '2025-02-14', '16:50:19', '2025-02-14', '16:50:26', 'ENTREGADO AZAPAMPA', 'H'),
	(236, 236, 1, 2, 1, 'N/A', 590.00, 'CANCELADO', 590.00, 0.00, NULL, NULL, NULL, '2025-02-14', '16:52:12', '2025-02-14', '16:52:16', 'ENTREGADO AZAPAMPA', 'H'),
	(237, 237, 1, 2, 7, 'N/A', 0.00, 'CANCELADO', 0.00, 0.00, NULL, NULL, NULL, '2025-02-14', '16:53:49', '2025-02-14', '16:53:55', 'ENTREGADO AZAPAMPA', 'H'),
	(238, 238, 1, 2, 1, 'N/A', 5.00, 'CANCELADO', 5.00, 0.00, NULL, NULL, NULL, '2025-02-14', '10:09:03', '2025-02-14', '10:09:08', 'ENTREGADO AZAPAMPA', 'H'),
	(239, 239, 1, 2, 1, 'N/A', 354.00, 'CANCELADO', 354.00, 0.00, NULL, NULL, NULL, '2025-02-15', '13:26:02', '2025-02-15', '13:26:10', 'ENTREGADO AZAPAMPA', 'H'),
	(240, 240, 1, 2, 1, 'x arreglar de su cuenta q dejo cancelado de ladrillo', 104.50, 'POR COBRAR', 0.00, 104.50, NULL, NULL, NULL, '2025-02-15', '13:27:38', '2025-02-15', '13:27:44', 'ENTREGADO AZAPAMPA', 'H'),
	(241, 241, 1, 2, 1, 'N/A', 15.90, 'CANCELADO', 15.90, 0.00, NULL, NULL, NULL, '2025-02-15', '13:28:45', '2025-02-15', '13:28:50', 'ENTREGADO AZAPAMPA', 'H'),
	(242, 242, 1, 2, 1, 'N/A', 30.00, 'CANCELADO', 30.00, 0.00, NULL, NULL, NULL, '2025-02-15', '13:29:34', '2025-02-15', '13:29:39', 'ENTREGADO AZAPAMPA', 'H'),
	(243, 243, 1, 2, 4, 'N/A', 1564.09, 'CANCELADO', 1564.09, 0.00, NULL, NULL, NULL, '2025-02-15', '13:32:16', '2025-02-15', '13:32:23', 'ENTREGADO AZAPAMPA', 'H'),
	(244, 244, 1, 2, 1, 'N/A', 26.50, 'CANCELADO', 26.50, 0.00, NULL, NULL, NULL, '2025-02-15', '13:32:51', '2025-02-15', '13:35:57', 'ENTREGADO AZAPAMPA', 'H'),
	(245, 245, 1, 2, 1, 'N/A', 2.50, 'CANCELADO', 2.50, 0.00, NULL, NULL, NULL, '2025-02-15', '13:37:04', '2025-02-15', '13:37:08', 'ENTREGADO AZAPAMPA', 'H'),
	(246, 246, 1, 2, 1, 'N/A', 11.00, 'CANCELADO', 11.00, 0.00, NULL, NULL, NULL, '2025-02-15', '13:41:55', '2025-02-15', '13:42:00', 'ENTREGADO AZAPAMPA', 'H'),
	(247, 247, 1, 2, 1, 'N/A', 3.00, 'CANCELADO', 3.00, 0.00, NULL, NULL, NULL, '2025-02-15', '14:00:22', '2025-02-15', '14:00:27', 'ENTREGADO AZAPAMPA', 'H'),
	(248, 248, 1, 2, 1, 'F E Y L AGREGADOS DEBE', 486.51, 'CANCELADO', 486.51, 0.00, NULL, NULL, NULL, '2025-02-15', '12:22:42', '2025-02-15', '12:22:47', 'ENTREGADO AZAPAMPA', 'H'),
	(249, 249, 1, 2, 7, 'Guantes trabajo doris y maestro daniel q agarro par arreglar el interrupor que estaba mal pegado a la pared', 0.00, 'CANCELADO', 0.00, 0.00, NULL, NULL, NULL, '2025-02-17', '12:25:33', '2025-02-17', '12:25:41', 'ENTREGADO AZAPAMPA', 'H'),
	(250, 250, 1, 2, 1, 'N/A', 53.00, 'CANCELADO', 53.00, 0.00, NULL, NULL, NULL, '2025-02-17', '12:27:50', '2025-02-17', '12:27:56', 'ENTREGADO AZAPAMPA', 'H'),
	(251, 251, 1, 2, 1, 'N/A', 9.50, 'CANCELADO', 9.50, 0.00, NULL, NULL, NULL, '2025-02-17', '12:32:25', '2025-02-17', '12:32:31', 'ENTREGADO AZAPAMPA', 'H'),
	(252, 252, 1, 2, 1, 'N/A', 15.00, 'CANCELADO', 15.00, 0.00, NULL, NULL, NULL, '2025-02-17', '12:43:52', '2025-02-17', '12:43:58', 'ENTREGADO AZAPAMPA', 'H'),
	(253, 253, 1, 2, 10, 'N/A', 2929.00, 'CANCELADO', 2929.00, 0.00, NULL, NULL, NULL, '2025-02-17', '12:52:39', NULL, NULL, 'VENDIDO', 'H'),
	(254, 254, 1, 2, 1, 'F E Y L AGREGADOS DEBE', 793.62, 'CANCELADO', 793.62, 0.00, NULL, NULL, NULL, '2025-02-17', '12:55:44', '2025-02-17', '12:55:50', 'ENTREGADO AZAPAMPA', 'H'),
	(255, 255, 1, 2, 8, 'N/A', 1818.00, 'CANCELADO', 1818.00, 0.00, NULL, NULL, NULL, '2025-02-17', '12:59:46', '2025-02-17', '12:59:56', 'ENTREGADO AZAPAMPA', 'H'),
	(256, 256, 1, 2, 1, 'F E Y L AGREGADOS', 793.62, 'POR COBRAR', 0.00, 793.62, NULL, NULL, NULL, '2025-02-17', '14:53:18', '2025-02-17', '14:53:25', 'ENTREGADO AZAPAMPA', 'D'),
	(257, 257, 1, 2, 1, 'N/A', 96.50, 'CANCELADO', 96.50, 0.00, NULL, NULL, NULL, '2025-02-17', '14:56:35', '2025-02-17', '14:56:41', 'ENTREGADO AZAPAMPA', 'H'),
	(258, 258, 1, 2, 7, 'SALIDA A TIENDA HUANCAN', 0.00, 'CANCELADO', 0.00, 0.00, NULL, NULL, NULL, '2025-02-17', '15:19:18', '2025-02-17', '15:19:21', 'ENTREGADO AZAPAMPA', 'H'),
	(259, 259, 1, 2, 1, 'N/A', 51.60, 'CANCELADO', 51.60, 0.00, NULL, NULL, NULL, '2025-02-17', '15:20:30', '2025-02-17', '15:20:35', 'ENTREGADO AZAPAMPA', 'H'),
	(260, 260, 1, 2, 1, 'N/A', 17.50, 'CANCELADO', 17.50, 0.00, NULL, NULL, NULL, '2025-02-17', '15:23:25', '2025-02-17', '15:23:29', 'ENTREGADO AZAPAMPA', 'H'),
	(261, 261, 1, 2, 1, 'N/A', 12.00, 'CANCELADO', 12.00, 0.00, NULL, NULL, NULL, '2025-02-17', '15:24:10', '2025-02-17', '15:24:13', 'ENTREGADO AZAPAMPA', 'H'),
	(262, 262, 1, 2, 1, 'N/A', 5052.00, 'CANCELADO', 5052.00, 0.00, NULL, NULL, NULL, '2025-02-17', '15:25:39', '2025-02-17', '15:25:44', 'VENDIDO', 'H'),
	(263, 263, 1, 2, 1, 'N/A', 1272.00, 'CANCELADO', 1272.00, 0.00, NULL, NULL, NULL, '2025-02-17', '15:26:25', NULL, NULL, 'VENDIDO', 'H'),
	(264, 264, 1, 2, 1, 'SE ENTREGO POR RIVERA LO QUE SE DEBIA DEL 11/02 ', 0.00, 'CANCELADO', 0.00, 0.00, NULL, NULL, NULL, '2025-02-17', '15:28:25', NULL, NULL, 'VENDIDO', 'H'),
	(265, 265, 1, 2, 1, 'N/A', 4441.40, 'CANCELADO', 4441.40, 0.00, NULL, NULL, NULL, '2025-02-17', '15:32:42', '2025-02-18', '15:32:50', 'ENTREGADO AZAPAMPA', 'H'),
	(266, 266, 1, 2, 1, 'N/A', 2400.00, 'CANCELADO', 2400.00, 0.00, NULL, NULL, NULL, '2025-02-17', '15:34:13', '2025-02-18', '17:53:09', 'ENTREGADO AZAPAMPA', 'H'),
	(267, 267, 1, 2, 1, 'N/A', 189.00, 'CANCELADO', 189.00, 0.00, NULL, NULL, NULL, '2025-02-17', '15:38:05', '2025-02-17', '15:38:11', 'ENTREGADO AZAPAMPA', 'H'),
	(268, 268, 1, 2, 1, 'N/A', 400.00, 'CANCELADO', 400.00, 0.00, NULL, NULL, NULL, '2025-02-17', '15:39:32', '2025-02-17', '15:39:36', 'ENTREGADO AZAPAMPA', 'H'),
	(269, 269, 1, 2, 1, 'N/A', 100.00, 'CANCELADO', 100.00, 0.00, NULL, NULL, NULL, '2025-02-17', '15:40:16', '2025-02-17', '15:40:20', 'ENTREGADO AZAPAMPA', 'H'),
	(270, 270, 1, 2, 1, 'SE DESCONTO 1 POR QUE EN SU VENTA ANTERIOR SE DEBIA 1.00', 675.80, 'CANCELADO', 675.80, 0.00, NULL, NULL, NULL, '2025-02-17', '15:41:35', '2025-02-17', '15:41:41', 'ENTREGADO AZAPAMPA', 'H'),
	(271, 271, 1, 2, 7, 'OBRA AZAPAMPA CARLOS', 0.00, 'CANCELADO', 0.00, 0.00, NULL, NULL, NULL, '2025-02-17', '15:43:59', '2025-02-18', '16:17:31', 'ENTREGADO AZAPAMPA', 'H'),
	(272, 272, 1, 2, 1, 'N/A', 30.00, 'CANCELADO', 30.00, 0.00, NULL, NULL, NULL, '2025-02-17', '15:44:27', '2025-02-17', '15:44:32', 'ENTREGADO AZAPAMPA', 'H'),
	(273, 273, 1, 2, 1, 'N/A', 410.00, 'CANCELADO', 410.00, 0.00, NULL, NULL, NULL, '2025-02-18', '17:22:01', '2025-02-19', '17:51:25', 'ENTREGADO AZAPAMPA', 'H'),
	(274, 274, 1, 2, 7, 'N/A', 0.00, 'CANCELADO', 0.00, 0.00, NULL, NULL, NULL, '2025-02-18', '17:28:45', '2025-02-18', '17:28:50', 'ENTREGADO AZAPAMPA', 'H'),
	(275, 275, 1, 2, 1, 'N/A', 2598.90, 'CANCELADO', 2598.90, 0.00, NULL, NULL, NULL, '2025-02-18', '17:40:01', '2025-02-18', '17:40:08', 'ENTREGADO AZAPAMPA', 'H'),
	(276, 276, 1, 2, 1, 'N/A', 10.00, 'CANCELADO', 10.00, 0.00, NULL, NULL, NULL, '2025-02-18', '17:45:39', '2025-02-18', '17:45:43', 'ENTREGADO AZAPAMPA', 'H'),
	(277, 277, 1, 2, 1, 'N/A', 60.00, 'CANCELADO', 60.00, 0.00, NULL, NULL, NULL, '2025-02-18', '17:49:35', '2025-02-18', '17:49:39', 'ENTREGADO AZAPAMPA', 'H'),
	(278, 278, 1, 2, 1, 'N/A', 7.00, 'CANCELADO', 7.00, 0.00, NULL, NULL, NULL, '2025-02-18', '17:52:29', '2025-02-18', '17:52:33', 'ENTREGADO AZAPAMPA', 'H'),
	(279, 279, 1, 2, 1, 'N/A', 90.00, 'CANCELADO', 90.00, 0.00, NULL, NULL, NULL, '2025-02-18', '17:57:44', '2025-02-20', '11:36:32', 'ENTREGADO AZAPAMPA', 'H'),
	(280, 280, 1, 2, 1, 'salio para tienda huancan el dia 17/02/25 para el cliente yony', 0.00, 'CANCELADO', 0.00, 0.00, NULL, NULL, NULL, '2025-02-19', '10:37:06', '2025-02-19', '10:37:09', 'ENTREGADO AZAPAMPA', 'H'),
	(281, 281, 1, 2, 7, 'N/A', 0.00, 'CANCELADO', 0.00, 0.00, NULL, NULL, NULL, '2025-02-19', '17:44:16', '2025-02-19', '17:44:19', 'ENTREGADO AZAPAMPA', 'H'),
	(282, 282, 1, 2, 1, 'N/A', 100.00, 'CANCELADO', 100.00, 0.00, NULL, NULL, NULL, '2025-02-19', '17:46:04', '2025-02-19', '17:46:09', 'ENTREGADO AZAPAMPA', 'H'),
	(283, 283, 1, 2, 1, 'N/A', 2344.00, 'CANCELADO', 2344.00, 0.00, NULL, NULL, NULL, '2025-02-19', '17:46:44', NULL, NULL, 'VENDIDO', 'H'),
	(284, 284, 1, 2, 1, 'N/A', 52.00, 'CANCELADO', 52.00, 0.00, NULL, NULL, NULL, '2025-02-19', '17:47:48', NULL, NULL, 'VENDIDO', 'H'),
	(285, 285, 1, 2, 1, 'N/A', 70.60, 'CANCELADO', 70.60, 0.00, NULL, NULL, NULL, '2025-02-19', '17:49:34', '2025-02-19', '17:49:38', 'ENTREGADO AZAPAMPA', 'H'),
	(286, 286, 1, 2, 1, '25 bloq se conpleto cargar de tienda azapampa y  725 llevado por percy', 0.00, 'CANCELADO', 0.00, 0.00, NULL, NULL, NULL, '2025-02-19', '17:52:16', '2025-02-19', '17:52:22', 'ENTREGADO AZAPAMPA', 'H'),
	(287, 287, 1, 2, 1, 'N/A', 125.76, 'CANCELADO', 125.76, 0.00, NULL, NULL, NULL, '2025-02-19', '17:53:30', '2025-02-19', '17:53:33', 'ENTREGADO AZAPAMPA', 'H'),
	(288, 288, 1, 2, 1, 'N/A', 18.00, 'CANCELADO', 18.00, 0.00, NULL, NULL, NULL, '2025-02-20', '12:52:10', '2025-02-20', '12:52:14', 'ENTREGADO AZAPAMPA', 'H'),
	(289, 289, 1, 2, 1, 'N/A', 250.00, 'CANCELADO', 250.00, 0.00, NULL, NULL, NULL, '2025-02-20', '12:53:13', '2025-02-20', '12:53:16', 'ENTREGADO AZAPAMPA', 'H'),
	(290, 290, 1, 2, 1, 'N/A', 55.00, 'CANCELADO', 55.00, 0.00, NULL, NULL, NULL, '2025-02-20', '12:54:44', '2025-02-20', '12:54:50', 'ENTREGADO AZAPAMPA', 'H'),
	(291, 291, 1, 2, 1, 'N/A', 643.17, 'CANCELADO', 643.17, 0.00, NULL, NULL, NULL, '2025-02-20', '12:56:22', '2025-02-20', '12:56:27', 'ENTREGADO AZAPAMPA', 'H'),
	(292, 292, 1, 2, 1, 'N/A', 3378.60, 'CANCELADO', 3378.60, 0.00, NULL, NULL, NULL, '2025-02-20', '12:57:27', '2025-02-20', '12:57:42', 'ENTREGADO AZAPAMPA', 'H'),
	(293, 293, 1, 2, 1, 'N/A', 267.00, 'CANCELADO', 267.00, 0.00, NULL, NULL, NULL, '2025-02-20', '14:57:40', '2025-02-20', '14:57:48', 'ENTREGADO AZAPAMPA', 'H'),
	(294, 294, 1, 2, 7, 'N/A', 0.00, 'CANCELADO', 0.00, 0.00, NULL, NULL, NULL, '2025-02-20', '14:59:52', '2025-02-20', '14:59:58', 'ENTREGADO AZAPAMPA', 'H'),
	(295, 295, 1, 2, 1, 'N/A', 100.00, 'CANCELADO', 100.00, 0.00, NULL, NULL, NULL, '2025-02-20', '15:00:57', '2025-02-20', '15:01:00', 'ENTREGADO AZAPAMPA', 'H'),
	(296, 296, 1, 2, 1, 'cliente luisa descuento de compra de ladrillo que tiene saldo a favor le queda 633', 0.00, 'CANCELADO', 0.00, 0.00, NULL, NULL, NULL, '2025-02-20', '15:02:46', '2025-02-20', '15:02:49', 'ENTREGADO AZAPAMPA', 'H'),
	(297, 297, 1, 2, 1, 'de la venta 294 se llevo a obra 2 cemento y en el sistema se considero1', 0.00, 'CANCELADO', 0.00, 0.00, NULL, NULL, NULL, '2025-02-21', '14:58:59', '2025-02-21', '14:59:03', 'ENTREGADO AZAPAMPA', 'H'),
	(298, 298, 1, 2, 1, 'N/A', 240.00, 'CANCELADO', 240.00, 0.00, NULL, NULL, NULL, '2025-02-21', '16:39:41', '2025-02-21', '16:39:48', 'ENTREGADO AZAPAMPA', 'H'),
	(299, 299, 1, 2, 8, 'N/A', 1500.00, 'CANCELADO', 1500.00, 0.00, NULL, NULL, NULL, '2025-02-21', '16:43:55', NULL, NULL, 'VENDIDO', 'H'),
	(300, 300, 1, 2, 1, 'N/A', 1245.00, 'CANCELADO', 1245.00, 0.00, NULL, NULL, NULL, '2025-02-21', '17:41:13', '2025-02-21', '17:41:18', 'ENTREGADO AZAPAMPA', 'H'),
	(301, 301, 1, 2, 1, 'N/A', 21.00, 'CANCELADO', 21.00, 0.00, NULL, NULL, NULL, '2025-02-21', '17:42:06', '2025-02-21', '17:42:10', 'ENTREGADO AZAPAMPA', 'H'),
	(302, 302, 1, 2, 7, 'obra azapampa carlos', 0.00, 'CANCELADO', 0.00, 0.00, NULL, NULL, NULL, '2025-02-21', '17:43:39', '2025-02-21', '17:43:43', 'ENTREGADO AZAPAMPA', 'H'),
	(303, 303, 1, 2, 1, 'F E Y L AGREGADOS  DEBE', 187.55, 'CANCELADO', 187.55, 0.00, NULL, NULL, NULL, '2025-02-21', '17:46:44', '2025-02-21', '17:47:52', 'ENTREGADO AZAPAMPA', 'H'),
	(304, 304, 1, 2, 1, 'NO SE COBRO NADA POR QUE SE DESCONTO DE SU SALDO A FAVOR', 0.00, 'CANCELADO', 0.00, 0.00, NULL, NULL, NULL, '2025-02-21', '17:50:23', '2025-02-21', '17:50:28', 'ENTREGADO AZAPAMPA', 'H'),
	(305, 305, 1, 2, 1, 'N/A', 1.50, 'CANCELADO', 1.50, 0.00, NULL, NULL, NULL, '2025-02-21', '17:51:04', '2025-02-21', '17:51:07', 'ENTREGADO AZAPAMPA', 'H'),
	(306, 306, 1, 2, 1, '', 19.00, 'CANCELADO', 19.00, 0.00, NULL, NULL, NULL, '2025-02-21', '17:53:33', '2025-02-21', '17:53:37', 'ENTREGADO AZAPAMPA', 'H'),
	(307, 307, 1, 2, 1, 'N/A', 9.00, 'CANCELADO', 9.00, 0.00, NULL, NULL, NULL, '2025-02-21', '17:54:50', '2025-02-21', '17:54:53', 'ENTREGADO AZAPAMPA', 'H'),
	(308, 308, 1, 2, 11, 'SE DESCUENTA DEL CUADERNO', 0.00, 'CANCELADO', 0.00, 0.00, NULL, NULL, NULL, '2025-02-21', '18:04:47', '2025-02-21', '18:04:51', 'ENTREGADO AZAPAMPA', 'H'),
	(309, 309, 1, 2, 1, 'N/A', 89.00, 'CANCELADO', 89.00, 0.00, NULL, NULL, NULL, '2025-02-21', '18:07:49', '2025-02-21', '18:08:04', 'ENTREGADO AZAPAMPA', 'H'),
	(310, 310, 1, 2, 1, 'N/A', 371.00, 'CANCELADO', 371.00, 0.00, NULL, NULL, NULL, '2025-02-22', '14:20:37', '2025-02-22', '14:20:44', 'ENTREGADO AZAPAMPA', 'H'),
	(311, 311, 1, 2, 10, 'N/A', 422.50, 'CANCELADO', 422.50, 0.00, NULL, NULL, NULL, '2025-02-22', '14:26:53', '2025-02-22', '14:27:00', 'ENTREGADO AZAPAMPA', 'H'),
	(312, 312, 1, 2, 1, 'N/A', 16.00, 'CANCELADO', 16.00, 0.00, NULL, NULL, NULL, '2025-02-22', '14:29:09', '2025-02-22', '14:29:12', 'ENTREGADO AZAPAMPA', 'H'),
	(313, 313, 1, 2, 1, 'N/A', 30.00, 'CANCELADO', 30.00, 0.00, NULL, NULL, NULL, '2025-02-22', '14:29:55', '2025-02-22', '14:30:01', 'ENTREGADO AZAPAMPA', 'H'),
	(314, 314, 1, 2, 1, 'N/A', 0.00, 'CANCELADO', 0.00, 0.00, NULL, NULL, NULL, '2025-02-22', '14:30:46', '2025-02-22', '14:30:58', 'ENTREGADO AZAPAMPA', 'H'),
	(315, 315, 1, 2, 1, 'obra azapampa carlos', 0.00, 'CANCELADO', 0.00, 0.00, NULL, NULL, NULL, '2025-02-22', '14:31:48', '2025-02-22', '14:31:52', 'ENTREGADO AZAPAMPA', 'H'),
	(316, 316, 1, 2, 1, 'N/A', 40.00, 'CANCELADO', 40.00, 0.00, NULL, NULL, NULL, '2025-02-22', '14:33:02', '2025-02-22', '14:33:08', 'ENTREGADO AZAPAMPA', 'H'),
	(317, 317, 1, 2, 1, 'N/A', 118.00, 'CANCELADO', 118.00, 0.00, NULL, NULL, NULL, '2025-02-22', '14:33:58', '2025-02-22', '14:34:04', 'ENTREGADO AZAPAMPA', 'H'),
	(318, 318, 1, 2, 1, 'N/A', 448.00, 'CANCELADO', 448.00, 0.00, NULL, NULL, NULL, '2025-02-22', '14:35:49', '2025-02-22', '14:35:54', 'ENTREGADO AZAPAMPA', 'H'),
	(319, 319, 1, 2, 1, 'N/A', 978.90, 'CANCELADO', 978.90, 0.00, NULL, NULL, NULL, '2025-02-22', '14:38:44', '2025-02-22', '14:38:48', 'ENTREGADO AZAPAMPA', 'H'),
	(320, 320, 1, 2, 1, 'N/A', 60.00, 'CANCELADO', 60.00, 0.00, NULL, NULL, NULL, '2025-02-22', '14:39:39', '2025-02-22', '14:39:43', 'ENTREGADO AZAPAMPA', 'H'),
	(321, 321, 1, 2, 1, 'N/A', 3.00, 'CANCELADO', 3.00, 0.00, NULL, NULL, NULL, '2025-02-20', '12:45:17', '2025-02-20', '12:45:21', 'ENTREGADO AZAPAMPA', 'H'),
	(322, 322, 1, 2, 1, 'Prueba para verificar la salida de productos a huancan 24-02-25', 5.00, 'CANCELADO', 5.00, 0.00, NULL, NULL, NULL, '2025-02-24', '12:57:50', NULL, NULL, 'ANULADO', 'D'),
	(323, 323, 1, 2, 1, 'N/A', 9642.00, 'CANCELADO', 9642.00, 0.00, NULL, NULL, NULL, '2025-02-24', '13:06:08', NULL, NULL, 'ENTREGADO HUANCAN', 'H'),
	(324, 324, 1, 2, 1, 'N/A', 30.00, 'CANCELADO', 30.00, 0.00, NULL, NULL, NULL, '2025-02-24', '13:07:14', '2025-02-24', '13:07:19', 'ENTREGADO AZAPAMPA', 'H'),
	(325, 325, 1, 2, 1, 'N/A', 7156.00, 'CANCELADO', 7156.00, 0.00, NULL, NULL, NULL, '2025-02-22', '14:45:22', NULL, NULL, 'VENDIDO', 'H'),
	(326, 326, 1, 2, 1, 'N/A', 428.00, 'CANCELADO', 428.00, 0.00, NULL, NULL, NULL, '2025-02-24', '14:51:39', '2025-02-24', '14:51:44', 'ENTREGADO AZAPAMPA', 'H'),
	(327, 327, 1, 2, 1, 'N/A', 64.00, 'CANCELADO', 64.00, 0.00, NULL, NULL, NULL, '2025-02-24', '15:13:04', '2025-02-24', '15:13:10', 'ENTREGADO AZAPAMPA', 'H'),
	(328, 328, 1, 2, 8, 'N/A', 1598.00, 'CANCELADO', 1598.00, 0.00, NULL, NULL, NULL, '2025-02-24', '15:17:21', '2025-02-24', '15:17:26', 'ENTREGADO AZAPAMPA', 'H'),
	(329, 329, 1, 2, 1, 'N/A', 2.00, 'CANCELADO', 2.00, 0.00, NULL, NULL, NULL, '2025-02-24', '15:21:07', '2025-02-24', '15:21:11', 'ENTREGADO AZAPAMPA', 'H'),
	(330, 330, 1, 2, 1, 'N/A', 295.00, 'CANCELADO', 295.00, 0.00, NULL, NULL, NULL, '2025-02-24', '15:24:54', '2025-02-24', '15:24:57', 'ENTREGADO AZAPAMPA', 'H'),
	(331, 331, 1, 2, 1, 'N/A', 704.00, 'CANCELADO', 704.00, 0.00, NULL, NULL, NULL, '2025-02-24', '15:27:06', '2025-02-24', '15:27:12', 'ENTREGADO AZAPAMPA', 'H'),
	(332, 332, 1, 2, 1, 'N/A', 122.50, 'CANCELADO', 122.50, 0.00, NULL, NULL, NULL, '2025-02-24', '15:35:26', '2025-02-24', '15:35:33', 'ENTREGADO AZAPAMPA', 'H'),
	(333, 333, 1, 2, 8, 'N/A', 3080.00, 'CANCELADO', 3080.00, 0.00, NULL, NULL, NULL, '2025-02-24', '15:38:09', '2025-02-24', '15:38:14', 'ENTREGADO AZAPAMPA', 'H'),
	(334, 334, 1, 2, 1, 'N/A', 6.00, 'CANCELADO', 6.00, 0.00, NULL, NULL, NULL, '2025-02-24', '15:39:52', '2025-02-24', '15:39:55', 'ENTREGADO AZAPAMPA', 'H'),
	(335, 335, 1, 2, 1, 'N/A', 8.50, 'CANCELADO', 8.50, 0.00, NULL, NULL, NULL, '2025-02-24', '15:41:56', '2025-02-24', '15:42:01', 'ENTREGADO AZAPAMPA', 'H'),
	(336, 336, 1, 1, 1, 'Prueba de anular VICTOR 25-02-25', 0.00, 'POR COBRAR', 0.00, 0.00, NULL, NULL, NULL, '2025-02-25', '10:43:13', '2025-02-25', '10:43:56', 'ANULADO', 'D'),
	(337, 337, 1, 2, 1, 'PRUEBA N°2 ANULADO CON STOCK - Prueba de Victor', 29.50, 'CANCELADO', 29.50, 0.00, NULL, NULL, NULL, '2025-02-25', '11:07:14', '2025-02-25', '11:07:19', 'ANULADO', 'D'),
	(338, 338, 1, 2, 1, 'PRUEBA N°3 - SALIDA DE PRODUCTOS A HUANCAN y ANULAR', 7.20, 'POR COBRAR', 0.00, 7.20, NULL, NULL, NULL, '2025-02-25', '11:16:53', NULL, NULL, 'ANULADO', 'D'),
	(339, NULL, 1, 2, 1, NULL, 290.00, NULL, NULL, NULL, 1, '2025-02-25', '00:00:00', NULL, NULL, NULL, NULL, 'COTIZADO', 'H'),
	(340, 339, 1, 2, 10, 'N/A', 2980.00, 'CANCELADO', 2980.00, 0.00, NULL, NULL, NULL, '2025-02-25', '15:44:58', NULL, NULL, 'ENTREGADO HUANCAN', 'H'),
	(341, 340, 1, 2, 1, 'N/A', 243.40, 'CANCELADO', 243.40, 0.00, NULL, NULL, NULL, '2025-02-25', '16:51:17', '2025-02-25', '16:51:27', 'ENTREGADO AZAPAMPA', 'H'),
	(342, 341, 1, 2, 1, 'N/A', 302.35, 'CANCELADO', 302.35, 0.00, NULL, NULL, NULL, '2025-02-25', '16:54:30', '2025-02-25', '16:54:36', 'ENTREGADO AZAPAMPA', 'H'),
	(343, 342, 1, 2, 7, 'N/A', 0.00, 'CANCELADO', 0.00, 0.00, NULL, NULL, NULL, '2025-02-25', '16:57:42', '2025-02-25', '16:57:50', 'ENTREGADO AZAPAMPA', 'H'),
	(344, 343, 1, 2, 1, 'N/A', 24.50, 'CANCELADO', 24.50, 0.00, NULL, NULL, NULL, '2025-02-25', '17:00:40', '2025-02-25', '17:00:53', 'ENTREGADO AZAPAMPA', 'H'),
	(345, 344, 1, 2, 1, 'N/A', 1355.00, 'CANCELADO', 1355.00, 0.00, NULL, NULL, NULL, '2025-02-25', '17:04:10', '2025-02-26', '16:25:38', 'ENTREGADO AZAPAMPA', 'H'),
	(346, 345, 1, 2, 1, 'N/A', 34.50, 'CANCELADO', 34.50, 0.00, NULL, NULL, NULL, '2025-02-25', '17:06:14', '2025-02-25', '17:06:20', 'ENTREGADO AZAPAMPA', 'H'),
	(347, 346, 1, 2, 1, 'N/A', 68.00, 'CANCELADO', 68.00, 0.00, NULL, NULL, NULL, '2025-02-25', '17:13:22', '2025-02-25', '17:13:28', 'ENTREGADO AZAPAMPA', 'H'),
	(348, 347, 1, 2, 8, 'N/A', 3002.50, 'CANCELADO', 3002.50, 0.00, NULL, NULL, NULL, '2025-02-25', '17:15:35', '2025-02-25', '17:15:41', 'ENTREGADO AZAPAMPA', 'H'),
	(349, 348, 1, 2, 1, 'F E Y L AGREGADOS', 1892.10, 'CANCELADO', 1892.10, 0.00, NULL, NULL, NULL, '2025-02-25', '15:06:45', '2025-02-25', '15:06:51', 'ENTREGADO AZAPAMPA', 'H'),
	(350, 349, 1, 2, 1, 'N/A', 76.50, 'CANCELADO', 76.50, 0.00, NULL, NULL, NULL, '2025-02-25', '15:19:01', '2025-02-25', '15:19:09', 'ENTREGADO AZAPAMPA', 'H'),
	(351, 350, 1, 2, 1, 'N/A', 510.00, 'CANCELADO', 510.00, 0.00, NULL, NULL, NULL, '2025-02-25', '15:21:16', '2025-02-25', '15:21:20', 'ENTREGADO AZAPAMPA', 'H'),
	(352, 351, 1, 2, 1, 'N/A', 68.50, 'CANCELADO', 68.50, 0.00, NULL, NULL, NULL, '2025-02-25', '15:22:19', '2025-02-25', '15:22:24', 'ENTREGADO AZAPAMPA', 'H'),
	(353, 352, 1, 2, 1, 'N/A', 5.00, 'CANCELADO', 5.00, 0.00, NULL, NULL, NULL, '2025-02-25', '15:23:26', '2025-02-25', '15:23:32', 'ENTREGADO AZAPAMPA', 'H'),
	(354, 353, 1, 2, 10, 'N/A', 904.00, 'CANCELADO', 904.00, 0.00, NULL, NULL, NULL, '2025-02-25', '15:26:26', '2025-02-25', '15:26:41', 'ENTREGADO AZAPAMPA', 'H'),
	(355, 354, 1, 2, 1, 'F E Y L AGREGADOS', 46.80, 'CANCELADO', 46.80, 0.00, NULL, NULL, NULL, '2025-02-25', '15:28:50', '2025-02-25', '15:28:54', 'ENTREGADO AZAPAMPA', 'H'),
	(356, 355, 1, 2, 1, 'N/A', 32.00, 'CANCELADO', 32.00, 0.00, NULL, NULL, NULL, '2025-02-25', '15:29:39', '2025-02-25', '15:29:43', 'ENTREGADO AZAPAMPA', 'H'),
	(357, 356, 1, 2, 1, 'N/A', 15.00, 'CANCELADO', 15.00, 0.00, NULL, NULL, NULL, '2025-02-25', '15:30:27', '2025-02-25', '15:30:31', 'ENTREGADO AZAPAMPA', 'H'),
	(358, 357, 1, 2, 1, 'F E Y L AGREGADOS', 290.87, 'CANCELADO', 290.87, 0.00, NULL, NULL, NULL, '2025-02-25', '15:32:38', '2025-02-25', '15:32:43', 'ENTREGADO AZAPAMPA', 'H'),
	(359, 358, 1, 2, 1, 'N/A', 10.00, 'CANCELADO', 10.00, 0.00, NULL, NULL, NULL, '2025-02-25', '15:33:43', '2025-02-25', '15:33:49', 'ENTREGADO AZAPAMPA', 'H'),
	(360, 359, 1, 2, 1, 'N/A', 33.50, 'CANCELADO', 33.50, 0.00, NULL, NULL, NULL, '2025-02-25', '15:35:14', '2025-02-25', '15:35:19', 'ENTREGADO AZAPAMPA', 'H'),
	(361, 360, 1, 2, 7, 'N/A', 0.00, 'CANCELADO', 0.00, 0.00, NULL, NULL, NULL, '2025-02-25', '15:38:43', '2025-02-25', '15:39:08', 'ENTREGADO AZAPAMPA', 'H'),
	(362, 361, 1, 2, 1, 'N/A', 3849.00, 'CANCELADO', 3849.00, 0.00, NULL, NULL, NULL, '2025-02-25', '15:43:59', '2025-02-26', '16:31:12', 'ENTREGADO AZAPAMPA', 'H'),
	(363, 362, 1, 2, 1, 'N/A', 1180.00, 'CANCELADO', 1180.00, 0.00, NULL, NULL, NULL, '2025-02-25', '15:45:26', NULL, NULL, 'VENDIDO', 'H'),
	(364, 363, 1, 2, 1, 'N/A', 12.00, 'CANCELADO', 12.00, 0.00, NULL, NULL, NULL, '2025-02-25', '15:46:34', '2025-02-25', '15:46:39', 'ENTREGADO AZAPAMPA', 'H'),
	(365, 364, 1, 2, 12, 'N/A', 11687.50, 'CANCELADO', 11687.50, 0.00, NULL, NULL, NULL, '2025-02-25', '15:56:55', '2025-02-25', '15:57:03', 'ENTREGADO AZAPAMPA', 'H'),
	(366, 365, 1, 2, 12, 'N/A', 5062.50, 'CANCELADO', 5062.50, 0.00, NULL, NULL, NULL, '2025-02-25', '15:59:37', NULL, NULL, 'VENDIDO', 'H'),
	(367, 366, 1, 2, 1, 'N/A', 6353.50, 'CANCELADO', 6353.50, 0.00, NULL, NULL, NULL, '2025-02-26', '16:29:58', '2025-02-26', '16:30:08', 'ENTREGADO AZAPAMPA', 'H'),
	(368, 367, 1, 2, 1, 'N/A', 1799.37, 'CANCELADO', 1799.37, 0.00, NULL, NULL, NULL, '2025-02-26', '16:32:53', '2025-02-26', '16:32:57', 'ENTREGADO AZAPAMPA', 'H'),
	(369, 368, 1, 2, 1, 'el vuelto se dio en yape 11.7', 500.00, 'CANCELADO', 500.00, 0.00, NULL, NULL, NULL, '2025-02-26', '16:43:07', '2025-02-26', '16:43:14', 'ENTREGADO AZAPAMPA', 'H'),
	(370, 369, 1, 2, 1, 'N/A', 12.00, 'CANCELADO', 12.00, 0.00, NULL, NULL, NULL, '2025-02-26', '16:45:52', '2025-02-26', '16:45:59', 'ENTREGADO AZAPAMPA', 'H'),
	(371, 370, 1, 2, 13, 'N/A', 8740.50, 'CANCELADO', 8740.50, 0.00, NULL, NULL, NULL, '2025-02-26', '16:50:44', NULL, NULL, 'ENTREGADO HUANCAN', 'H'),
	(372, 371, 1, 2, 1, 'N/A', 418.00, 'CANCELADO', 418.00, 0.00, NULL, NULL, NULL, '2025-02-26', '16:53:53', '2025-02-26', '16:53:58', 'ENTREGADO AZAPAMPA', 'H'),
	(373, 372, 1, 2, 1, 'F E Y L DE SU CUADERNO DE 30-12-2024', 0.00, 'CANCELADO', 0.00, 0.00, NULL, NULL, NULL, '2025-02-26', '17:03:40', '2025-02-26', '17:03:47', 'ENTREGADO AZAPAMPA', 'H'),
	(374, 373, 1, 2, 1, 'F E Y L AGREGADOS', 80.00, 'POR COBRAR', 0.00, 80.00, NULL, NULL, NULL, '2025-02-26', '17:09:53', '2025-02-26', '17:09:59', 'ENTREGADO AZAPAMPA', 'H'),
	(375, 374, 1, 2, 14, 'N/A', 5185.00, 'CANCELADO', 5185.00, 0.00, NULL, NULL, NULL, '2025-02-26', '17:14:30', NULL, NULL, 'VENDIDO', 'H'),
	(376, 375, 1, 2, 12, 'N/A', 1740.00, 'CANCELADO', 1740.00, 0.00, NULL, NULL, NULL, '2025-02-26', '17:15:24', NULL, NULL, 'ENTREGADO HUANCAN', 'H'),
	(377, 376, 1, 2, 7, 'N/A', 0.00, 'CANCELADO', 0.00, 0.00, NULL, NULL, NULL, '2025-02-26', '17:16:07', '2025-02-26', '17:16:14', 'ENTREGADO AZAPAMPA', 'H'),
	(378, 377, 1, 2, 1, 'N/A', 2.50, 'CANCELADO', 2.50, 0.00, NULL, NULL, NULL, '2025-02-26', '17:16:59', '2025-02-26', '17:17:03', 'ENTREGADO AZAPAMPA', 'H'),
	(379, 378, 1, 2, 1, 'N/A', 177.00, 'CANCELADO', 177.00, 0.00, NULL, NULL, NULL, '2025-02-26', '17:17:50', '2025-02-26', '17:17:54', 'ENTREGADO AZAPAMPA', 'H'),
	(380, 379, 1, 2, 1, 'N/A', 1.20, 'CANCELADO', 1.20, 0.00, NULL, NULL, NULL, '2025-02-26', '17:19:31', '2025-02-26', '17:19:36', 'ENTREGADO AZAPAMPA', 'H'),
	(381, 380, 1, 2, 1, 'N/A', 87.50, 'CANCELADO', 87.50, 0.00, NULL, NULL, NULL, '2025-02-26', '17:20:45', '2025-02-26', '17:20:52', 'ENTREGADO AZAPAMPA', 'H'),
	(382, 381, 1, 2, 1, 'N/A', 4.00, 'CANCELADO', 4.00, 0.00, NULL, NULL, NULL, '2025-02-26', '17:54:13', '2025-02-26', '17:54:18', 'ENTREGADO AZAPAMPA', 'H'),
	(383, NULL, 1, 2, 1, NULL, 80.00, NULL, NULL, NULL, 2, '2025-02-27', '00:00:00', NULL, NULL, NULL, NULL, 'COTIZADO', 'H'),
	(384, NULL, 1, 2, 7, NULL, 2.00, NULL, NULL, NULL, 3, '2025-02-27', '00:00:00', NULL, NULL, NULL, NULL, 'COTIZADO', 'H'),
	(385, NULL, 1, 2, 1, NULL, 2.00, NULL, NULL, NULL, 4, '2025-02-27', '12:11:08', NULL, NULL, NULL, NULL, 'COTIZADO', 'H'),
	(386, NULL, 1, 2, 1, NULL, 5.50, NULL, NULL, NULL, 5, '2025-02-27', '12:12:25', NULL, NULL, NULL, NULL, 'COTIZADO', 'H'),
	(387, NULL, 1, 2, 1, NULL, 5.50, NULL, NULL, NULL, 6, '2025-02-27', '12:18:17', NULL, NULL, NULL, NULL, 'COTIZADO', 'H'),
	(388, NULL, 1, 2, 1, NULL, 7.00, NULL, NULL, NULL, 7, '2025-02-27', '12:20:20', NULL, NULL, NULL, NULL, 'COTIZADO', 'H'),
	(389, 382, 1, 2, 15, 'N/A', 580.00, 'CANCELADO', 580.00, 0.00, NULL, NULL, NULL, '2025-02-27', '15:11:28', NULL, NULL, 'ENTREGADO HUANCAN', 'H'),
	(390, 383, 1, 2, 16, 'N/A', 780.00, 'CANCELADO', 780.00, 0.00, NULL, NULL, NULL, '2025-02-27', '15:16:15', '2025-02-28', '08:24:17', 'ENTREGADO AZAPAMPA', 'H'),
	(391, 384, 1, 2, 1, 'N/A', 60.00, 'CANCELADO', 60.00, 0.00, NULL, NULL, NULL, '2025-02-27', '15:19:04', '2025-02-27', '15:19:11', 'ENTREGADO AZAPAMPA', 'H'),
	(392, 385, 1, 2, 17, 'N/A', 297.00, 'CANCELADO', 297.00, 0.00, NULL, NULL, NULL, '2025-02-27', '15:29:23', '2025-02-27', '15:29:27', 'ENTREGADO AZAPAMPA', 'H'),
	(393, 386, 1, 2, 1, 'N/A', 53.00, 'CANCELADO', 53.00, 0.00, NULL, NULL, NULL, '2025-02-27', '15:31:21', '2025-02-27', '15:31:25', 'ENTREGADO AZAPAMPA', 'H'),
	(394, 387, 1, 2, 1, 'F E Y L AGREGADOS DEBE', 424.40, 'POR COBRAR', 0.00, 424.40, NULL, NULL, NULL, '2025-02-27', '15:34:49', '2025-02-27', '15:34:53', 'ENTREGADO AZAPAMPA', 'H'),
	(395, 388, 1, 2, 1, 'N/A', 1170.00, 'CANCELADO', 1170.00, 0.00, NULL, NULL, NULL, '2025-02-27', '15:37:17', '2025-02-27', '15:37:21', 'ENTREGADO AZAPAMPA', 'H'),
	(396, 389, 1, 2, 1, 'N/A', 364.20, 'CANCELADO', 364.20, 0.00, NULL, NULL, NULL, '2025-02-27', '15:56:38', '2025-02-27', '15:56:42', 'ENTREGADO AZAPAMPA', 'H'),
	(397, 390, 1, 2, 14, 'N/A', 1560.00, 'CANCELADO', 1560.00, 0.00, NULL, NULL, NULL, '2025-02-27', '16:13:02', NULL, NULL, 'VENDIDO', 'H'),
	(398, 391, 1, 2, 7, 'OBRA AZAPAMPA CARLOS', 0.00, 'CANCELADO', 0.00, 0.00, NULL, NULL, NULL, '2025-02-27', '17:08:05', '2025-02-27', '17:08:10', 'ENTREGADO AZAPAMPA', 'H'),
	(399, 392, 1, 2, 1, 'N/A', 8.00, 'CANCELADO', 8.00, 0.00, NULL, NULL, NULL, '2025-02-27', '17:11:15', '2025-02-27', '17:11:20', 'ENTREGADO AZAPAMPA', 'H'),
	(400, 393, 1, 2, 1, 'F SOLANO', 2251.30, 'CANCELADO', 2251.30, 0.00, NULL, NULL, NULL, '2025-02-27', '17:14:50', '2025-02-27', '17:15:00', 'ENTREGADO AZAPAMPA', 'H'),
	(401, 394, 1, 2, 18, 'N/A', 450.00, 'CANCELADO', 450.00, 0.00, NULL, NULL, NULL, '2025-02-27', '17:18:44', '2025-02-27', '17:18:50', 'ENTREGADO AZAPAMPA', 'H'),
	(402, 395, 1, 2, 1, 'N/A', 56.00, 'CANCELADO', 56.00, 0.00, NULL, NULL, NULL, '2025-02-27', '17:59:07', '2025-02-27', '17:59:11', 'ENTREGADO AZAPAMPA', 'H'),
	(403, 396, 1, 2, 7, 'N/A', 0.00, 'CANCELADO', 0.00, 0.00, NULL, NULL, NULL, '2025-02-27', '18:00:18', '2025-02-27', '18:00:24', 'ENTREGADO AZAPAMPA', 'H'),
	(404, 397, 1, 2, 9, 'N/A', 1597.00, 'CANCELADO', 1597.00, 0.00, NULL, NULL, NULL, '2025-02-27', '18:06:23', '2025-02-27', '18:06:28', 'ENTREGADO AZAPAMPA', 'H'),
	(405, NULL, 1, 2, 1, NULL, 150.00, NULL, NULL, NULL, 8, '2025-02-28', '11:52:36', NULL, NULL, NULL, NULL, 'COTIZADO', 'H'),
	(406, 398, 1, 2, 1, 'F PRICS  Q SALIO DE TIENDA HUANCAN', 12774.90, 'CANCELADO', 12774.90, 0.00, NULL, NULL, NULL, '2025-02-28', '16:11:55', NULL, NULL, 'ENTREGADO HUANCAN', 'H'),
	(407, 399, 1, 2, 1, 'F PRICS ENTREGADO EN TIENDA AZAPAMPA', 8780.10, 'CANCELADO', 8780.10, 0.00, NULL, NULL, NULL, '2025-02-28', '16:16:01', '2025-02-28', '16:16:08', 'ENTREGADO AZAPAMPA', 'H'),
	(408, 400, 1, 2, 1, 'F PRICS QUEDA PENDIENTE X ENTREGAR Y 2 FIERROS 5/8  X Q LLEGO CORTO', 1895.00, 'CANCELADO', 1895.00, 0.00, NULL, NULL, NULL, '2025-02-28', '16:17:49', NULL, NULL, 'VENDIDO', 'H'),
	(409, 401, 1, 2, 1, 'F PRICS', 1000.00, 'CANCELADO', 1000.00, 0.00, NULL, NULL, NULL, '2025-02-28', '16:21:26', '2025-02-28', '16:21:32', 'ENTREGADO AZAPAMPA', 'H'),
	(410, 402, 1, 2, 1, 'C LUISA DESCUENTO DE SU SALDO A FAVOR Y SE DEVOLVIO EN EFECTIVO LO RESTANTE', 0.00, 'CANCELADO', 0.00, 0.00, NULL, NULL, NULL, '2025-02-28', '16:24:25', '2025-02-28', '16:24:37', 'ENTREGADO AZAPAMPA', 'H'),
	(411, 403, 1, 2, 1, 'N/A', 60.60, 'CANCELADO', 60.60, 0.00, NULL, NULL, NULL, '2025-02-28', '16:27:18', '2025-02-28', '16:27:23', 'ENTREGADO AZAPAMPA', 'H'),
	(412, 404, 1, 2, 1, 'N/A', 53.00, 'CANCELADO', 53.00, 0.00, NULL, NULL, NULL, '2025-02-28', '16:28:04', '2025-02-28', '16:28:09', 'ENTREGADO AZAPAMPA', 'H'),
	(413, 405, 1, 2, 1, 'N/A', 25.00, 'CANCELADO', 25.00, 0.00, NULL, NULL, NULL, '2025-02-28', '16:29:01', '2025-02-28', '16:29:06', 'ENTREGADO AZAPAMPA', 'H'),
	(414, 406, 1, 2, 19, 'FUE ENTREGADO POR COLSAM-PERCY', 1710.00, 'CANCELADO', 1710.00, 0.00, NULL, NULL, NULL, '2025-02-28', '16:49:59', NULL, NULL, 'VENDIDO', 'H'),
	(415, 407, 1, 2, 1, 'N/A', 53.00, 'CANCELADO', 53.00, 0.00, NULL, NULL, NULL, '2025-02-28', '16:51:26', '2025-02-28', '16:51:31', 'ENTREGADO AZAPAMPA', 'H'),
	(416, 408, 1, 2, 7, 'OBRA AZAPAMPA CARLOS', 0.00, 'CANCELADO', 0.00, 0.00, NULL, NULL, NULL, '2025-02-28', '16:55:04', '2025-02-28', '16:55:11', 'ENTREGADO AZAPAMPA', 'H'),
	(417, 409, 1, 2, 1, 'N/A', 8.00, 'CANCELADO', 8.00, 0.00, NULL, NULL, NULL, '2025-02-28', '16:56:11', '2025-02-28', '16:56:17', 'ENTREGADO AZAPAMPA', 'H'),
	(418, 410, 1, 2, 1, 'N/A', 1.50, 'CANCELADO', 1.50, 0.00, NULL, NULL, NULL, '2025-02-28', '17:00:10', '2025-02-28', '17:00:14', 'ENTREGADO AZAPAMPA', 'H');

-- Volcando estructura para tabla ferr_ros_h.descuento
CREATE TABLE IF NOT EXISTS `descuento` (
  `id` int NOT NULL AUTO_INCREMENT,
  `porcentaje` float(100,2) DEFAULT NULL,
  `est` char(1) DEFAULT NULL,
  PRIMARY KEY (`id`)
) ENGINE=InnoDB AUTO_INCREMENT=2 DEFAULT CHARSET=utf8mb4 COLLATE=utf8mb4_0900_ai_ci;

-- Volcando datos para la tabla ferr_ros_h.descuento: ~0 rows (aproximadamente)
INSERT INTO `descuento` (`id`, `porcentaje`, `est`) VALUES
	(1, 0.50, 'H');

-- Volcando estructura para tabla ferr_ros_h.egreso
CREATE TABLE IF NOT EXISTS `egreso` (
  `id` int NOT NULL AUTO_INCREMENT,
  `id_tienda` int NOT NULL,
  `id_usuario` int NOT NULL,
  `descripcion` varchar(250) DEFAULT NULL,
  `tipopago` char(13) DEFAULT NULL,
  `monto` float(200,2) NOT NULL,
  `fecha` date DEFAULT NULL,
  `hora` time DEFAULT NULL,
  `turno` char(6) DEFAULT NULL,
  `est` char(1) NOT NULL,
  PRIMARY KEY (`id`),
  KEY `fk_egreso_tienda` (`id_tienda`),
  KEY `fk_egreso_usuario` (`id_usuario`),
  CONSTRAINT `fk_egreso_tienda` FOREIGN KEY (`id_tienda`) REFERENCES `tienda` (`id`),
  CONSTRAINT `fk_egreso_usuario` FOREIGN KEY (`id_usuario`) REFERENCES `usuario` (`id`)
) ENGINE=InnoDB AUTO_INCREMENT=110 DEFAULT CHARSET=utf8mb4 COLLATE=utf8mb4_0900_ai_ci;

-- Volcando datos para la tabla ferr_ros_h.egreso: ~95 rows (aproximadamente)
INSERT INTO `egreso` (`id`, `id_tienda`, `id_usuario`, `descripcion`, `tipopago`, `monto`, `fecha`, `hora`, `turno`, `est`) VALUES
	(1, 1, 1, 'Almuerzo', 'EFECTIVO', 8.00, '2025-01-15', '12:27:11', 'MAÑANA', 'H'),
	(2, 1, 1, 'pasaje', 'EFECTIVO', 3.00, '2025-01-15', '17:40:25', 'TARDE', 'H'),
	(3, 1, 2, 'almuerzo', 'EFECTIVO', 8.00, '2025-01-16', '13:08:51', 'MAÑANA', 'H'),
	(4, 1, 2, 'pasaje', 'EFECTIVO', 3.00, '2025-01-16', '17:57:22', 'TARDE', 'H'),
	(5, 1, 2, 'almuerzo', 'EFECTIVO', 8.00, '2025-01-20', '13:53:27', 'MAÑANA', 'H'),
	(6, 1, 2, 'carlos -jugo', 'EFECTIVO', 2.00, '2025-01-20', '13:53:58', 'MAÑANA', 'H'),
	(7, 1, 2, 'se dio vuelto de caja', 'EFECTIVO', 81.50, '2025-01-20', '13:54:56', 'MAÑANA', 'H'),
	(8, 1, 2, 'almuerzo', 'EFECTIVO', 8.00, '2025-01-21', '12:58:35', 'MAÑANA', 'H'),
	(9, 1, 1, 'Almuerzo', 'EFECTIVO', 8.00, '2025-01-17', '17:02:35', 'MAÑANA', 'H'),
	(10, 1, 1, 'Pasaje', 'EFECTIVO', 3.00, '2025-01-17', '17:02:46', 'TARDE', 'H'),
	(11, 1, 1, 'Pasajes', 'EFECTIVO', 3.00, '2025-01-20', '17:03:38', 'TARDE', 'H'),
	(12, 1, 1, 'Almuerzo', 'EFECTIVO', 8.00, '2025-01-21', '17:04:35', 'MAÑANA', 'H'),
	(13, 1, 2, 'almuerzo', 'EFECTIVO', 8.00, '2025-01-22', '17:57:23', 'TARDE', 'H'),
	(14, 1, 2, 'pasaje', 'EFECTIVO', 3.00, '2025-01-22', '17:57:40', 'TARDE', 'H'),
	(15, 1, 2, 'ace', 'EFECTIVO', 1.50, '2025-01-22', '17:58:01', 'TARDE', 'H'),
	(16, 1, 2, 'retiro efectivo llevo carlos', 'EFECTIVO', 700.00, '2025-01-22', '17:58:45', 'TARDE', 'H'),
	(17, 1, 2, 'retiro efectivo tarde ', 'EFECTIVO', 1600.00, '2025-01-22', '17:59:10', 'TARDE', 'H'),
	(18, 1, 2, 'almuerzo', 'EFECTIVO', 8.00, '2025-01-23', '12:45:25', 'MAÑANA', 'H'),
	(19, 1, 2, 'jugo', 'EFECTIVO', 4.00, '2025-01-23', '12:45:41', 'MAÑANA', 'H'),
	(20, 1, 2, 'pasaje', 'EFECTIVO', 3.00, '2025-01-24', '17:45:37', 'TARDE', 'H'),
	(21, 1, 2, 'almuerzo ', 'EFECTIVO', 8.00, '2025-01-27', '16:27:23', 'TARDE', 'H'),
	(22, 1, 2, 'compra de tanques ', 'EFECTIVO', 1000.00, '2025-01-27', '16:27:45', 'TARDE', 'H'),
	(23, 1, 2, 'almuerzo ', 'EFECTIVO', 8.00, '2025-01-28', '16:53:03', 'TARDE', 'H'),
	(24, 1, 1, 'almuerzo', 'EFECTIVO', 8.00, '2025-01-29', '16:19:30', 'TARDE', 'H'),
	(25, 1, 1, 'almuerzo ', 'EFECTIVO', 8.00, '2025-01-30', '14:36:38', 'TARDE', 'H'),
	(26, 1, 2, 'Almuerzo ', 'EFECTIVO', 8.00, '2025-01-31', '10:05:58', 'TARDE', 'H'),
	(27, 1, 2, 'Pasaje Doris', 'EFECTIVO', 3.00, '2025-01-31', '10:06:16', 'TARDE', 'H'),
	(28, 1, 2, 'Pasaje Doris', 'EFECTIVO', 3.00, '2025-01-31', '10:06:31', 'TARDE', 'H'),
	(29, 1, 2, 'obra azapampa carlos', 'EFECTIVO', 46.50, '2025-02-01', '12:37:57', 'MAÑANA', 'H'),
	(30, 1, 2, 'Pago de Agregados', 'EFECTIVO', 400.00, '2025-02-01', '12:44:46', 'MAÑANA', 'H'),
	(31, 1, 2, 'almuerzo', 'EFECTIVO', 8.00, '2025-02-03', '17:17:48', 'TARDE', 'H'),
	(32, 1, 2, 'DESCUENTO DE CUADERNO', 'EFECTIVO', 2900.00, '2025-02-03', '17:18:46', 'TARDE', 'H'),
	(33, 1, 2, 'PASAJE', 'EFECTIVO', 3.00, '2025-02-03', '17:31:27', 'TARDE', 'H'),
	(34, 1, 2, 'retiro de efectivo', 'EFECTIVO', 9600.00, '2025-02-03', '17:49:12', 'TARDE', 'H'),
	(35, 1, 2, 'Almuerzo ', 'EFECTIVO', 8.00, '2025-02-04', '15:46:09', 'TARDE', 'H'),
	(36, 1, 2, 'OBRA AZAPAMPA -CARLOS', 'EFECTIVO', 96.00, '2025-02-04', '15:58:30', 'TARDE', 'H'),
	(37, 1, 2, 'pasaje', 'EFECTIVO', 3.00, '2025-02-04', '17:22:22', 'TARDE', 'H'),
	(38, 1, 2, 'pasaje', 'EFECTIVO', 3.00, '2025-02-05', '17:34:34', 'TARDE', 'H'),
	(39, 1, 2, 'OBRA AZAPAMPA', 'EFECTIVO', 96.00, '2025-02-05', '18:03:20', 'NOCHE', 'D'),
	(40, 1, 2, 'JUGO CARLOS', 'EFECTIVO', 1.50, '2025-02-05', '18:03:31', 'NOCHE', 'H'),
	(41, 1, 2, 'RETIRO EFECTIVO ', 'EFECTIVO', 3100.00, '2025-02-05', '18:04:39', 'NOCHE', 'H'),
	(42, 1, 2, 'almuerzo ', 'EFECTIVO', 8.00, '2025-02-06', '17:19:26', 'TARDE', 'H'),
	(43, 1, 2, 'RETIRO EFECTIVO ', 'EFECTIVO', 6500.00, '2025-02-06', '17:48:48', 'TARDE', 'H'),
	(44, 1, 2, 'PASAJE', 'EFECTIVO', 3.00, '2025-02-06', '17:48:59', 'TARDE', 'H'),
	(45, 1, 2, 'almuerzo ', 'EFECTIVO', 8.00, '2025-02-07', '08:54:04', 'MAÑANA', 'H'),
	(46, 1, 2, 'PASAJE', 'EFECTIVO', 3.00, '2025-02-07', '08:54:15', 'MAÑANA', 'H'),
	(47, 1, 2, 'OBRA AZAPAMPA CARLOS ', 'EFECTIVO', 295.00, '2025-02-07', '08:55:04', 'MAÑANA', 'H'),
	(48, 1, 2, 'SALIDA DE TECNOPOR A HUANCAN', 'EFECTIVO', 234.00, '2025-02-07', '08:56:14', 'MAÑANA', 'H'),
	(49, 1, 2, 'RETIRO DE EFECTIVO', 'EFECTIVO', 7800.00, '2025-02-07', '08:57:19', 'MAÑANA', 'H'),
	(50, 1, 2, 'pasaje', 'EFECTIVO', 3.00, '2025-02-08', '12:36:36', 'MAÑANA', 'H'),
	(51, 1, 2, 'RETIRO EFECTIVO ', 'EFECTIVO', 3000.00, '2025-02-08', '12:36:58', 'MAÑANA', 'H'),
	(52, 1, 2, 'OBRA AZAPAMPA CARLOS', 'EFECTIVO', 297.50, '2025-02-05', '09:08:34', 'MAÑANA', 'H'),
	(53, 1, 2, 'SALIDA A TIENDA HUANCAN', 'EFECTIVO', 0.00, '2025-02-10', '10:00:04', 'MAÑANA', 'H'),
	(54, 1, 2, 'almuerzo alexandro y doris', 'EFECTIVO', 16.00, '2025-02-10', '18:03:51', 'NOCHE', 'H'),
	(55, 1, 2, 'pasaje', 'EFECTIVO', 3.00, '2025-02-10', '18:04:06', 'NOCHE', 'H'),
	(56, 1, 2, 'pago a cuenta maestro daniel', 'EFECTIVO', 2509.00, '2025-02-10', '18:04:30', 'NOCHE', 'H'),
	(57, 1, 2, 'retiro de efectivo', 'EFECTIVO', 14500.00, '2025-02-10', '18:05:02', 'NOCHE', 'H'),
	(58, 1, 2, 'almuerzo alexandro y doris', 'EFECTIVO', 16.00, '2025-02-11', '16:28:21', 'TARDE', 'H'),
	(59, 1, 2, 'PASAJE', 'EFECTIVO', 3.00, '2025-02-11', '17:37:15', 'TARDE', 'H'),
	(60, 1, 2, 'RETIRO DE EFECTIVO', 'EFECTIVO', 7400.00, '2025-02-11', '17:51:41', 'TARDE', 'H'),
	(61, 1, 2, 'Almuerzo ', 'EFECTIVO', 8.00, '2025-02-12', '16:33:29', 'TARDE', 'H'),
	(62, 1, 2, 'RETIRO EFECTIVO ', 'EFECTIVO', 1000.00, '2025-02-12', '17:54:35', 'TARDE', 'H'),
	(63, 1, 2, 'pasaje hugo', 'EFECTIVO', 5.00, '2025-02-13', '11:32:03', 'MAÑANA', 'H'),
	(64, 1, 2, 'almuerzo,doris,carlos,hugo', 'EFECTIVO', 24.00, '2025-02-13', '16:12:55', 'TARDE', 'H'),
	(65, 1, 2, 'pago de alambre', 'EFECTIVO', 960.00, '2025-02-13', '16:26:30', 'TARDE', 'H'),
	(66, 1, 2, 'RETIRO EFECTIVO LLEVO CARLOS', 'EFECTIVO', 3000.00, '2025-02-13', '17:19:49', 'TARDE', 'H'),
	(67, 1, 2, 'pasaje del dia 12-02-25', 'EFECTIVO', 3.00, '2025-02-13', '17:23:02', 'TARDE', 'H'),
	(68, 1, 2, 'pasaje 13-02', 'EFECTIVO', 3.00, '2025-02-13', '17:23:14', 'TARDE', 'H'),
	(69, 1, 2, 'taxi carlos', 'EFECTIVO', 13.00, '2025-02-14', '16:54:50', 'TARDE', 'H'),
	(70, 1, 2, 'almuerzo ', 'EFECTIVO', 8.00, '2025-02-14', '16:55:16', 'TARDE', 'H'),
	(71, 1, 2, 'RETIRO DE EFECTIVO', 'EFECTIVO', 6200.00, '2025-02-14', '10:10:28', 'MAÑANA', 'H'),
	(72, 1, 2, 'Pago de Arena Gruesa, Se desconto a su deuda', 'BCP', 220.00, '2025-02-14', '10:11:25', 'MAÑANA', 'H'),
	(73, 1, 2, 'carlos para arreglar con maestro Daniel', 'EFECTIVO', 250.00, '2025-02-17', '12:26:40', 'MAÑANA', 'H'),
	(74, 1, 2, 'ALMUERZO DORIS,HUGO,ALEXANDRO Y FREDY', 'EFECTIVO', 32.00, '2025-02-17', '15:45:30', 'TARDE', 'H'),
	(75, 1, 2, 'PASAJE', 'EFECTIVO', 3.00, '2025-02-17', '15:45:44', 'TARDE', 'H'),
	(76, 1, 2, 'RETIRO EFECTIVO ', 'EFECTIVO', 14600.00, '2025-02-17', '15:46:00', 'TARDE', 'H'),
	(77, 1, 2, 'RETIRO EFECTIVO carlos', 'EFECTIVO', 3300.00, '2025-02-18', '17:46:21', 'TARDE', 'H'),
	(78, 1, 2, 'ALMUERZO ', 'EFECTIVO', 16.00, '2025-02-18', '17:59:18', 'TARDE', 'H'),
	(79, 1, 2, 'PASAJE', 'EFECTIVO', 3.00, '2025-02-18', '18:00:04', 'NOCHE', 'H'),
	(80, 1, 2, 'Almuerzo ', 'EFECTIVO', 8.00, '2025-02-19', '17:41:57', 'TARDE', 'H'),
	(81, 1, 2, 'pasaje', 'EFECTIVO', 3.00, '2025-02-19', '17:42:07', 'TARDE', 'H'),
	(82, 1, 2, 'RETIRO EFECTIVO ', 'EFECTIVO', 2600.00, '2025-02-19', '17:53:55', 'TARDE', 'H'),
	(83, 1, 2, 'RETIRO EFECTIVO ', 'EFECTIVO', 1450.00, '2025-02-21', '17:51:29', 'TARDE', 'H'),
	(84, 1, 2, 'DESAYUNO CARLOS', 'EFECTIVO', 20.00, '2025-02-21', '17:51:49', 'TARDE', 'H'),
	(85, 1, 2, 'PAGO DE AGUA LLEVO CARLOS', 'EFECTIVO', 50.00, '2025-02-21', '17:52:05', 'TARDE', 'H'),
	(86, 1, 2, 'ALMUERZO ', 'EFECTIVO', 16.00, '2025-02-21', '17:52:17', 'TARDE', 'H'),
	(87, 1, 2, 'PAGO DE ESTIBADOR SR ANIBAL', 'EFECTIVO', 55.00, '2025-02-21', '17:55:22', 'TARDE', 'H'),
	(88, 1, 2, 'se da devolucion a cliente luisa', 'EFECTIVO', 600.00, '2025-02-22', '14:28:01', 'TARDE', 'H'),
	(89, 1, 2, 'RETIRO EFECTIVO ', 'EFECTIVO', 5500.00, '2025-02-20', '12:17:05', 'MAÑANA', 'H'),
	(90, 1, 2, 'almuerzo ', 'EFECTIVO', 8.00, '2025-02-20', '12:38:52', 'MAÑANA', 'H'),
	(91, 1, 2, 'Pago de Arena Gruesa 6 Cubos y Arena Fina 2 Cubos', 'EFECTIVO', 490.00, '2025-02-20', '12:40:49', 'MAÑANA', 'H'),
	(92, 1, 2, 'pago maestro daniel', 'EFECTIVO', 3400.00, '2025-02-22', '13:09:27', 'NOCHE', 'H'),
	(93, 1, 2, 'RETIRO EFECTIVO ', 'EFECTIVO', 5700.00, '2025-02-22', '14:47:02', 'TARDE', 'H'),
	(94, 1, 2, 'se da devolucon saldo a favor a cliente luisa', 'EFECTIVO', 600.00, '2025-02-24', '14:47:27', 'TARDE', 'D'),
	(95, 1, 2, 'almuerzo ', 'EFECTIVO', 32.00, '2025-02-24', '15:44:16', 'TARDE', 'H'),
	(96, 1, 2, 'retiro de efectivo', 'EFECTIVO', 11300.00, '2025-02-24', '18:20:36', 'NOCHE', 'H'),
	(97, 1, 2, 'ALMUERZO', 'EFECTIVO', 24.00, '2025-02-25', '16:02:33', 'TARDE', 'H'),
	(98, 1, 2, 'RETIRO EFECTIVO ', 'EFECTIVO', 7400.00, '2025-02-25', '16:02:45', 'TARDE', 'H'),
	(99, 1, 1, 'RETIRO DE EFECTIVO CARLOS', 'EFECTIVO', 4800.00, '2025-02-26', '17:05:45', 'TARDE', 'H'),
	(100, 1, 2, 'Almuerzo ', 'EFECTIVO', 16.00, '2025-02-26', '17:25:24', 'TARDE', 'H'),
	(101, 1, 1, 'RETIRO DE EFECTIVO CARLOS', 'EFECTIVO', 5200.00, '2025-02-26', '17:44:07', 'TARDE', 'H'),
	(102, 1, 2, 'RETIRO EFECTIVO ', 'EFECTIVO', 4500.00, '2025-02-27', '17:05:23', 'TARDE', 'H'),
	(103, 1, 2, 'PASAJE CARLOS', 'EFECTIVO', 2.00, '2025-02-27', '18:13:58', 'NOCHE', 'H'),
	(104, 1, 2, 'PASAJE', 'EFECTIVO', 3.00, '2025-02-27', '18:21:39', 'NOCHE', 'H'),
	(105, 1, 2, 'ALMUERZO', 'EFECTIVO', 16.00, '2025-02-27', '18:22:30', 'NOCHE', 'H'),
	(106, 1, 2, 'DEVOLUCION DE NOTA DE VENTA 402 A CLIENTE LUISA', 'EFECTIVO', 6.50, '2025-02-28', '16:25:23', 'TARDE', 'H'),
	(107, 1, 2, 'ALMUERZO,HUGO,ALEXANDRO,FREDY Y DORIS', 'EFECTIVO', 32.00, '2025-02-28', '16:25:52', 'TARDE', 'H'),
	(108, 1, 2, 'RETIRO EFECTIVO ', 'EFECTIVO', 27000.00, '2025-02-28', '16:51:49', 'TARDE', 'H'),
	(109, 1, 2, 'PAGO DE LADRILLO PANDERETA', 'EFECTIVO', 1590.00, '2025-02-28', '17:01:18', 'TARDE', 'H');

-- Volcando estructura para tabla ferr_ros_h.familia
CREATE TABLE IF NOT EXISTS `familia` (
  `id` int NOT NULL AUTO_INCREMENT,
  `nombre` varchar(150) NOT NULL,
  `est` char(1) NOT NULL,
  PRIMARY KEY (`id`)
) ENGINE=InnoDB AUTO_INCREMENT=17 DEFAULT CHARSET=utf8mb4 COLLATE=utf8mb4_0900_ai_ci;

-- Volcando datos para la tabla ferr_ros_h.familia: ~16 rows (aproximadamente)
INSERT INTO `familia` (`id`, `nombre`, `est`) VALUES
	(1, 'ACERO', 'H'),
	(2, 'INSTALACIONES SANITARIAS', 'H'),
	(3, 'INSTALACIONES ELECTRICAS', 'H'),
	(4, 'DISCOS Y BROCAS', 'H'),
	(5, 'PERNOS Y TORNILLOS', 'H'),
	(6, 'HERRAMIENTAS', 'H'),
	(7, 'SOLDADURA', 'H'),
	(8, 'INSUMOS DE LIMPIEZA', 'H'),
	(9, 'ADITIVOS', 'H'),
	(10, 'PINTURAS', 'H'),
	(11, 'CEMENTO', 'H'),
	(12, 'LADRILLO', 'H'),
	(13, 'PLANCHAS', 'H'),
	(14, 'TANQUES Y CISTERNAS', 'H'),
	(15, 'TECNOPOR', 'H'),
	(16, 'OTRO', 'H');

-- Volcando estructura para tabla ferr_ros_h.ingreso
CREATE TABLE IF NOT EXISTS `ingreso` (
  `id` int NOT NULL AUTO_INCREMENT,
  `id_tienda` int NOT NULL,
  `id_usuario` int DEFAULT NULL,
  `id_cliente` int DEFAULT NULL,
  `id_cuaderno` int DEFAULT NULL,
  `tipopago` char(13) DEFAULT NULL,
  `ingresos` float(200,2) DEFAULT NULL,
  `deudas` float(200,2) DEFAULT NULL,
  `fecha` date DEFAULT NULL,
  `hora` time DEFAULT NULL,
  `turno` char(6) DEFAULT NULL,
  `descripcion` varchar(250) DEFAULT NULL,
  `est` char(1) NOT NULL,
  PRIMARY KEY (`id`),
  KEY `fk_ingreso_tienda` (`id_tienda`),
  KEY `fk_ingreso_cliente` (`id_cliente`),
  KEY `fk_ingreso_cuaderno` (`id_cuaderno`),
  KEY `fk_ingreso_usuario` (`id_usuario`),
  CONSTRAINT `fk_ingreso_cliente` FOREIGN KEY (`id_cliente`) REFERENCES `cliente` (`id`),
  CONSTRAINT `fk_ingreso_cuaderno` FOREIGN KEY (`id_cuaderno`) REFERENCES `cuaderno` (`id`),
  CONSTRAINT `fk_ingreso_tienda` FOREIGN KEY (`id_tienda`) REFERENCES `tienda` (`id`),
  CONSTRAINT `fk_ingreso_usuario` FOREIGN KEY (`id_usuario`) REFERENCES `usuario` (`id`)
) ENGINE=InnoDB AUTO_INCREMENT=495 DEFAULT CHARSET=utf8mb4 COLLATE=utf8mb4_0900_ai_ci;

-- Volcando datos para la tabla ferr_ros_h.ingreso: ~315 rows (aproximadamente)
INSERT INTO `ingreso` (`id`, `id_tienda`, `id_usuario`, `id_cliente`, `id_cuaderno`, `tipopago`, `ingresos`, `deudas`, `fecha`, `hora`, `turno`, `descripcion`, `est`) VALUES
	(1, 1, 2, 1, 1, 'EFECTIVO', 59.00, 0.00, '2025-01-14', '11:45:06', 'MAÑANA', 'N/A', 'H'),
	(2, 1, 2, 2, 2, 'EFECTIVO', 0.00, 7882.65, '2025-01-14', '08:53:11', 'MAÑANA', 'N/A', 'H'),
	(3, 1, 2, 1, 3, 'EFECTIVO', 20.00, 0.00, '2025-01-14', '08:55:34', 'MAÑANA', 'N/A', 'H'),
	(4, 1, 2, 1, 4, 'EFECTIVO', 44.40, 0.00, '2025-01-14', '08:58:50', 'MAÑANA', 'N/A', 'H'),
	(5, 1, 2, 1, 5, 'EFECTIVO', 16.00, 0.00, '2025-01-14', '09:35:04', 'MAÑANA', 'N/A', 'H'),
	(6, 1, 2, 1, 6, 'EFECTIVO', 35.30, 0.00, '2025-01-14', '09:38:20', 'MAÑANA', 'N/A', 'H'),
	(7, 1, 2, 1, 7, 'EFECTIVO', 23.00, 0.00, '2025-01-14', '09:41:56', 'MAÑANA', 'N/A', 'H'),
	(8, 1, 2, 1, 8, 'EFECTIVO', 116.00, 0.00, '2025-01-14', '09:43:01', 'MAÑANA', 'N/A', 'H'),
	(9, 1, 2, 1, 9, 'EFECTIVO', 0.00, 332.40, '2025-01-15', '10:05:51', 'MAÑANA', 'N/A', 'H'),
	(10, 1, 2, 1, 10, 'EFECTIVO', 2392.25, 0.00, '2025-01-15', '10:21:04', 'MAÑANA', 'N/A', 'H'),
	(11, 1, 2, 1, 11, 'EFECTIVO', 70.40, 0.00, '2025-01-15', '10:26:23', 'MAÑANA', 'N/A', 'H'),
	(12, 1, 2, 1, 12, 'EFECTIVO', 133.50, 0.00, '2025-01-15', '17:15:19', 'TARDE', 'N/A', 'H'),
	(13, 1, 2, 1, 13, 'EFECTIVO', 10.00, 0.00, '2025-01-15', '17:51:09', 'TARDE', 'N/A', 'H'),
	(14, 1, 2, 1, 14, 'EFECTIVO', 6.00, 0.00, '2025-01-15', '17:55:57', 'TARDE', 'N/A', 'H'),
	(15, 1, 2, 1, 15, 'EFECTIVO', 520.00, 0.00, '2025-01-15', '17:57:08', 'TARDE', 'N/A', 'H'),
	(16, 1, 2, 1, 16, 'EFECTIVO', 114.00, 0.00, '2025-01-15', '17:57:56', 'TARDE', 'N/A', 'H'),
	(17, 1, 2, 1, 9, 'EFECTIVO', 332.40, 0.00, '2025-01-15', '16:31:36', 'TARDE', 'N/A', 'H'),
	(18, 1, 2, 1, 17, 'EFECTIVO', 37.50, 0.00, '2025-01-16', '12:35:24', 'MAÑANA', 'N/A', 'H'),
	(19, 1, 2, 1, 18, 'EFECTIVO', 29.50, 0.00, '2025-01-16', '12:36:17', 'MAÑANA', 'N/A', 'H'),
	(20, 1, 2, 1, 19, 'EFECTIVO', 15.00, 0.00, '2025-01-16', '12:41:19', 'MAÑANA', 'N/A', 'H'),
	(21, 1, 2, 1, 20, 'EFECTIVO', 590.00, 0.00, '2025-01-16', '13:08:07', 'MAÑANA', 'N/A', 'H'),
	(22, 1, 2, 1, 21, 'TRANSFERENCIA', 74.00, 0.00, '2025-01-16', '17:30:15', 'TARDE', 'N/A', 'H'),
	(23, 1, 2, 3, 22, 'EFECTIVO', 0.00, 1300.00, '2025-01-16', '17:31:13', 'MAÑANA', 'N/A', 'H'),
	(24, 1, 2, 3, 22, 'EFECTIVO', 1300.00, 0.00, '2025-01-16', '17:32:53', 'MAÑANA', 'N/A', 'H'),
	(25, 1, 2, 1, 23, 'EFECTIVO', 59.00, 0.00, '2025-01-17', '11:37:07', 'MAÑANA', 'N/A', 'H'),
	(26, 1, 2, 1, 24, 'TRANSFERENCIA', 588.70, 0.00, '2025-01-17', '12:06:36', 'MAÑANA', 'N/A', 'H'),
	(27, 1, 2, 1, 25, 'TRANSFERENCIA', 3910.82, 0.00, '2025-01-17', '12:14:19', 'MAÑANA', 'N/A', 'H'),
	(28, 1, 2, 1, 26, 'EFECTIVO', 20.00, 0.00, '2025-01-17', '12:15:33', 'MAÑANA', 'N/A', 'H'),
	(29, 1, 2, 1, 27, 'EFECTIVO', 5102.80, 0.00, '2025-01-17', '12:24:13', 'MAÑANA', 'N/A', 'H'),
	(30, 1, 2, 1, 28, 'EFECTIVO', 73.00, 0.00, '2025-01-17', '12:27:15', 'MAÑANA', 'N/A', 'H'),
	(31, 1, 2, 1, 29, 'EFECTIVO', 106.00, 0.00, '2025-01-17', '12:28:07', 'MAÑANA', 'N/A', 'H'),
	(32, 1, 2, 1, 30, 'EFECTIVO', 8712.05, 0.00, '2025-01-18', '12:39:19', 'MAÑANA', 'N/A', 'H'),
	(33, 1, 2, 1, 31, 'EFECTIVO', 90.00, 0.00, '2025-01-18', '12:40:44', 'MAÑANA', 'N/A', 'H'),
	(34, 1, 2, 1, 32, 'EFECTIVO', 228.00, 0.00, '2025-01-18', '12:42:00', 'MAÑANA', 'N/A', 'H'),
	(35, 1, 2, 1, 33, 'EFECTIVO', 14.40, 0.00, '2025-01-20', '17:45:04', 'TARDE', 'N/A', 'H'),
	(36, 1, 2, 1, 34, 'TRANSFERENCIA', 5851.50, 0.00, '2025-01-20', '11:06:29', 'MAÑANA', 'N/A', 'H'),
	(37, 1, 2, 1, 35, 'EFECTIVO', 1154.00, 0.00, '2025-01-20', '11:09:55', 'MAÑANA', 'N/A', 'H'),
	(38, 1, 2, 1, 36, 'EFECTIVO', 180.50, 0.00, '2025-01-21', '12:55:17', 'MAÑANA', 'N/A', 'H'),
	(39, 1, 2, 1, 37, 'EFECTIVO', 11.00, 0.00, '2025-01-18', '16:00:27', 'MAÑANA', 'N/A', 'H'),
	(40, 1, 2, 1, 38, 'EFECTIVO', 205.10, 0.00, '2025-01-21', '16:24:39', 'TARDE', 'N/A', 'H'),
	(41, 1, 2, 1, 39, 'EFECTIVO', 37.00, 0.00, '2025-01-21', '16:27:26', 'TARDE', 'N/A', 'H'),
	(42, 1, 2, 1, 40, 'TRANSFERENCIA', 9.00, 0.00, '2025-01-21', '16:28:37', 'TARDE', 'N/A', 'H'),
	(43, 1, 2, 1, 41, 'EFECTIVO', 53.00, 0.00, '2025-01-21', '16:29:45', 'TARDE', 'N/A', 'H'),
	(44, 1, 2, 1, 42, 'EFECTIVO', 53.00, 0.00, '2025-01-21', '16:30:44', 'TARDE', 'N/A', 'H'),
	(45, 1, 2, 1, 43, 'EFECTIVO', 38.00, 0.00, '2025-01-21', '16:44:35', 'TARDE', 'N/A', 'H'),
	(46, 1, 2, 1, 44, 'EFECTIVO', 53.00, 0.00, '2025-01-21', '16:47:20', 'TARDE', 'N/A', 'H'),
	(47, 1, 2, 1, 45, 'EFECTIVO', 296.50, 0.00, '2025-01-21', '16:53:47', 'TARDE', 'N/A', 'H'),
	(48, 1, 2, 1, 46, 'EFECTIVO', 0.00, 608.70, '2025-01-22', '17:10:19', 'TARDE', 'N/A', 'H'),
	(49, 1, 2, 1, 47, 'EFECTIVO', 2624.50, 0.00, '2025-01-22', '17:35:17', 'TARDE', 'N/A', 'H'),
	(50, 1, 2, 1, 48, 'EFECTIVO', 782.60, 0.00, '2025-01-22', '17:40:11', 'TARDE', 'N/A', 'H'),
	(51, 1, 2, 3, 49, 'EFECTIVO', 520.00, 0.00, '2025-01-22', '17:41:00', 'TARDE', 'N/A', 'H'),
	(52, 1, 2, 1, 50, 'EFECTIVO', 16.00, 0.00, '2025-01-22', '17:42:11', 'TARDE', 'N/A', 'H'),
	(53, 1, 2, 1, 51, 'EFECTIVO', 4.00, 0.00, '2025-01-22', '17:47:32', 'TARDE', 'N/A', 'H'),
	(54, 1, 2, 1, 52, 'EFECTIVO', 295.00, 0.00, '2025-01-22', '17:53:48', 'TARDE', 'N/A', 'H'),
	(55, 1, 2, 1, 53, 'EFECTIVO', 0.00, 1303.80, '2025-01-22', '17:55:02', 'TARDE', 'N/A', 'H'),
	(56, 1, 2, 1, 54, 'EFECTIVO', 53.50, 0.00, '2025-01-22', '17:56:36', 'TARDE', 'N/A', 'H'),
	(57, 1, 2, 1, 55, 'EFECTIVO', 1930.50, 0.00, '2025-01-23', '12:49:07', 'MAÑANA', 'N/A', 'H'),
	(58, 1, 2, 1, 56, 'EFECTIVO', 53.00, 0.00, '2025-01-23', '12:50:13', 'MAÑANA', 'N/A', 'H'),
	(59, 1, 2, 2, 57, 'EFECTIVO', 0.00, 152.20, '2025-01-23', '12:54:39', 'MAÑANA', 'N/A', 'H'),
	(60, 1, 2, 1, 58, 'TRANSFERENCIA', 62.30, 0.00, '2025-01-23', '12:56:38', 'MAÑANA', 'N/A', 'H'),
	(61, 1, 2, 3, 59, 'EFECTIVO', 780.00, 0.00, '2025-01-23', '12:57:43', 'MAÑANA', 'N/A', 'H'),
	(62, 1, 2, 1, 60, 'EFECTIVO', 125.00, 0.00, '2025-01-23', '12:58:35', 'MAÑANA', 'N/A', 'H'),
	(63, 1, 2, 1, 61, 'TRANSFERENCIA', 15200.00, 0.00, '2025-01-23', '13:00:34', 'MAÑANA', 'N/A', 'H'),
	(64, 1, 2, 1, 62, 'EFECTIVO', 1763.50, 0.00, '2025-01-23', '13:02:00', 'MAÑANA', 'N/A', 'H'),
	(65, 1, 2, 1, 53, 'EFECTIVO', 1303.80, 0.00, '2025-01-23', '15:42:40', 'TARDE', 'N/A', 'H'),
	(66, 1, 2, 1, 63, 'TRANSFERENCIA', 34.50, 0.00, '2025-01-23', '16:35:16', 'TARDE', 'N/A', 'H'),
	(67, 1, 2, 1, 64, 'EFECTIVO', 350.50, 0.00, '2025-01-23', '16:37:37', 'TARDE', 'N/A', 'H'),
	(68, 1, 2, 1, 65, 'EFECTIVO', 320.70, 0.00, '2025-01-23', '17:07:14', 'TARDE', 'N/A', 'H'),
	(69, 1, 2, 1, 66, 'EFECTIVO', 10.00, 0.00, '2025-01-23', '17:08:10', 'TARDE', 'N/A', 'H'),
	(70, 1, 2, 1, 67, 'EFECTIVO', 26.50, 0.00, '2025-01-23', '17:40:53', 'TARDE', 'N/A', 'H'),
	(71, 1, 2, 1, 68, 'EFECTIVO', 53.00, 0.00, '2025-01-24', '16:02:25', 'TARDE', 'N/A', 'H'),
	(72, 1, 2, 1, 69, 'EFECTIVO', 77.60, 0.00, '2025-01-24', '16:03:30', 'TARDE', 'N/A', 'H'),
	(73, 1, 2, 1, 70, 'EFECTIVO', 19.00, 0.00, '2025-01-24', '16:05:18', 'TARDE', 'N/A', 'H'),
	(74, 1, 2, 4, 71, 'TRANSFERENCIA', 2600.00, 0.00, '2025-01-24', '16:23:37', 'TARDE', 'N/A', 'H'),
	(75, 1, 2, 1, 72, 'EFECTIVO', 415.60, 0.00, '2025-01-24', '16:32:33', 'TARDE', 'N/A', 'H'),
	(76, 1, 2, 1, 73, 'EFECTIVO', 113.00, 0.00, '2025-01-24', '16:56:32', 'TARDE', 'N/A', 'H'),
	(77, 1, 2, 1, 74, 'TRANSFERENCIA', 67.50, 0.00, '2025-01-24', '16:59:01', 'TARDE', 'N/A', 'H'),
	(78, 1, 2, 1, 75, 'EFECTIVO', 895.00, 0.00, '2025-01-24', '17:03:08', 'TARDE', 'N/A', 'H'),
	(79, 1, 2, 1, 76, 'EFECTIVO', 53.00, 0.00, '2025-01-25', '11:55:50', 'MAÑANA', 'N/A', 'H'),
	(80, 1, 2, 1, 77, 'EFECTIVO', 116.50, 0.00, '2025-01-25', '12:02:03', 'MAÑANA', 'N/A', 'H'),
	(81, 1, 2, 1, 78, 'EFECTIVO', 1475.00, 0.00, '2025-01-25', '12:03:01', 'MAÑANA', 'N/A', 'H'),
	(82, 1, 2, 1, 79, 'EFECTIVO', 0.00, 1205.05, '2025-01-25', '12:04:40', 'MAÑANA', 'N/A', 'H'),
	(83, 1, 2, 1, 80, 'EFECTIVO', 10.00, 0.00, '2025-01-25', '12:05:48', 'MAÑANA', 'N/A', 'H'),
	(84, 1, 2, 1, 81, 'EFECTIVO', 1.50, 0.00, '2025-01-25', '12:06:28', 'MAÑANA', 'N/A', 'H'),
	(85, 1, 2, 1, 82, 'EFECTIVO', 50.00, 0.00, '2025-01-25', '12:08:26', 'MAÑANA', 'N/A', 'H'),
	(86, 1, 2, 1, 83, 'EFECTIVO', 29.50, 0.00, '2025-01-25', '12:09:22', 'MAÑANA', 'N/A', 'H'),
	(87, 1, 2, 1, 84, 'TRANSFERENCIA', 4584.80, 0.00, '2025-01-25', '12:11:22', 'MAÑANA', 'N/A', 'H'),
	(88, 1, 2, 1, 85, 'EFECTIVO', 100.00, 10.00, '2025-01-25', '12:14:03', 'MAÑANA', 'N/A', 'H'),
	(89, 1, 2, 1, 86, 'EFECTIVO', 100.00, 0.00, '2025-01-27', '16:13:38', 'TARDE', 'N/A', 'H'),
	(90, 1, 2, 1, 87, 'EFECTIVO', 170.84, 0.00, '2025-01-27', '16:22:53', 'TARDE', 'N/A', 'H'),
	(91, 1, 2, 1, 88, 'EFECTIVO', 442.50, 0.00, '2025-01-27', '16:26:51', 'TARDE', 'N/A', 'H'),
	(92, 1, 2, 1, 89, 'EFECTIVO', 16.00, 0.00, '2025-01-27', '16:28:20', 'TARDE', 'N/A', 'H'),
	(93, 1, 2, 1, 90, 'EFECTIVO', 22.00, 0.00, '2025-01-27', '16:33:07', 'TARDE', 'N/A', 'H'),
	(94, 1, 2, 1, 91, 'EFECTIVO', 10.00, 0.00, '2025-01-27', '16:34:08', 'TARDE', 'N/A', 'H'),
	(95, 1, 2, 1, 92, 'EFECTIVO', 639.29, 0.00, '2025-01-28', '10:45:38', 'MAÑANA', 'N/A', 'H'),
	(96, 1, 2, 1, 93, 'EFECTIVO', 113.30, 0.00, '2025-01-28', '16:42:00', 'TARDE', 'N/A', 'H'),
	(97, 1, 2, 1, 94, 'EFECTIVO', 193.00, 0.00, '2025-01-28', '16:44:46', 'TARDE', 'N/A', 'H'),
	(98, 1, 2, 1, 95, 'YAPE', 30.00, 0.00, '2025-01-28', '16:50:40', 'TARDE', 'N/A', 'H'),
	(99, 1, 2, 1, 96, 'BCP', 788.00, 0.00, '2025-01-29', '14:55:52', 'TARDE', 'N/A', 'H'),
	(100, 1, 2, 1, 97, 'EFECTIVO', 1100.00, 0.00, '2025-01-29', '15:15:55', 'TARDE', 'N/A', 'H'),
	(101, 1, 2, 1, 98, 'EFECTIVO', 31.50, 0.00, '2025-01-29', '15:19:14', 'TARDE', 'N/A', 'H'),
	(102, 1, 2, 1, 79, 'EFECTIVO', 1205.05, 0.00, '2025-01-29', '15:20:11', 'TARDE', 'N/A', 'H'),
	(103, 1, 2, 1, 99, 'EFECTIVO', 22.50, 0.00, '2025-01-29', '15:53:52', 'TARDE', 'N/A', 'H'),
	(104, 1, 2, 1, 100, 'EFECTIVO', 95.00, 0.00, '2025-01-29', '15:56:45', 'TARDE', 'N/A', 'H'),
	(105, 1, 2, 1, 101, 'YAPE', 141.62, 0.00, '2025-01-29', '16:01:31', 'TARDE', 'N/A', 'H'),
	(106, 1, 2, 1, 102, 'EFECTIVO', 1.00, 0.00, '2025-01-29', '16:03:16', 'TARDE', 'N/A', 'H'),
	(107, 1, 2, 1, 103, 'EFECTIVO', 3642.00, 0.00, '2025-01-29', '16:16:16', 'TARDE', 'N/A', 'H'),
	(108, 1, 2, 1, 104, 'EFECTIVO', 1880.00, 0.00, '2025-01-29', '16:18:59', 'TARDE', 'N/A', 'H'),
	(109, 1, 2, 1, 105, 'EFECTIVO', 118.00, 0.00, '2025-01-29', '16:20:57', 'TARDE', 'N/A', 'H'),
	(110, 1, 2, 1, 106, 'EFECTIVO', 0.00, 315.00, '2025-01-29', '16:22:41', 'TARDE', 'N/A', 'H'),
	(111, 1, 2, 1, 107, 'EFECTIVO', 293.00, 0.00, '2025-01-30', '14:32:00', 'TARDE', 'N/A', 'H'),
	(112, 1, 2, 1, 108, 'EFECTIVO', 29.50, 0.00, '2025-01-30', '14:33:33', 'TARDE', 'N/A', 'H'),
	(113, 1, 2, 1, 109, 'EFECTIVO', 4.00, 0.00, '2025-01-30', '14:37:56', 'TARDE', 'N/A', 'H'),
	(114, 1, 2, 1, 110, 'EFECTIVO', 10.00, 0.00, '2025-01-30', '14:42:15', 'TARDE', 'N/A', 'H'),
	(115, 1, 2, 1, 111, 'EFECTIVO', 35.00, 0.00, '2025-01-30', '14:43:21', 'TARDE', 'N/A', 'H'),
	(116, 1, 2, 1, 112, 'EFECTIVO', 910.00, 0.00, '2025-01-30', '14:44:17', 'TARDE', 'N/A', 'H'),
	(117, 1, 2, 1, 113, 'EFECTIVO', 4365.00, 0.00, '2025-01-30', '17:16:40', 'TARDE', 'N/A', 'H'),
	(118, 1, 2, 1, 114, 'EFECTIVO', 450.00, 0.00, '2025-01-30', '17:17:43', 'TARDE', 'N/A', 'H'),
	(119, 1, 2, 1, 115, 'EFECTIVO', 29.50, 0.00, '2025-01-30', '17:18:31', 'TARDE', 'N/A', 'H'),
	(120, 1, 2, 1, 116, 'EFECTIVO', 1694.00, 0.00, '2025-01-30', '17:26:44', 'TARDE', 'N/A', 'H'),
	(121, 1, 2, 1, 117, 'EFECTIVO', 5.00, 0.00, '2025-01-30', '17:27:35', 'TARDE', 'N/A', 'H'),
	(122, 1, 2, 1, 118, 'EFECTIVO', 15.00, 0.00, '2025-01-30', '17:37:00', 'TARDE', 'N/A', 'H'),
	(123, 1, 2, 1, 119, 'EFECTIVO', 31.10, 0.00, '2025-01-31', '09:10:37', 'MAÑANA', 'N/A', 'H'),
	(124, 1, 2, 1, 120, 'EFECTIVO', 2.50, 0.00, '2025-01-31', '09:11:37', 'MAÑANA', 'N/A', 'H'),
	(125, 1, 2, 1, 121, 'EFECTIVO', 40.00, 0.00, '2025-01-31', '09:22:33', 'MAÑANA', 'N/A', 'H'),
	(126, 1, 2, 1, 122, 'EFECTIVO', 230.00, 0.00, '2025-01-31', '09:23:35', 'MAÑANA', 'N/A', 'H'),
	(127, 1, 1, NULL, NULL, 'EFECTIVO', 100.00, 0.00, '2025-01-14', '09:36:11', 'MAÑANA', 'Apertura de Caja', 'H'),
	(128, 1, 1, NULL, NULL, 'EFECTIVO', 207.70, 0.00, '2025-01-24', '15:38:02', 'TARDE', 'Apertura de Caja', 'H'),
	(129, 1, 1, NULL, NULL, 'EFECTIVO', 841.50, 0.00, '2025-01-30', '09:38:17', 'MAÑANA', 'Apertura de Caja', 'H'),
	(130, 1, 2, NULL, NULL, 'EFECTIVO', 351.00, 0.00, '2025-01-31', '10:03:40', 'MAÑANA', 'Apertura de Caja', 'H'),
	(131, 1, 2, 1, 123, 'EFECTIVO', 18.00, 0.00, '2025-02-01', '12:32:48', 'MAÑANA', 'N/A', 'H'),
	(132, 1, 2, 1, 124, 'EFECTIVO', 46.50, 0.00, '2025-02-01', '12:37:14', 'MAÑANA', 'N/A', 'H'),
	(133, 1, 2, NULL, NULL, 'EFECTIVO', 640.50, 0.00, '2025-02-01', '12:38:42', 'MAÑANA', 'Apertura de Caja', 'H'),
	(134, 1, 2, 1, 125, 'EFECTIVO', 0.00, 921.50, '2025-02-03', '17:11:26', 'TARDE', 'N/A', 'H'),
	(135, 1, 2, 1, 126, 'EFECTIVO', 2900.00, 0.00, '2025-02-03', '17:16:21', 'TARDE', 'N/A', 'H'),
	(136, 1, 2, 1, 127, 'YAPE', 28.40, 0.00, '2025-02-03', '17:22:42', 'TARDE', 'N/A', 'H'),
	(137, 1, 2, 1, 128, 'EFECTIVO', 117.20, 0.00, '2025-02-03', '17:24:11', 'TARDE', 'N/A', 'H'),
	(138, 1, 2, 1, 129, 'EFECTIVO', 3.00, 0.00, '2025-02-03', '17:26:24', 'TARDE', 'N/A', 'H'),
	(139, 1, 2, 1, 130, 'EFECTIVO', 9455.00, 0.00, '2025-02-03', '17:30:07', 'TARDE', 'N/A', 'H'),
	(140, 1, 2, NULL, NULL, 'EFECTIVO', 258.50, 0.00, '2025-02-03', '17:52:23', 'TARDE', 'CAJA INICIO', 'H'),
	(141, 1, 2, 1, 131, 'EFECTIVO', 28.00, 0.00, '2025-02-04', '15:51:09', 'TARDE', 'N/A', 'H'),
	(142, 1, 2, 1, 132, 'EFECTIVO', 353.00, 0.00, '2025-02-04', '15:52:05', 'TARDE', 'N/A', 'H'),
	(143, 1, 2, 1, 133, 'EFECTIVO', 0.00, 358.00, '2025-02-04', '15:53:29', 'TARDE', 'N/A', 'H'),
	(144, 1, 2, 1, 134, 'EFECTIVO', 26.00, 0.00, '2025-02-04', '15:54:30', 'TARDE', 'N/A', 'H'),
	(145, 1, 2, 1, 135, 'EFECTIVO', 96.00, 0.00, '2025-02-04', '15:57:19', 'TARDE', 'N/A', 'H'),
	(146, 1, 2, 1, 136, 'EFECTIVO', 26.50, 0.00, '2025-02-04', '17:19:59', 'TARDE', 'N/A', 'H'),
	(147, 1, 2, NULL, NULL, 'EFECTIVO', 223.10, 0.00, '2025-02-04', '17:21:03', 'TARDE', 'CAJA INICIO', 'H'),
	(148, 1, 2, 1, 137, 'EFECTIVO', 297.50, 0.00, '2025-02-05', '12:34:18', 'MAÑANA', 'N/A', 'H'),
	(149, 1, 2, 1, 138, 'EFECTIVO', 3.00, 0.00, '2025-02-05', '12:35:07', 'MAÑANA', 'N/A', 'H'),
	(150, 1, 2, 1, 139, 'EFECTIVO', 504.00, 0.00, '2025-02-05', '12:37:49', 'MAÑANA', 'N/A', 'H'),
	(151, 1, 2, 1, 140, 'EFECTIVO', 0.00, 1173.15, '2025-02-05', '17:26:09', 'TARDE', 'N/A', 'H'),
	(152, 1, 2, 1, 141, 'EFECTIVO', 0.00, 164.10, '2025-02-05', '17:27:21', 'TARDE', 'N/A', 'H'),
	(153, 1, 2, 1, 142, 'EFECTIVO', 450.00, 0.00, '2025-02-05', '17:28:24', 'TARDE', 'N/A', 'H'),
	(154, 1, 2, NULL, NULL, 'EFECTIVO', 645.60, 0.00, '2025-02-05', '17:35:15', 'TARDE', 'Apertura de Caja', 'H'),
	(155, 1, 2, 1, 143, 'EFECTIVO', 400.00, 4010.00, '2025-02-05', '18:00:01', 'NOCHE', 'N/A', 'H'),
	(156, 1, 2, 1, 133, 'EFECTIVO', 358.00, 0.00, '2025-02-05', '18:05:12', 'NOCHE', 'N/A', 'H'),
	(157, 1, 2, 1, 125, 'EFECTIVO', 921.50, 0.00, '2025-02-05', '18:05:47', 'NOCHE', 'N/A', 'H'),
	(158, 1, 2, 1, 140, 'TRANSFERENCIA', 1000.00, 173.15, '2025-02-06', '16:30:14', 'TARDE', 'N/A', 'H'),
	(159, 1, 2, 1, 140, 'EFECTIVO', 173.15, 0.00, '2025-02-06', '16:32:10', 'TARDE', 'N/A', 'H'),
	(160, 1, 2, 1, 141, 'EFECTIVO', 164.10, 0.00, '2025-02-06', '16:33:03', 'TARDE', 'N/A', 'H'),
	(161, 1, 2, 1, 144, 'EFECTIVO', 27.00, 0.00, '2025-02-06', '16:34:57', 'TARDE', 'N/A', 'H'),
	(162, 1, 2, 1, 145, 'EFECTIVO', 29.50, 0.00, '2025-02-06', '16:35:38', 'TARDE', 'N/A', 'H'),
	(163, 1, 2, 1, 146, 'EFECTIVO', 0.00, 174.32, '2025-02-06', '16:37:18', 'TARDE', 'N/A', 'H'),
	(164, 1, 2, 1, 147, 'EFECTIVO', 580.00, 0.00, '2025-02-06', '16:38:09', 'TARDE', 'N/A', 'H'),
	(165, 1, 2, 1, 148, 'EFECTIVO', 145.00, 0.00, '2025-02-06', '16:39:05', 'TARDE', 'N/A', 'H'),
	(166, 1, 2, 1, 149, 'EFECTIVO', 4.00, 0.00, '2025-02-06', '16:39:45', 'TARDE', 'N/A', 'H'),
	(167, 1, 2, 1, 150, 'EFECTIVO', 19.00, 0.00, '2025-02-06', '16:41:59', 'TARDE', 'N/A', 'H'),
	(168, 1, 2, 6, 151, 'YAPE', 390.00, 2510.00, '2025-02-06', '16:50:23', 'TARDE', 'N/A', 'H'),
	(169, 1, 2, 6, 151, 'EFECTIVO', 2510.00, 0.00, '2025-02-06', '16:50:50', 'TARDE', 'N/A', 'H'),
	(170, 1, 2, 1, 152, 'EFECTIVO', 17.00, 0.00, '2025-02-06', '16:51:52', 'TARDE', 'N/A', 'H'),
	(171, 1, 2, NULL, NULL, 'EFECTIVO', 178.30, 0.00, '2025-02-06', '17:20:25', 'TARDE', 'Apertura de Caja', 'H'),
	(172, 1, 2, 1, 143, 'EFECTIVO', 2850.00, 1160.00, '2025-02-06', '17:22:39', 'TARDE', 'N/A', 'H'),
	(173, 1, 2, 1, 153, 'EFECTIVO', 116.00, 0.00, '2025-02-07', '17:46:23', 'TARDE', 'N/A', 'H'),
	(174, 1, 2, 1, 154, 'EFECTIVO', 350.00, 0.00, '2025-02-07', '17:50:24', 'TARDE', 'N/A', 'H'),
	(175, 1, 2, 3, 155, 'EFECTIVO', 0.00, 520.00, '2025-02-07', '17:51:05', 'TARDE', 'N/A', 'H'),
	(176, 1, 2, 1, 156, 'EFECTIVO', 30.00, 0.00, '2025-02-07', '17:52:12', 'TARDE', 'N/A', 'H'),
	(177, 1, 2, 1, 157, 'EFECTIVO', 0.00, 1484.20, '2025-02-07', '17:53:39', 'TARDE', 'N/A', 'H'),
	(178, 1, 2, 1, 158, 'EFECTIVO', 29.50, 0.00, '2025-02-07', '17:54:12', 'TARDE', 'N/A', 'H'),
	(179, 1, 2, 1, 159, 'EFECTIVO', 95.00, 0.00, '2025-02-07', '17:55:04', 'TARDE', 'N/A', 'H'),
	(180, 1, 2, 1, 160, 'EFECTIVO', 3251.00, 0.00, '2025-02-07', '17:57:39', 'TARDE', 'N/A', 'H'),
	(181, 1, 2, 1, 161, 'EFECTIVO', 280.00, 0.00, '2025-02-07', '17:58:21', 'TARDE', 'N/A', 'H'),
	(182, 1, 2, 1, 162, 'EFECTIVO', 0.00, 279.35, '2025-02-07', '08:36:00', 'MAÑANA', 'N/A', 'H'),
	(183, 1, 2, 1, 163, 'EFECTIVO', 626.40, 0.00, '2025-02-07', '08:37:03', 'MAÑANA', 'N/A', 'H'),
	(184, 1, 2, 1, 146, 'EFECTIVO', 174.32, 0.00, '2025-02-07', '08:37:40', 'MAÑANA', 'N/A', 'H'),
	(185, 1, 2, 1, 164, 'EFECTIVO', 234.00, 0.00, '2025-02-07', '08:39:01', 'MAÑANA', 'N/A', 'H'),
	(186, 1, 2, 1, 165, 'EFECTIVO', 1061.20, 0.00, '2025-02-07', '08:41:43', 'MAÑANA', 'N/A', 'H'),
	(187, 1, 2, 1, 166, 'EFECTIVO', 1073.00, 0.00, '2025-02-07', '08:44:39', 'MAÑANA', 'N/A', 'H'),
	(188, 1, 2, 7, 167, 'EFECTIVO', 295.00, 0.00, '2025-02-07', '08:48:27', 'MAÑANA', 'N/A', 'H'),
	(189, 1, 2, 1, 168, 'EFECTIVO', 3.00, 0.00, '2025-02-07', '08:49:08', 'MAÑANA', 'N/A', 'H'),
	(190, 1, 2, 1, 169, 'EFECTIVO', 25.00, 0.00, '2025-02-07', '08:49:56', 'MAÑANA', 'N/A', 'H'),
	(191, 1, 2, 1, 170, 'EFECTIVO', 70.00, 0.00, '2025-02-07', '08:51:20', 'MAÑANA', 'N/A', 'H'),
	(192, 1, 2, 1, 171, 'EFECTIVO', 88.50, 0.00, '2025-02-07', '08:52:07', 'MAÑANA', 'N/A', 'H'),
	(193, 1, 2, 1, 172, 'EFECTIVO', 0.00, 2006.10, '2025-02-08', '12:33:46', 'MAÑANA', 'N/A', 'H'),
	(194, 1, 2, 1, 162, 'EFECTIVO', 279.35, 0.00, '2025-02-08', '12:34:40', 'MAÑANA', 'N/A', 'H'),
	(195, 1, 2, 1, 157, 'EFECTIVO', 1484.20, 0.00, '2025-02-08', '12:35:12', 'MAÑANA', 'N/A', 'H'),
	(196, 1, 2, 1, 172, 'EFECTIVO', 1236.45, 769.65, '2025-02-08', '12:35:51', 'MAÑANA', 'N/A', 'H'),
	(197, 1, 2, NULL, NULL, 'EFECTIVO', 167.70, 0.00, '2025-02-08', '12:37:22', 'MAÑANA', 'Apertura de Caja', 'H'),
	(198, 1, 2, NULL, NULL, 'EFECTIVO', 0.70, 0.00, '2025-02-05', '09:17:24', 'MAÑANA', 'Cemento Suelto', 'H'),
	(199, 1, 2, 1, 173, 'EFECTIVO', 30.00, 0.00, '2025-02-10', '09:42:37', 'MAÑANA', 'N/A', 'H'),
	(200, 1, 2, NULL, NULL, 'EFECTIVO', 185.80, 0.00, '2025-02-07', '09:56:52', 'MAÑANA', 'Apertura de Caja', 'H'),
	(201, 1, 2, 3, 155, 'EFECTIVO', 520.00, 0.00, '2025-02-07', '10:02:01', 'MAÑANA', 'N/A', 'H'),
	(202, 1, 2, 1, 174, 'EFECTIVO', 55.30, 0.00, '2025-02-10', '16:32:11', 'TARDE', 'N/A', 'H'),
	(203, 1, 2, 1, 175, 'EFECTIVO', 10.00, 0.00, '2025-02-10', '16:33:31', 'TARDE', 'N/A', 'H'),
	(204, 1, 2, 1, 176, 'EFECTIVO', 46.00, 0.00, '2025-02-10', '16:34:09', 'TARDE', 'N/A', 'H'),
	(205, 1, 2, 1, 177, 'EFECTIVO', 3.00, 0.00, '2025-02-10', '16:34:53', 'TARDE', 'N/A', 'H'),
	(206, 1, 2, 1, 178, 'EFECTIVO', 7952.00, 0.00, '2025-02-10', '16:37:09', 'TARDE', 'N/A', 'H'),
	(207, 1, 2, 1, 179, 'YAPE', 290.00, 0.00, '2025-02-10', '16:39:34', 'TARDE', 'N/A', 'H'),
	(208, 1, 2, 1, 180, 'EFECTIVO', 0.00, 0.00, '2025-02-10', '16:40:59', 'TARDE', 'N/A', 'H'),
	(209, 1, 2, 1, 181, 'EFECTIVO', 0.00, 0.00, '2025-02-10', '16:43:44', 'TARDE', 'N/A', 'H'),
	(210, 1, 2, 1, 182, 'EFECTIVO', 30.00, 0.00, '2025-02-10', '16:44:56', 'TARDE', 'N/A', 'H'),
	(211, 1, 2, 1, 183, 'EFECTIVO', 14.00, 0.00, '2025-02-10', '16:45:47', 'TARDE', 'N/A', 'H'),
	(212, 1, 2, 1, 184, 'EFECTIVO', 3.00, 0.00, '2025-02-10', '16:46:26', 'TARDE', 'N/A', 'H'),
	(213, 1, 2, 1, 185, 'EFECTIVO', 0.00, 1005.40, '2025-02-10', '17:56:57', 'TARDE', 'N/A', 'H'),
	(214, 1, 2, 1, 186, 'EFECTIVO', 30.00, 0.00, '2025-02-10', '17:58:30', 'TARDE', 'N/A', 'H'),
	(215, 1, 2, 1, 187, 'EFECTIVO', 79.50, 0.00, '2025-02-10', '17:59:08', 'TARDE', 'N/A', 'H'),
	(216, 1, 2, 1, 188, 'EFECTIVO', 26.00, 0.00, '2025-02-10', '17:59:40', 'TARDE', 'N/A', 'H'),
	(217, 1, 2, 1, 189, 'EFECTIVO', 8850.00, 0.00, '2025-02-10', '18:00:47', 'NOCHE', 'N/A', 'H'),
	(218, 1, 2, 1, 190, 'EFECTIVO', 0.00, 229.80, '2025-02-10', '18:01:23', 'NOCHE', 'N/A', 'H'),
	(219, 1, 2, NULL, NULL, 'EFECTIVO', 164.70, 0.00, '2025-02-10', '18:05:43', 'NOCHE', 'Apertura de Caja', 'H'),
	(220, 1, 2, 1, 191, 'YAPE', 20.00, 0.00, '2025-02-11', '15:38:47', 'TARDE', 'N/A', 'H'),
	(221, 1, 2, 1, 192, 'EFECTIVO', 1740.00, 0.00, '2025-02-11', '15:41:50', 'TARDE', 'N/A', 'H'),
	(222, 1, 2, 1, 193, 'EFECTIVO', 4979.30, 0.00, '2025-02-11', '15:50:02', 'TARDE', 'N/A', 'H'),
	(223, 1, 2, 1, 194, 'EFECTIVO', 287.00, 0.00, '2025-02-11', '15:51:05', 'TARDE', 'N/A', 'H'),
	(224, 1, 2, 1, 195, 'EFECTIVO', 8.00, 0.00, '2025-02-11', '15:53:57', 'TARDE', 'N/A', 'H'),
	(225, 1, 2, 1, 196, 'EFECTIVO', 174.00, 0.00, '2025-02-11', '15:55:04', 'TARDE', 'N/A', 'H'),
	(226, 1, 2, 1, 197, 'EFECTIVO', 26.50, 0.00, '2025-02-11', '15:55:50', 'TARDE', 'N/A', 'H'),
	(227, 1, 2, 1, 198, 'EFECTIVO', 0.00, 0.00, '2025-02-11', '16:00:22', 'TARDE', 'N/A', 'H'),
	(228, 1, 2, 1, 199, 'EFECTIVO', 0.00, 0.00, '2025-02-11', '16:05:22', 'TARDE', 'N/A', 'H'),
	(229, 1, 2, 1, 200, 'EFECTIVO', 290.00, 0.00, '2025-02-11', '16:07:46', 'TARDE', 'N/A', 'H'),
	(230, 1, 2, 1, 201, 'BCP', 302.50, 0.00, '2025-02-11', '16:10:21', 'TARDE', 'N/A', 'H'),
	(231, 1, 2, 7, 202, 'EFECTIVO', 0.00, 0.00, '2025-02-11', '16:12:37', 'TARDE', 'N/A', 'H'),
	(232, 1, 2, 7, 203, 'EFECTIVO', 0.00, 0.00, '2025-02-11', '16:27:50', 'TARDE', 'N/A', 'H'),
	(233, 1, 2, NULL, NULL, 'EFECTIVO', 265.50, 0.00, '2025-02-11', '16:28:55', 'TARDE', 'Apertura de Caja', 'H'),
	(234, 1, 2, NULL, NULL, 'YAPE', 8.00, 0.00, '2025-02-11', '17:12:04', 'TARDE', 'Ingreso por pago de nota de venta - cuaderno N° 195', 'H'),
	(235, 1, 2, 7, 204, 'EFECTIVO', 0.00, 0.00, '2025-02-11', '17:40:03', 'TARDE', 'N/A', 'H'),
	(236, 1, 2, 1, 205, 'EFECTIVO', 21.00, 0.00, '2025-02-11', '17:50:29', 'TARDE', 'N/A', 'H'),
	(237, 1, 2, 1, 206, 'EFECTIVO', 84.50, 0.00, '2025-02-12', '09:29:28', 'MAÑANA', 'N/A', 'H'),
	(238, 1, 2, 1, 207, 'EFECTIVO', 18.00, 0.00, '2025-02-12', '09:30:26', 'MAÑANA', 'N/A', 'H'),
	(239, 1, 2, 1, 208, 'EFECTIVO', 26.50, 0.00, '2025-02-12', '09:33:38', 'MAÑANA', 'N/A', 'H'),
	(240, 1, 2, 7, 209, 'EFECTIVO', 0.00, 0.00, '2025-02-12', '09:53:39', 'MAÑANA', 'N/A', 'H'),
	(241, 1, 2, NULL, NULL, 'EFECTIVO', 2.00, 0.00, '2025-02-12', '11:32:30', 'MAÑANA', 'Aumento de caja', 'H'),
	(242, 1, 2, 1, 210, 'BCP', 1131.70, 0.00, '2025-02-12', '11:41:03', 'MAÑANA', 'N/A', 'H'),
	(243, 1, 2, 1, 211, 'EFECTIVO', 0.00, 0.00, '2025-02-12', '11:43:34', 'MAÑANA', 'N/A', 'H'),
	(244, 1, 2, 1, 212, 'EFECTIVO', 211.50, 0.00, '2025-02-12', '11:44:48', 'MAÑANA', 'N/A', 'H'),
	(245, 1, 2, 1, 213, 'EFECTIVO', 107.00, 0.00, '2025-02-12', '11:50:21', 'MAÑANA', 'N/A', 'H'),
	(246, 1, 2, 1, 214, 'EFECTIVO', 260.00, 0.00, '2025-02-12', '16:28:29', 'TARDE', 'N/A', 'H'),
	(247, 1, 2, 1, 215, 'EFECTIVO', 290.00, 0.00, '2025-02-12', '16:57:05', 'TARDE', 'N/A', 'H'),
	(248, 1, 2, 1, 216, 'EFECTIVO', 32.00, 0.00, '2025-02-12', '17:08:04', 'TARDE', 'N/A', 'H'),
	(249, 1, 2, NULL, NULL, 'EFECTIVO', 372.30, 0.00, '2025-02-12', '17:21:34', 'TARDE', 'Apertura de Caja', 'H'),
	(250, 1, 2, 7, 217, 'EFECTIVO', 0.00, 0.00, '2025-02-12', '18:03:39', 'NOCHE', 'N/A', 'H'),
	(251, 1, 2, 1, 218, 'EFECTIVO', 0.00, 0.00, '2025-02-13', '16:16:44', 'TARDE', 'N/A', 'H'),
	(252, 1, 2, 1, 219, 'EFECTIVO', 553.00, 0.00, '2025-02-13', '16:17:33', 'TARDE', 'N/A', 'H'),
	(253, 1, 2, 1, 220, 'EFECTIVO', 712.50, 0.00, '2025-02-13', '16:22:42', 'TARDE', 'N/A', 'H'),
	(254, 1, 2, 1, 221, 'EFECTIVO', 1160.00, 0.00, '2025-02-13', '16:26:05', 'TARDE', 'N/A', 'H'),
	(255, 1, 2, 1, 222, 'EFECTIVO', 4.00, 0.00, '2025-02-13', '16:27:02', 'TARDE', 'N/A', 'H'),
	(256, 1, 2, 8, 223, 'BCP', 18860.80, 0.00, '2025-02-13', '16:42:54', 'TARDE', 'N/A', 'H'),
	(257, 1, 2, 9, 224, 'BCP', 2812.56, 0.00, '2025-02-13', '17:11:18', 'TARDE', 'N/A', 'H'),
	(258, 1, 2, 1, 225, 'EFECTIVO', 1460.00, 0.00, '2025-02-13', '17:12:59', 'TARDE', 'N/A', 'H'),
	(259, 1, 2, 1, 226, 'EFECTIVO', 23.00, 0.00, '2025-02-13', '17:13:30', 'TARDE', 'N/A', 'H'),
	(260, 1, 2, 1, 227, 'EFECTIVO', 0.00, 0.00, '2025-02-13', '17:14:49', 'TARDE', 'N/A', 'H'),
	(261, 1, 2, 1, 228, 'EFECTIVO', 0.00, 0.00, '2025-02-13', '17:17:39', 'TARDE', 'N/A', 'H'),
	(262, 1, 2, 7, 229, 'EFECTIVO', 0.00, 0.00, '2025-02-13', '17:18:48', 'TARDE', 'N/A', 'H'),
	(263, 1, 2, 7, 230, 'EFECTIVO', 0.00, 0.00, '2025-02-13', '17:22:03', 'TARDE', 'N/A', 'H'),
	(264, 1, 2, NULL, NULL, 'EFECTIVO', 395.80, 0.00, '2025-02-13', '17:35:44', 'TARDE', 'Apertura de Caja', 'H'),
	(265, 1, 2, 1, 231, 'EFECTIVO', 11.00, 0.00, '2025-02-13', '17:44:56', 'TARDE', 'N/A', 'H'),
	(266, 1, 2, NULL, NULL, 'EFECTIVO', 324.30, 0.00, '2025-02-14', '12:18:30', 'MAÑANA', 'Apertura de Caja', 'H'),
	(267, 1, 2, NULL, NULL, 'EFECTIVO', 11.00, 0.00, '2025-02-14', '12:19:22', 'MAÑANA', 'Venta de 1 fierro corto 3/8', 'H'),
	(268, 1, 2, 1, 232, 'EFECTIVO', 674.00, 0.00, '2025-02-14', '12:23:48', 'MAÑANA', 'N/A', 'H'),
	(269, 1, 2, 1, 233, 'EFECTIVO', 3479.00, 0.00, '2025-02-14', '12:28:48', 'MAÑANA', 'N/A', 'H'),
	(270, 1, 2, 1, 234, 'EFECTIVO', 1351.00, 0.00, '2025-02-14', '12:34:23', 'MAÑANA', 'N/A', 'H'),
	(271, 1, 2, 1, 235, 'EFECTIVO', 8.00, 0.00, '2025-02-14', '16:50:19', 'TARDE', 'N/A', 'H'),
	(272, 1, 2, 1, 236, 'BCP', 590.00, 0.00, '2025-02-14', '16:52:12', 'TARDE', 'N/A', 'H'),
	(273, 1, 2, 7, 237, 'EFECTIVO', 0.00, 0.00, '2025-02-14', '16:53:49', 'TARDE', 'N/A', 'H'),
	(274, 1, 2, NULL, NULL, 'BCP', 10.00, 0.00, '2025-02-14', '09:31:07', 'MAÑANA', 'Cobro por Flete Nota de Venta N° 236', 'H'),
	(275, 1, 2, 1, 185, 'EFECTIVO', 590.00, 415.40, '2025-02-14', '09:32:41', 'MAÑANA', 'N/A', 'H'),
	(276, 1, 2, 1, 185, 'BCP', 415.40, 0.00, '2025-02-14', '09:33:06', 'MAÑANA', 'N/A', 'H'),
	(277, 1, 2, 1, 190, 'BCP', 229.80, 0.00, '2025-02-14', '09:33:47', 'MAÑANA', 'N/A', 'H'),
	(278, 1, 2, 1, 172, 'BCP', 769.65, 0.00, '2025-02-14', '09:45:29', 'MAÑANA', 'N/A', 'H'),
	(279, 1, 2, 1, 238, 'EFECTIVO', 5.00, 0.00, '2025-02-14', '10:09:03', 'MAÑANA', 'N/A', 'H'),
	(280, 1, 2, 1, 239, 'YAPE', 354.00, 0.00, '2025-02-15', '13:26:03', 'MAÑANA', 'N/A', 'H'),
	(281, 1, 2, 1, 240, 'EFECTIVO', 0.00, 104.50, '2025-02-15', '13:27:38', 'MAÑANA', 'N/A', 'H'),
	(282, 1, 2, 1, 241, 'EFECTIVO', 15.90, 0.00, '2025-02-15', '13:28:45', 'MAÑANA', 'N/A', 'H'),
	(283, 1, 2, 1, 242, 'EFECTIVO', 30.00, 0.00, '2025-02-15', '13:29:34', 'MAÑANA', 'N/A', 'H'),
	(284, 1, 2, 4, 243, 'BCP', 1564.09, 0.00, '2025-02-15', '13:32:16', 'MAÑANA', 'N/A', 'H'),
	(285, 1, 2, 1, 244, 'EFECTIVO', 26.50, 0.00, '2025-02-15', '13:32:51', 'MAÑANA', 'N/A', 'H'),
	(286, 1, 2, 1, 245, 'EFECTIVO', 2.50, 0.00, '2025-02-15', '13:37:04', 'MAÑANA', 'N/A', 'H'),
	(287, 1, 2, 1, 246, 'EFECTIVO', 11.00, 0.00, '2025-02-15', '13:41:55', 'MAÑANA', 'N/A', 'H'),
	(288, 1, 2, 1, 247, 'EFECTIVO', 3.00, 0.00, '2025-02-15', '14:00:22', 'TARDE', 'N/A', 'H'),
	(289, 1, 2, NULL, NULL, 'EFECTIVO', 221.30, 0.00, '2025-02-15', '08:49:36', 'MAÑANA', 'Apertura de Caja', 'H'),
	(290, 1, 2, NULL, NULL, 'EFECTIVO', 100.00, 0.00, '2025-02-15', '08:51:16', 'MAÑANA', 'ingreso de venta 242 por que se le debia vuelto', 'H'),
	(291, 1, 2, 1, 248, 'EFECTIVO', 0.00, 486.51, '2025-02-15', '12:22:42', 'MAÑANA', 'N/A', 'H'),
	(292, 1, 2, 7, 249, 'EFECTIVO', 0.00, 0.00, '2025-02-17', '12:25:33', 'MAÑANA', 'N/A', 'H'),
	(293, 1, 2, 1, 250, 'EFECTIVO', 53.00, 0.00, '2025-02-17', '12:27:50', 'MAÑANA', 'N/A', 'H'),
	(294, 1, 2, 1, 251, 'EFECTIVO', 9.50, 0.00, '2025-02-17', '12:32:25', 'MAÑANA', 'N/A', 'H'),
	(295, 1, 2, NULL, NULL, 'EFECTIVO', 2.00, 0.00, '2025-02-17', '12:42:39', 'MAÑANA', '10 arandela 1/4 no se contabilizo todavia ', 'H'),
	(296, 1, 2, 1, 252, 'EFECTIVO', 15.00, 0.00, '2025-02-17', '12:43:52', 'MAÑANA', 'N/A', 'H'),
	(297, 1, 2, 10, 253, 'BCP', 2929.00, 0.00, '2025-02-17', '12:52:39', 'MAÑANA', 'N/A', 'H'),
	(298, 1, 2, 1, 254, 'EFECTIVO', 0.00, 793.62, '2025-02-17', '12:55:44', 'MAÑANA', 'N/A', 'H'),
	(299, 1, 2, 8, 255, 'BCP', 1818.00, 0.00, '2025-02-17', '12:59:46', 'MAÑANA', 'N/A', 'H'),
	(300, 1, 2, NULL, NULL, 'BCP', 50.00, 0.00, '2025-02-17', '14:37:01', 'TARDE', 'VENTA DE 255 FLETE ', 'H'),
	(301, 1, 2, 1, 256, 'EFECTIVO', 0.00, 793.62, '2025-02-17', '14:53:18', 'TARDE', 'N/A', 'D'),
	(302, 1, 2, 1, 257, 'EFECTIVO', 96.50, 0.00, '2025-02-17', '14:56:35', 'TARDE', 'N/A', 'H'),
	(303, 1, 2, 7, 258, 'EFECTIVO', 0.00, 0.00, '2025-02-17', '15:19:18', 'TARDE', 'N/A', 'H'),
	(304, 1, 2, 1, 259, 'EFECTIVO', 51.60, 0.00, '2025-02-17', '15:20:30', 'TARDE', 'N/A', 'H'),
	(305, 1, 2, 1, 260, 'EFECTIVO', 17.50, 0.00, '2025-02-17', '15:23:25', 'TARDE', 'N/A', 'H'),
	(306, 1, 2, 1, 261, 'EFECTIVO', 12.00, 0.00, '2025-02-17', '15:24:10', 'TARDE', 'N/A', 'H'),
	(307, 1, 2, 1, 262, 'EFECTIVO', 5052.00, 0.00, '2025-02-17', '15:25:39', 'TARDE', 'N/A', 'H'),
	(308, 1, 2, 1, 263, 'EFECTIVO', 1272.00, 0.00, '2025-02-17', '15:26:25', 'TARDE', 'N/A', 'H'),
	(309, 1, 2, 1, 264, 'EFECTIVO', 0.00, 0.00, '2025-02-17', '15:28:25', 'TARDE', 'N/A', 'H'),
	(310, 1, 2, 1, 265, 'EFECTIVO', 4441.40, 0.00, '2025-02-17', '15:32:42', 'TARDE', 'N/A', 'H'),
	(311, 1, 2, 1, 266, 'EFECTIVO', 2400.00, 0.00, '2025-02-17', '15:34:13', 'TARDE', 'N/A', 'H'),
	(312, 1, 2, 1, 267, 'EFECTIVO', 189.00, 0.00, '2025-02-17', '15:38:05', 'TARDE', 'N/A', 'H'),
	(313, 1, 2, 1, 268, 'EFECTIVO', 400.00, 0.00, '2025-02-17', '15:39:32', 'TARDE', 'N/A', 'H'),
	(314, 1, 2, 1, 269, 'YAPE', 100.00, 0.00, '2025-02-17', '15:40:16', 'TARDE', 'N/A', 'H'),
	(315, 1, 2, 1, 270, 'EFECTIVO', 675.80, 0.00, '2025-02-17', '15:41:35', 'TARDE', 'N/A', 'H'),
	(316, 1, 2, 7, 271, 'EFECTIVO', 0.00, 0.00, '2025-02-17', '15:43:59', 'TARDE', 'N/A', 'H'),
	(317, 1, 2, 1, 272, 'EFECTIVO', 30.00, 0.00, '2025-02-17', '15:44:27', 'TARDE', 'N/A', 'H'),
	(318, 1, 2, NULL, NULL, 'EFECTIVO', 410.70, 0.00, '2025-02-17', '15:56:38', 'TARDE', 'Apertura de Caja', 'H'),
	(319, 1, 2, 1, 273, 'EFECTIVO', 410.00, 0.00, '2025-02-18', '17:22:01', 'TARDE', 'N/A', 'H'),
	(320, 1, 2, 7, 274, 'EFECTIVO', 0.00, 0.00, '2025-02-18', '17:28:45', 'TARDE', 'N/A', 'H'),
	(321, 1, 2, 1, 275, 'EFECTIVO', 2598.90, 0.00, '2025-02-18', '17:40:01', 'TARDE', 'N/A', 'H'),
	(322, 1, 2, 1, 276, 'EFECTIVO', 10.00, 0.00, '2025-02-18', '17:45:39', 'TARDE', 'N/A', 'H'),
	(323, 1, 2, 1, 277, 'EFECTIVO', 60.00, 0.00, '2025-02-18', '17:49:35', 'TARDE', 'N/A', 'H'),
	(324, 1, 2, 1, 278, 'EFECTIVO', 7.00, 0.00, '2025-02-18', '17:52:29', 'TARDE', 'N/A', 'H'),
	(325, 1, 2, NULL, NULL, 'EFECTIVO', 243.00, 0.00, '2025-02-18', '17:53:57', 'TARDE', 'Apertura de Caja', 'H'),
	(326, 1, 2, NULL, NULL, 'EFECTIVO', 20.00, 0.00, '2025-02-18', '17:54:16', 'TARDE', 'ingreso a caja sencillo', 'H'),
	(327, 1, 2, 1, 279, 'EFECTIVO', 90.00, 0.00, '2025-02-18', '17:57:44', 'TARDE', 'N/A', 'H'),
	(328, 1, 2, 1, 280, 'EFECTIVO', 0.00, 0.00, '2025-02-19', '10:37:06', 'MAÑANA', 'N/A', 'H'),
	(329, 1, 2, NULL, NULL, 'EFECTIVO', 119.90, 0.00, '2025-02-19', '17:42:21', 'TARDE', 'Apertura de Caja', 'H'),
	(330, 1, 2, 7, 281, 'EFECTIVO', 0.00, 0.00, '2025-02-19', '17:44:16', 'TARDE', 'N/A', 'H'),
	(331, 1, 2, 1, 282, 'EFECTIVO', 100.00, 0.00, '2025-02-19', '17:46:04', 'TARDE', 'N/A', 'H'),
	(332, 1, 2, 1, 283, 'EFECTIVO', 2344.00, 0.00, '2025-02-19', '17:46:44', 'TARDE', 'N/A', 'H'),
	(333, 1, 2, 1, 284, 'EFECTIVO', 52.00, 0.00, '2025-02-19', '17:47:48', 'TARDE', 'N/A', 'H'),
	(334, 1, 2, 1, 285, 'EFECTIVO', 70.60, 0.00, '2025-02-19', '17:49:34', 'TARDE', 'N/A', 'H'),
	(335, 1, 2, 1, 286, 'EFECTIVO', 0.00, 0.00, '2025-02-19', '17:52:16', 'TARDE', 'N/A', 'H'),
	(336, 1, 2, 1, 287, 'EFECTIVO', 0.00, 125.76, '2025-02-19', '17:53:30', 'TARDE', 'N/A', 'H'),
	(337, 1, 2, 1, 288, 'EFECTIVO', 18.00, 0.00, '2025-02-20', '12:52:10', 'MAÑANA', 'N/A', 'H'),
	(338, 1, 2, 1, 289, 'EFECTIVO', 250.00, 0.00, '2025-02-20', '12:53:13', 'MAÑANA', 'N/A', 'H'),
	(339, 1, 2, 1, 290, 'EFECTIVO', 55.00, 0.00, '2025-02-20', '12:54:44', 'MAÑANA', 'N/A', 'H'),
	(340, 1, 2, 1, 291, 'EFECTIVO', 643.17, 0.00, '2025-02-20', '12:56:22', 'MAÑANA', 'N/A', 'H'),
	(341, 1, 2, 1, 292, 'EFECTIVO', 3378.60, 0.00, '2025-02-20', '12:57:27', 'MAÑANA', 'N/A', 'H'),
	(342, 1, 2, 1, 293, 'EFECTIVO', 267.00, 0.00, '2025-02-20', '14:57:41', 'TARDE', 'N/A', 'H'),
	(343, 1, 2, NULL, NULL, 'EFECTIVO', 30.00, 0.00, '2025-02-20', '14:59:12', 'TARDE', 'ingreso de venta de la 293 su vuelto se dio con yape', 'H'),
	(344, 1, 2, 7, 294, 'EFECTIVO', 0.00, 0.00, '2025-02-20', '14:59:52', 'TARDE', 'N/A', 'H'),
	(345, 1, 2, 1, 295, 'EFECTIVO', 100.00, 0.00, '2025-02-20', '15:00:57', 'TARDE', 'N/A', 'H'),
	(346, 1, 2, 1, 296, 'EFECTIVO', 0.00, 0.00, '2025-02-20', '15:02:46', 'TARDE', 'N/A', 'H'),
	(347, 1, 2, 1, 297, 'EFECTIVO', 0.00, 0.00, '2025-02-21', '14:58:59', 'TARDE', 'N/A', 'H'),
	(348, 1, 2, 1, 298, 'EFECTIVO', 0.00, 240.00, '2025-02-21', '16:39:41', 'TARDE', 'N/A', 'H'),
	(349, 1, 2, 1, 298, 'EFECTIVO', 200.00, 40.00, '2025-02-21', '16:40:03', 'TARDE', 'N/A', 'H'),
	(350, 1, 2, 1, 298, 'TRANSFERENCIA', 40.00, 0.00, '2025-02-21', '16:40:28', 'TARDE', 'N/A', 'H'),
	(351, 1, 2, NULL, NULL, 'BCP', 10.00, 0.00, '2025-02-21', '16:41:11', 'TARDE', 'Ingreso flete 50 de venta 298', 'H'),
	(352, 1, 2, 8, 299, 'BCP', 1500.00, 0.00, '2025-02-21', '16:43:55', 'TARDE', 'N/A', 'H'),
	(353, 1, 2, NULL, NULL, 'BCP', 10.00, 0.00, '2025-02-21', '16:57:47', 'TARDE', 'Ingreso de la venta 299', 'H'),
	(354, 1, 2, 1, 300, 'EFECTIVO', 1245.00, 0.00, '2025-02-21', '17:41:13', 'TARDE', 'N/A', 'H'),
	(355, 1, 2, 1, 301, 'EFECTIVO', 21.00, 0.00, '2025-02-21', '17:42:06', 'TARDE', 'N/A', 'H'),
	(356, 1, 2, 7, 302, 'EFECTIVO', 0.00, 0.00, '2025-02-21', '17:43:39', 'TARDE', 'N/A', 'H'),
	(357, 1, 2, 1, 296, 'EFECTIVO', 0.00, 0.00, '2025-02-21', '17:44:31', 'TARDE', 'N/A', 'H'),
	(358, 1, 2, 1, 287, 'EFECTIVO', 125.76, 0.00, '2025-02-21', '17:45:21', 'TARDE', 'N/A', 'D'),
	(359, 1, 2, 1, 303, 'EFECTIVO', 0.00, 187.55, '2025-02-21', '17:46:44', 'TARDE', 'N/A', 'H'),
	(360, 1, 2, 1, 304, 'EFECTIVO', 0.00, 0.00, '2025-02-21', '17:50:23', 'TARDE', 'N/A', 'H'),
	(361, 1, 2, 1, 305, 'EFECTIVO', 1.50, 0.00, '2025-02-21', '17:51:04', 'TARDE', 'N/A', 'H'),
	(362, 1, 2, 1, 306, 'EFECTIVO', 19.00, 0.00, '2025-02-21', '17:53:33', 'TARDE', 'N/A', 'H'),
	(363, 1, 2, 1, 307, 'EFECTIVO', 9.00, 0.00, '2025-02-21', '17:54:50', 'TARDE', 'N/A', 'H'),
	(364, 1, 2, 11, 308, 'EFECTIVO', 0.00, 0.00, '2025-02-21', '18:04:47', 'NOCHE', 'N/A', 'H'),
	(365, 1, 2, 1, 309, 'EFECTIVO', 0.00, 89.00, '2025-02-21', '18:07:49', 'NOCHE', 'N/A', 'H'),
	(366, 1, 2, 1, 310, 'EFECTIVO', 371.00, 0.00, '2025-02-22', '14:20:37', 'TARDE', 'N/A', 'H'),
	(367, 1, 2, 10, 311, 'EFECTIVO', 400.00, 22.50, '2025-02-22', '14:26:53', 'TARDE', 'N/A', 'H'),
	(368, 1, 2, 10, 311, 'TRANSFERENCIA', 22.50, 0.00, '2025-02-22', '14:27:25', 'TARDE', 'N/A', 'H'),
	(369, 1, 2, 1, 312, 'EFECTIVO', 16.00, 0.00, '2025-02-22', '14:29:09', 'TARDE', 'N/A', 'H'),
	(370, 1, 2, 1, 313, 'EFECTIVO', 30.00, 0.00, '2025-02-22', '14:29:55', 'TARDE', 'N/A', 'H'),
	(371, 1, 2, 1, 314, 'EFECTIVO', 0.00, 0.00, '2025-02-22', '14:30:46', 'TARDE', 'N/A', 'H'),
	(372, 1, 2, 1, 315, 'EFECTIVO', 0.00, 0.00, '2025-02-22', '14:31:48', 'TARDE', 'N/A', 'H'),
	(373, 1, 2, 1, 316, 'EFECTIVO', 40.00, 0.00, '2025-02-22', '14:33:02', 'TARDE', 'N/A', 'H'),
	(374, 1, 2, 1, 317, 'EFECTIVO', 118.00, 0.00, '2025-02-22', '14:33:58', 'TARDE', 'N/A', 'H'),
	(375, 1, 2, 1, 318, 'EFECTIVO', 448.00, 0.00, '2025-02-22', '14:35:49', 'TARDE', 'N/A', 'H'),
	(376, 1, 2, 1, 319, 'EFECTIVO', 978.90, 0.00, '2025-02-22', '14:38:44', 'TARDE', 'N/A', 'H'),
	(377, 1, 2, 1, 320, 'YAPE', 60.00, 0.00, '2025-02-22', '14:39:39', 'TARDE', 'N/A', 'H'),
	(378, 1, 2, NULL, NULL, 'EFECTIVO', 75.50, 0.00, '2025-02-20', '12:18:10', 'MAÑANA', 'Apertura de Caja', 'H'),
	(379, 1, 2, 1, 248, 'EFECTIVO', 486.51, 0.00, '2025-02-20', '12:24:41', 'MAÑANA', 'N/A', 'H'),
	(380, 1, 2, 1, 254, 'EFECTIVO', 793.62, 0.00, '2025-02-20', '12:26:07', 'MAÑANA', 'N/A', 'H'),
	(381, 1, 2, 1, 287, 'EFECTIVO', 125.76, 0.00, '2025-02-20', '12:36:21', 'MAÑANA', 'N/A', 'H'),
	(382, 1, 2, NULL, NULL, 'EFECTIVO', 0.00, 0.00, '2025-02-20', '12:37:54', 'MAÑANA', 'Error de Ingreso', 'D'),
	(383, 1, 2, 1, 321, 'EFECTIVO', 3.00, 0.00, '2025-02-20', '12:45:17', 'MAÑANA', 'N/A', 'H'),
	(384, 1, 2, NULL, NULL, 'EFECTIVO', 228.10, 0.00, '2025-02-21', '12:48:24', 'MAÑANA', 'Apertura de Caja', 'H'),
	(385, 1, 2, 1, 322, 'EFECTIVO', 5.00, 0.00, '2025-02-24', '12:57:50', 'MAÑANA', 'N/A', 'D'),
	(386, 1, 2, 1, 323, 'EFECTIVO', 9642.00, 0.00, '2025-02-24', '13:06:08', 'MAÑANA', 'N/A', 'H'),
	(387, 1, 2, 1, 324, 'BCP', 30.00, 0.00, '2025-02-24', '13:07:14', 'MAÑANA', 'N/A', 'H'),
	(388, 1, 2, NULL, NULL, 'EFECTIVO', 10.00, 0.00, '2025-02-24', '13:09:50', 'MAÑANA', 'ingreso de venta lija', 'D'),
	(389, 1, 2, 1, 325, 'EFECTIVO', 7156.00, 0.00, '2025-02-22', '14:45:23', 'TARDE', 'N/A', 'H'),
	(390, 1, 2, NULL, NULL, 'EFECTIVO', 132.60, 0.00, '2025-02-24', '14:47:45', 'TARDE', 'Apertura de Caja', 'D'),
	(391, 1, 2, 1, 326, 'EFECTIVO', 428.00, 0.00, '2025-02-24', '14:51:39', 'TARDE', 'N/A', 'H'),
	(392, 1, 2, 1, 327, 'EFECTIVO', 64.00, 0.00, '2025-02-24', '15:13:04', 'TARDE', 'N/A', 'H'),
	(393, 1, 2, 8, 328, 'BCP', 1598.00, 0.00, '2025-02-24', '15:17:21', 'TARDE', 'N/A', 'H'),
	(394, 1, 2, 1, 329, 'EFECTIVO', 2.00, 0.00, '2025-02-24', '15:21:07', 'TARDE', 'N/A', 'H'),
	(395, 1, 2, 1, 330, 'EFECTIVO', 295.00, 0.00, '2025-02-24', '15:24:54', 'TARDE', 'N/A', 'H'),
	(396, 1, 2, 1, 331, 'EFECTIVO', 704.00, 0.00, '2025-02-24', '15:27:06', 'TARDE', 'N/A', 'H'),
	(397, 1, 2, 1, 332, 'EFECTIVO', 122.50, 0.00, '2025-02-24', '15:35:26', 'TARDE', 'N/A', 'H'),
	(398, 1, 2, 8, 333, 'BCP', 3080.00, 0.00, '2025-02-24', '15:38:09', 'TARDE', 'N/A', 'H'),
	(399, 1, 2, 1, 334, 'EFECTIVO', 6.00, 0.00, '2025-02-24', '15:39:52', 'TARDE', 'N/A', 'H'),
	(400, 1, 2, 1, 335, 'EFECTIVO', 8.50, 0.00, '2025-02-24', '15:41:56', 'TARDE', 'N/A', 'H'),
	(401, 1, 2, NULL, NULL, 'EFECTIVO', 132.60, 0.00, '2025-02-22', '18:17:01', 'NOCHE', 'Apertura de Caja', 'H'),
	(402, 1, 2, NULL, NULL, 'EFECTIVO', 5.20, 0.00, '2025-02-24', '18:20:54', 'NOCHE', 'venta de pernos, no se encuentra en stok', 'H'),
	(403, 1, 2, NULL, NULL, 'EFECTIVO', 200.40, 0.00, '2025-02-24', '18:21:07', 'NOCHE', 'Apertura de Caja', 'H'),
	(404, 1, 1, NULL, NULL, 'EFECTIVO', 10.00, 0.00, '2025-02-22', '10:36:47', 'MAÑANA', '2 lija N 60 y 2 lijas 120, no se encuentra en stok', 'H'),
	(405, 1, 1, 1, 336, 'EFECTIVO', 0.00, 0.00, '2025-02-25', '10:43:14', 'MAÑANA', 'N/A', 'D'),
	(406, 1, 1, 1, 337, 'EFECTIVO', 29.50, 0.00, '2025-02-25', '11:07:14', 'MAÑANA', 'N/A', 'D'),
	(407, 1, 1, 1, 338, 'EFECTIVO', 0.00, 7.20, '2025-02-25', '11:16:53', 'MAÑANA', 'N/A', 'D'),
	(408, 1, 1, 10, 340, 'BCP', 2980.00, 0.00, '2025-02-25', '15:44:58', 'TARDE', 'N/A', 'H'),
	(409, 1, 1, 1, 341, 'EFECTIVO', 243.40, 0.00, '2025-02-25', '16:51:17', 'TARDE', 'N/A', 'H'),
	(410, 1, 1, 1, 342, 'EFECTIVO', 0.00, 302.35, '2025-02-25', '16:54:30', 'TARDE', 'N/A', 'H'),
	(411, 1, 1, 7, 343, 'EFECTIVO', 0.00, 0.00, '2025-02-25', '16:57:42', 'TARDE', 'N/A', 'H'),
	(412, 1, 1, 1, 344, 'EFECTIVO', 24.50, 0.00, '2025-02-25', '17:00:40', 'TARDE', 'N/A', 'H'),
	(413, 1, 1, 1, 345, 'EFECTIVO', 1355.00, 0.00, '2025-02-25', '17:04:10', 'TARDE', 'N/A', 'H'),
	(414, 1, 1, 1, 346, 'EFECTIVO', 34.50, 0.00, '2025-02-25', '17:06:14', 'TARDE', 'N/A', 'H'),
	(415, 1, 1, 1, 347, 'EFECTIVO', 68.00, 0.00, '2025-02-25', '17:13:22', 'TARDE', 'N/A', 'H'),
	(416, 1, 1, 8, 348, 'BCP', 3002.50, 0.00, '2025-02-25', '17:15:35', 'TARDE', 'N/A', 'H'),
	(417, 1, 2, 1, 349, 'EFECTIVO', 0.00, 1892.10, '2025-02-25', '15:06:46', 'TARDE', 'N/A', 'H'),
	(418, 1, 2, 1, 350, 'EFECTIVO', 0.00, 76.50, '2025-02-25', '15:19:01', 'TARDE', 'N/A', 'H'),
	(419, 1, 2, 1, 351, 'EFECTIVO', 510.00, 0.00, '2025-02-25', '15:21:16', 'TARDE', 'N/A', 'H'),
	(420, 1, 2, 1, 352, 'EFECTIVO', 68.50, 0.00, '2025-02-25', '15:22:19', 'TARDE', 'N/A', 'H'),
	(421, 1, 2, 1, 353, 'EFECTIVO', 5.00, 0.00, '2025-02-25', '15:23:26', 'TARDE', 'N/A', 'H'),
	(422, 1, 2, 10, 354, 'BCP', 904.00, 0.00, '2025-02-25', '15:26:26', 'TARDE', 'N/A', 'H'),
	(423, 1, 2, 1, 355, 'EFECTIVO', 0.00, 46.80, '2025-02-25', '15:28:50', 'TARDE', 'N/A', 'H'),
	(424, 1, 2, 1, 356, 'EFECTIVO', 32.00, 0.00, '2025-02-25', '15:29:39', 'TARDE', 'N/A', 'H'),
	(425, 1, 2, 1, 357, 'EFECTIVO', 15.00, 0.00, '2025-02-25', '15:30:27', 'TARDE', 'N/A', 'H'),
	(426, 1, 2, 1, 358, 'EFECTIVO', 0.00, 290.87, '2025-02-25', '15:32:38', 'TARDE', 'N/A', 'H'),
	(427, 1, 2, 1, 359, 'EFECTIVO', 10.00, 0.00, '2025-02-25', '15:33:43', 'TARDE', 'N/A', 'H'),
	(428, 1, 2, 1, 360, 'EFECTIVO', 33.50, 0.00, '2025-02-25', '15:35:14', 'TARDE', 'N/A', 'H'),
	(429, 1, 2, 7, 361, 'EFECTIVO', 0.00, 0.00, '2025-02-25', '15:38:43', 'TARDE', 'N/A', 'H'),
	(430, 1, 2, 1, 362, 'EFECTIVO', 3849.00, 0.00, '2025-02-25', '15:43:59', 'TARDE', 'N/A', 'H'),
	(431, 1, 2, 1, 363, 'EFECTIVO', 1180.00, 0.00, '2025-02-25', '15:45:26', 'TARDE', 'N/A', 'H'),
	(432, 1, 2, 1, 364, 'EFECTIVO', 12.00, 0.00, '2025-02-25', '15:46:35', 'TARDE', 'N/A', 'H'),
	(433, 1, 2, 12, 365, 'BCP', 11687.50, 0.00, '2025-02-25', '15:56:55', 'TARDE', 'N/A', 'H'),
	(434, 1, 2, 12, 366, 'BCP', 5062.50, 0.00, '2025-02-25', '15:59:37', 'TARDE', 'N/A', 'H'),
	(435, 1, 2, NULL, NULL, 'EFECTIVO', 145.60, 0.00, '2025-02-25', '16:03:05', 'TARDE', 'Apertura de Caja', 'H'),
	(436, 1, 2, 1, 367, 'BCP', 6353.50, 0.00, '2025-02-26', '16:29:58', 'TARDE', 'N/A', 'H'),
	(437, 1, 2, 1, 368, 'BCP', 1799.37, 0.00, '2025-02-26', '16:32:53', 'TARDE', 'N/A', 'H'),
	(438, 1, 2, 1, 369, 'EFECTIVO', 500.00, 0.00, '2025-02-26', '16:43:07', 'TARDE', 'N/A', 'H'),
	(439, 1, 2, 1, 370, 'EFECTIVO', 12.00, 0.00, '2025-02-26', '16:45:52', 'TARDE', 'N/A', 'H'),
	(440, 1, 2, 13, 371, 'EFECTIVO', 0.00, 8740.50, '2025-02-26', '16:50:44', 'TARDE', 'N/A', 'H'),
	(441, 1, 2, 1, 372, 'EFECTIVO', 418.00, 0.00, '2025-02-26', '16:53:53', 'TARDE', 'N/A', 'H'),
	(442, 1, 2, 1, 358, 'EFECTIVO', 290.87, 0.00, '2025-02-26', '16:55:56', 'TARDE', 'N/A', 'H'),
	(443, 1, 2, 1, 350, 'EFECTIVO', 76.50, 0.00, '2025-02-26', '16:56:34', 'TARDE', 'N/A', 'H'),
	(444, 1, 2, 1, 349, 'EFECTIVO', 1892.10, 0.00, '2025-02-26', '16:57:19', 'TARDE', 'N/A', 'H'),
	(445, 1, 2, 1, 355, 'EFECTIVO', 46.80, 0.00, '2025-02-26', '16:58:05', 'TARDE', 'N/A', 'H'),
	(446, 1, 2, 1, 309, 'EFECTIVO', 89.00, 0.00, '2025-02-26', '16:59:59', 'TARDE', 'N/A', 'H'),
	(447, 1, 2, 1, 303, 'EFECTIVO', 187.55, 0.00, '2025-02-26', '17:00:26', 'TARDE', 'N/A', 'H'),
	(448, 1, 1, 1, 342, 'EFECTIVO', 302.35, 0.00, '2025-02-26', '17:01:42', 'TARDE', 'N/A', 'H'),
	(449, 1, 1, 1, 373, 'EFECTIVO', 0.00, 0.00, '2025-02-26', '17:03:40', 'TARDE', 'N/A', 'H'),
	(450, 1, 1, NULL, NULL, 'EFECTIVO', 742.00, 0.00, '2025-02-26', '17:05:22', 'TARDE', 'INGRESO DE FIERRO DE 5/8 PERO SE HIZO DEVOLUCION EN YAPE MERCADERIA DEVOLVIO', 'H'),
	(451, 1, 1, 1, 374, 'EFECTIVO', 0.00, 80.00, '2025-02-26', '17:09:53', 'TARDE', 'N/A', 'H'),
	(452, 1, 2, 14, 375, 'EFECTIVO', 5185.00, 0.00, '2025-02-26', '17:14:30', 'TARDE', 'N/A', 'H'),
	(453, 1, 2, 12, 376, 'BCP', 1740.00, 0.00, '2025-02-26', '17:15:24', 'TARDE', 'N/A', 'H'),
	(454, 1, 2, 7, 377, 'EFECTIVO', 0.00, 0.00, '2025-02-26', '17:16:07', 'TARDE', 'N/A', 'H'),
	(455, 1, 2, 1, 378, 'EFECTIVO', 2.50, 0.00, '2025-02-26', '17:16:59', 'TARDE', 'N/A', 'H'),
	(456, 1, 2, 1, 379, 'EFECTIVO', 177.00, 0.00, '2025-02-26', '17:17:50', 'TARDE', 'N/A', 'H'),
	(457, 1, 2, 1, 380, 'EFECTIVO', 1.20, 0.00, '2025-02-26', '17:19:32', 'TARDE', 'N/A', 'H'),
	(458, 1, 2, 1, 381, 'EFECTIVO', 87.50, 0.00, '2025-02-26', '17:20:45', 'TARDE', 'N/A', 'H'),
	(459, 1, 1, NULL, NULL, 'EFECTIVO', 162.00, 0.00, '2025-02-26', '17:42:01', 'TARDE', 'Apertura de Caja', 'H'),
	(460, 1, 1, NULL, NULL, 'EFECTIVO', 0.33, 0.00, '2025-02-26', '17:45:13', 'TARDE', 'INGRESO DE REDONDEO', 'H'),
	(461, 1, 2, 1, 382, 'EFECTIVO', 4.00, 0.00, '2025-02-26', '17:54:13', 'TARDE', 'N/A', 'H'),
	(462, 1, 2, 15, 389, 'EFECTIVO', 400.00, 180.00, '2025-02-27', '15:11:28', 'TARDE', 'N/A', 'H'),
	(463, 1, 2, 15, 389, 'YAPE', 180.00, 0.00, '2025-02-27', '15:12:43', 'TARDE', 'N/A', 'H'),
	(464, 1, 2, 16, 390, 'EFECTIVO', 780.00, 0.00, '2025-02-27', '15:16:15', 'TARDE', 'N/A', 'H'),
	(465, 1, 2, 1, 391, 'EFECTIVO', 60.00, 0.00, '2025-02-27', '15:19:04', 'TARDE', 'N/A', 'H'),
	(466, 1, 2, 17, 392, 'EFECTIVO', 297.00, 0.00, '2025-02-27', '15:29:23', 'TARDE', 'N/A', 'H'),
	(467, 1, 2, 1, 393, 'EFECTIVO', 53.00, 0.00, '2025-02-27', '15:31:21', 'TARDE', 'N/A', 'H'),
	(468, 1, 2, 13, 371, 'BCP', 8740.50, 0.00, '2025-02-27', '15:32:41', 'TARDE', 'N/A', 'H'),
	(469, 1, 2, 1, 394, 'EFECTIVO', 0.00, 424.40, '2025-02-27', '15:34:49', 'TARDE', 'N/A', 'H'),
	(470, 1, 2, 1, 395, 'EFECTIVO', 1170.00, 0.00, '2025-02-27', '15:37:17', 'TARDE', 'N/A', 'H'),
	(471, 1, 2, 1, 396, 'EFECTIVO', 364.20, 0.00, '2025-02-27', '15:56:38', 'TARDE', 'N/A', 'H'),
	(472, 1, 2, 14, 397, 'EFECTIVO', 1560.00, 0.00, '2025-02-27', '16:13:02', 'TARDE', 'N/A', 'H'),
	(473, 1, 2, 7, 398, 'EFECTIVO', 0.00, 0.00, '2025-02-27', '17:08:05', 'TARDE', 'N/A', 'H'),
	(474, 1, 2, 1, 399, 'EFECTIVO', 8.00, 0.00, '2025-02-27', '17:11:15', 'TARDE', 'N/A', 'H'),
	(475, 1, 2, 1, 400, 'EFECTIVO', 2251.30, 0.00, '2025-02-27', '17:14:50', 'TARDE', 'N/A', 'H'),
	(476, 1, 2, 18, 401, 'YAPE', 450.00, 0.00, '2025-02-27', '17:18:44', 'TARDE', 'N/A', 'H'),
	(477, 1, 2, 1, 402, 'EFECTIVO', 56.00, 0.00, '2025-02-27', '17:59:07', 'TARDE', 'N/A', 'H'),
	(478, 1, 2, 7, 403, 'EFECTIVO', 0.00, 0.00, '2025-02-27', '18:00:18', 'NOCHE', 'N/A', 'H'),
	(479, 1, 2, 9, 404, 'CAJA HUANCAYO', 1597.00, 0.00, '2025-02-27', '18:06:23', 'NOCHE', 'N/A', 'H'),
	(480, 1, 2, NULL, NULL, 'EFECTIVO', 160.70, 0.00, '2025-02-27', '18:22:14', 'NOCHE', 'Apertura de Caja', 'H'),
	(481, 1, 2, 1, 406, 'EFECTIVO', 12774.90, 0.00, '2025-02-28', '16:11:55', 'TARDE', 'N/A', 'H'),
	(482, 1, 2, 1, 407, 'EFECTIVO', 8780.10, 0.00, '2025-02-28', '16:16:01', 'TARDE', 'N/A', 'H'),
	(483, 1, 2, 1, 408, 'EFECTIVO', 1895.00, 0.00, '2025-02-28', '16:17:49', 'TARDE', 'N/A', 'H'),
	(484, 1, 2, 1, 409, 'EFECTIVO', 1000.00, 0.00, '2025-02-28', '16:21:26', 'TARDE', 'N/A', 'H'),
	(485, 1, 2, 1, 410, 'EFECTIVO', 0.00, 0.00, '2025-02-28', '16:24:25', 'TARDE', 'N/A', 'H'),
	(486, 1, 2, 1, 411, 'EFECTIVO', 60.60, 0.00, '2025-02-28', '16:27:18', 'TARDE', 'N/A', 'H'),
	(487, 1, 2, 1, 412, 'EFECTIVO', 53.00, 0.00, '2025-02-28', '16:28:04', 'TARDE', 'N/A', 'H'),
	(488, 1, 2, 1, 413, 'EFECTIVO', 25.00, 0.00, '2025-02-28', '16:29:01', 'TARDE', 'N/A', 'H'),
	(489, 1, 2, 19, 414, 'YAPE', 100.00, 1610.00, '2025-02-28', '16:49:59', 'TARDE', 'N/A', 'H'),
	(490, 1, 2, 19, 414, 'EFECTIVO', 1610.00, 0.00, '2025-02-28', '16:50:22', 'TARDE', 'N/A', 'H'),
	(491, 1, 2, 1, 415, 'EFECTIVO', 53.00, 0.00, '2025-02-28', '16:51:26', 'TARDE', 'N/A', 'H'),
	(492, 1, 2, 7, 416, 'EFECTIVO', 0.00, 0.00, '2025-02-28', '16:55:04', 'TARDE', 'N/A', 'H'),
	(493, 1, 2, 1, 417, 'EFECTIVO', 8.00, 0.00, '2025-02-28', '16:56:12', 'TARDE', 'N/A', 'H'),
	(494, 1, 2, 1, 418, 'EFECTIVO', 1.50, 0.00, '2025-02-28', '17:00:10', 'TARDE', 'N/A', 'H');

-- Volcando estructura para tabla ferr_ros_h.linea
CREATE TABLE IF NOT EXISTS `linea` (
  `id` int NOT NULL AUTO_INCREMENT,
  `nombre` varchar(150) NOT NULL,
  `est` char(1) NOT NULL,
  PRIMARY KEY (`id`)
) ENGINE=InnoDB AUTO_INCREMENT=39 DEFAULT CHARSET=utf8mb4 COLLATE=utf8mb4_0900_ai_ci;

-- Volcando datos para la tabla ferr_ros_h.linea: ~38 rows (aproximadamente)
INSERT INTO `linea` (`id`, `nombre`, `est`) VALUES
	(1, 'FIERRO', 'H'),
	(2, 'ALAMBRE', 'H'),
	(3, 'CLAVO', 'H'),
	(4, 'TUBOS', 'H'),
	(5, 'ACCESORIOS', 'H'),
	(6, 'CAÑO', 'H'),
	(7, 'LLAVE', 'H'),
	(8, 'EXTENSIONES', 'H'),
	(9, 'LUMINARIAS', 'H'),
	(10, 'CABLES', 'H'),
	(11, 'LLAVE TERMICA', 'H'),
	(12, 'CAJAS', 'H'),
	(13, 'DISCO DE CORTE', 'H'),
	(14, 'DISCO DE DESBASTE', 'H'),
	(15, 'DISCO DE PULIR', 'H'),
	(16, 'BROCA ', 'H'),
	(17, 'TORNILLO', 'H'),
	(18, 'PERNO', 'H'),
	(19, 'TARUGO', 'H'),
	(20, 'ELECTRICA', 'H'),
	(21, 'MANUAL', 'H'),
	(22, 'ELECTRODO', 'H'),
	(23, 'LIQUIDO', 'H'),
	(24, 'SOLIDO', 'H'),
	(25, 'PEGAMENTO', 'H'),
	(26, 'SILICONA', 'H'),
	(27, 'PINTURA', 'H'),
	(28, 'CEMENTO', 'H'),
	(29, 'TECHO', 'H'),
	(30, 'MURO O DIVISION', 'H'),
	(31, 'CALAMINA', 'H'),
	(32, 'TRASLUCIDO', 'H'),
	(33, 'TRIPLAY', 'H'),
	(34, 'TANQUE', 'H'),
	(35, 'CISTERNA', 'H'),
	(36, 'PLANCHA', 'H'),
	(37, 'CASETON', 'H'),
	(38, 'OTRO', 'H');

-- Volcando estructura para tabla ferr_ros_h.marca
CREATE TABLE IF NOT EXISTS `marca` (
  `id` int NOT NULL AUTO_INCREMENT,
  `nombre` varchar(150) NOT NULL,
  `est` char(1) NOT NULL,
  PRIMARY KEY (`id`)
) ENGINE=InnoDB AUTO_INCREMENT=59 DEFAULT CHARSET=utf8mb4 COLLATE=utf8mb4_0900_ai_ci;

-- Volcando datos para la tabla ferr_ros_h.marca: ~58 rows (aproximadamente)
INSERT INTO `marca` (`id`, `nombre`, `est`) VALUES
	(1, 'SIDERPERU', 'H'),
	(2, 'DEACERO FIERRO MACHO', 'H'),
	(3, 'PRODAC - TREFIDE', 'H'),
	(4, 'PRODAC', 'H'),
	(5, 'OTRO', 'H'),
	(6, 'PAVCO', 'H'),
	(7, 'CONCYSA', 'H'),
	(8, 'PCP', 'H'),
	(9, 'ERA', 'H'),
	(10, 'VAE', 'H'),
	(11, 'ITALY', 'H'),
	(12, 'LL', 'H'),
	(13, 'KROSS', 'H'),
	(14, 'C Y A', 'H'),
	(15, 'TREBOL', 'H'),
	(16, 'NACIONAL', 'H'),
	(17, 'MAGNUM', 'H'),
	(18, 'FULGORE', 'H'),
	(19, 'IMPORTADO', 'H'),
	(20, 'B TICINO', 'H'),
	(21, 'FSL', 'H'),
	(22, 'INDECO', 'H'),
	(23, 'BRANDE', 'H'),
	(24, 'STRONGER', 'H'),
	(25, 'NORTON', 'H'),
	(26, 'DEWALT', 'H'),
	(27, 'FERRAWY', 'H'),
	(28, 'KAMASA', 'H'),
	(29, 'KULKONI', 'H'),
	(30, 'CASCO', 'H'),
	(31, 'BLACK+DECKER', 'H'),
	(32, 'UYUSTOOLS', 'H'),
	(33, '3M', 'H'),
	(34, 'PEGAFAN', 'H'),
	(35, 'SANFLEX', 'H'),
	(36, 'PUNTO AZUL', 'H'),
	(37, 'INDURA', 'H'),
	(38, 'CELLOCORD', 'H'),
	(39, 'SUPERCITO', 'H'),
	(40, 'MARTELL', 'H'),
	(41, 'OATEY', 'H'),
	(42, 'AFRICANITO', 'H'),
	(43, 'SIKA', 'H'),
	(44, 'CPP', 'H'),
	(45, 'ANDINO', 'H'),
	(46, 'INKA', 'H'),
	(47, 'SUELTO', 'H'),
	(48, 'PIRAMIDE', 'H'),
	(49, 'FORTALEZA', 'H'),
	(50, 'TORO', 'H'),
	(51, 'LA ROCA', 'H'),
	(52, 'FIBRAFORTE', 'H'),
	(53, 'ROTOPLAS', 'H'),
	(54, 'DIPROPOR', 'H'),
	(55, 'CANTOL', 'H'),
	(56, 'VIRUTEX', 'H'),
	(57, 'FORTE', 'H'),
	(58, 'FORTE', 'D');

-- Volcando estructura para tabla ferr_ros_h.precio
CREATE TABLE IF NOT EXISTS `precio` (
  `id` int NOT NULL AUTO_INCREMENT,
  `id_producto` int NOT NULL,
  `tipocam` float(100,2) DEFAULT NULL,
  `toneladab` float(100,2) DEFAULT NULL,
  `toneladaf` float(100,2) DEFAULT NULL,
  `toneladac` float(100,2) DEFAULT NULL,
  `preciob` float(100,2) DEFAULT NULL,
  `preciof` float(100,2) DEFAULT NULL,
  `precioc` float(100,2) DEFAULT NULL,
  `fecha` date DEFAULT NULL,
  `est` char(1) NOT NULL,
  PRIMARY KEY (`id`),
  KEY `fk_precio_producto` (`id_producto`),
  CONSTRAINT `fk_precio_producto` FOREIGN KEY (`id_producto`) REFERENCES `producto` (`id`)
) ENGINE=InnoDB AUTO_INCREMENT=316 DEFAULT CHARSET=utf8mb4 COLLATE=utf8mb4_0900_ai_ci;

-- Volcando datos para la tabla ferr_ros_h.precio: ~272 rows (aproximadamente)
INSERT INTO `precio` (`id`, `id_producto`, `tipocam`, `toneladab`, `toneladaf`, `toneladac`, `preciob`, `preciof`, `precioc`, `fecha`, `est`) VALUES
	(1, 1, 3.79, 1230.00, 1220.00, 1185.00, 160.54, 159.23, 154.66, '2025-01-14', 'H'),
	(2, 2, 3.79, 1230.00, 1220.00, 1185.00, 91.29, 90.54, 87.95, '2025-01-14', 'H'),
	(3, 3, 3.79, 1230.00, 1220.00, 1185.00, 62.07, 61.57, 59.80, '2025-01-14', 'H'),
	(4, 4, 3.79, 1230.00, 1220.00, 1185.00, 40.13, 39.81, 38.67, '2025-01-14', 'H'),
	(5, 5, 3.79, 1230.00, 1220.00, 1185.00, 35.81, 35.52, 34.50, '2025-01-14', 'H'),
	(6, 6, 3.79, 1230.00, 1220.00, 1185.00, 22.38, 22.20, 21.56, '2025-01-14', 'H'),
	(7, 7, 3.79, 1230.00, 1220.00, 1185.00, 16.17, 16.03, 15.57, '2025-01-14', 'H'),
	(8, 8, 3.79, 1230.00, 1220.00, 1185.00, 9.02, 8.95, 8.69, '2025-01-14', 'H'),
	(9, 9, 3.79, 1230.00, 1220.00, 1185.00, 5.48, 5.43, 5.28, '2025-01-14', 'H'),
	(10, 10, 3.80, 1090.00, 1080.00, 1065.00, 142.64, 141.33, 139.37, '2025-01-14', 'H'),
	(11, 11, 3.80, 1090.00, 1080.00, 1065.00, 81.11, 80.36, 79.25, '2025-01-14', 'H'),
	(12, 12, 3.80, 1090.00, 1080.00, 1065.00, 55.15, 54.65, 53.89, '2025-01-14', 'H'),
	(13, 13, 3.80, 1090.00, 1080.00, 1065.00, 35.66, 35.33, 34.84, '2025-01-14', 'H'),
	(14, 14, 3.80, 1090.00, 1080.00, 1065.00, 31.82, 31.53, 31.09, '2025-01-14', 'H'),
	(15, 15, 3.80, 1090.00, 1080.00, 1065.00, 19.89, 19.70, 19.43, '2025-01-14', 'H'),
	(16, 16, 3.80, 1090.00, 1080.00, 1065.00, 14.36, 14.23, 14.03, '2025-01-14', 'H'),
	(17, 17, 3.80, 1090.00, 1080.00, 1065.00, 8.02, 7.94, 7.83, '2025-01-14', 'H'),
	(18, 18, 3.80, 1090.00, 1080.00, 1065.00, 4.87, 4.82, 4.75, '2025-01-14', 'H'),
	(28, 10, 3.79, 1085.00, 1080.00, 1090.00, 141.72, 141.07, 142.38, '2025-01-15', 'H'),
	(29, 11, 3.79, 1085.00, 1080.00, 1090.00, 80.59, 80.22, 80.96, '2025-01-15', 'H'),
	(30, 12, 3.79, 1085.00, 1080.00, 1090.00, 54.80, 54.55, 55.05, '2025-01-15', 'H'),
	(31, 13, 3.79, 1085.00, 1080.00, 1090.00, 35.43, 35.27, 35.59, '2025-01-15', 'H'),
	(32, 14, 3.79, 1085.00, 1080.00, 1090.00, 31.62, 31.47, 31.76, '2025-01-15', 'H'),
	(33, 15, 3.79, 1085.00, 1080.00, 1090.00, 19.76, 19.67, 19.85, '2025-01-15', 'H'),
	(34, 16, 3.79, 1085.00, 1080.00, 1090.00, 14.27, 14.21, 14.34, '2025-01-15', 'H'),
	(35, 17, 3.79, 1085.00, 1080.00, 1090.00, 7.97, 7.93, 8.00, '2025-01-15', 'H'),
	(36, 18, 3.79, 1085.00, 1080.00, 1090.00, 4.84, 4.81, 4.86, '2025-01-15', 'H'),
	(37, 1, 3.78, 1225.00, 1220.00, 1200.00, 159.59, 158.94, 156.33, '2025-01-15', 'H'),
	(38, 2, 3.78, 1225.00, 1220.00, 1200.00, 90.75, 90.38, 88.89, '2025-01-15', 'H'),
	(39, 3, 3.78, 1225.00, 1220.00, 1200.00, 61.71, 61.46, 60.45, '2025-01-15', 'H'),
	(40, 4, 3.78, 1225.00, 1220.00, 1200.00, 39.90, 39.73, 39.08, '2025-01-15', 'H'),
	(41, 5, 3.78, 1225.00, 1220.00, 1200.00, 35.60, 35.46, 34.87, '2025-01-15', 'H'),
	(42, 6, 3.78, 1225.00, 1220.00, 1200.00, 22.25, 22.16, 21.80, '2025-01-15', 'H'),
	(43, 7, 3.78, 1225.00, 1220.00, 1200.00, 16.07, 16.00, 15.74, '2025-01-15', 'H'),
	(44, 8, 3.78, 1225.00, 1220.00, 1200.00, 8.97, 8.93, 8.79, '2025-01-15', 'H'),
	(45, 9, 3.78, 1225.00, 1220.00, 1200.00, 5.44, 5.42, 5.33, '2025-01-15', 'H'),
	(46, 10, 3.78, 1085.00, 1080.00, 1070.00, 141.35, 140.70, 139.40, '2025-01-16', 'H'),
	(47, 11, 3.78, 1085.00, 1080.00, 1070.00, 80.38, 80.00, 79.26, '2025-01-16', 'H'),
	(48, 12, 3.78, 1085.00, 1080.00, 1070.00, 54.66, 54.40, 53.90, '2025-01-16', 'H'),
	(49, 13, 3.78, 1085.00, 1080.00, 1070.00, 35.34, 35.17, 34.85, '2025-01-16', 'H'),
	(50, 14, 3.78, 1085.00, 1080.00, 1070.00, 31.53, 31.39, 31.10, '2025-01-16', 'H'),
	(51, 15, 3.78, 1085.00, 1080.00, 1070.00, 19.71, 19.62, 19.43, '2025-01-16', 'H'),
	(52, 16, 3.78, 1085.00, 1080.00, 1070.00, 14.23, 14.17, 14.04, '2025-01-16', 'H'),
	(53, 17, 3.78, 1085.00, 1080.00, 1070.00, 7.94, 7.91, 7.83, '2025-01-16', 'H'),
	(54, 18, 3.78, 1085.00, 1080.00, 1070.00, 4.82, 4.80, 4.76, '2025-01-16', 'H'),
	(55, 1, 3.77, 1215.00, 1210.00, 1200.00, 157.87, 157.22, 155.92, '2025-01-16', 'H'),
	(56, 2, 3.77, 1215.00, 1210.00, 1200.00, 89.77, 89.40, 88.66, '2025-01-16', 'H'),
	(57, 3, 3.77, 1215.00, 1210.00, 1200.00, 61.04, 60.79, 60.29, '2025-01-16', 'H'),
	(58, 4, 3.77, 1215.00, 1210.00, 1200.00, 39.47, 39.30, 38.98, '2025-01-16', 'H'),
	(59, 5, 3.77, 1215.00, 1210.00, 1200.00, 35.22, 35.07, 34.78, '2025-01-16', 'H'),
	(60, 6, 3.77, 1215.00, 1210.00, 1200.00, 22.01, 21.92, 21.74, '2025-01-16', 'H'),
	(61, 7, 3.77, 1215.00, 1210.00, 1200.00, 15.90, 15.83, 15.70, '2025-01-16', 'H'),
	(62, 8, 3.77, 1215.00, 1210.00, 1200.00, 8.87, 8.84, 8.76, '2025-01-16', 'H'),
	(63, 9, 3.77, 1215.00, 1210.00, 1200.00, 5.39, 5.36, 5.32, '2025-01-16', 'H'),
	(64, 10, 3.76, 1072.00, 1067.00, 1070.00, 139.06, 138.42, 138.80, '2025-01-18', 'H'),
	(65, 11, 3.76, 1072.00, 1067.00, 1070.00, 79.08, 78.71, 78.93, '2025-01-18', 'H'),
	(66, 12, 3.76, 1072.00, 1067.00, 1070.00, 53.77, 53.52, 53.67, '2025-01-18', 'H'),
	(67, 13, 3.76, 1072.00, 1067.00, 1070.00, 34.77, 34.60, 34.70, '2025-01-18', 'H'),
	(68, 14, 3.76, 1072.00, 1067.00, 1070.00, 31.02, 30.88, 30.96, '2025-01-18', 'H'),
	(69, 15, 3.76, 1072.00, 1067.00, 1070.00, 19.39, 19.30, 19.35, '2025-01-18', 'H'),
	(70, 16, 3.76, 1072.00, 1067.00, 1070.00, 14.00, 13.94, 13.98, '2025-01-18', 'H'),
	(71, 17, 3.76, 1072.00, 1067.00, 1070.00, 7.82, 7.78, 7.80, '2025-01-18', 'H'),
	(72, 18, 3.76, 1072.00, 1067.00, 1070.00, 4.74, 4.72, 4.74, '2025-01-18', 'H'),
	(73, 1, 3.75, 1205.00, 1200.00, 1190.00, 155.90, 155.26, 153.96, '2025-01-18', 'H'),
	(74, 2, 3.75, 1205.00, 1200.00, 1190.00, 88.65, 88.28, 87.55, '2025-01-18', 'H'),
	(75, 3, 3.75, 1205.00, 1200.00, 1190.00, 60.28, 60.03, 59.53, '2025-01-18', 'H'),
	(76, 4, 3.75, 1205.00, 1200.00, 1190.00, 38.98, 38.81, 38.49, '2025-01-18', 'H'),
	(77, 5, 3.75, 1205.00, 1200.00, 1190.00, 34.78, 34.63, 34.35, '2025-01-18', 'H'),
	(78, 6, 3.75, 1205.00, 1200.00, 1190.00, 21.74, 21.65, 21.47, '2025-01-18', 'H'),
	(79, 7, 3.75, 1205.00, 1200.00, 1190.00, 15.70, 15.63, 15.50, '2025-01-18', 'H'),
	(80, 8, 3.75, 1205.00, 1200.00, 1190.00, 8.76, 8.73, 8.65, '2025-01-18', 'H'),
	(81, 9, 3.75, 1205.00, 1200.00, 1190.00, 5.32, 5.30, 5.25, '2025-01-18', 'H'),
	(82, 10, 3.75, 1075.00, 1070.00, 1060.00, 139.08, 138.44, 137.14, '2025-01-21', 'H'),
	(83, 11, 3.75, 1075.00, 1070.00, 1060.00, 79.09, 78.72, 77.98, '2025-01-21', 'H'),
	(84, 12, 3.75, 1075.00, 1070.00, 1060.00, 53.78, 53.53, 53.03, '2025-01-21', 'H'),
	(85, 13, 3.75, 1075.00, 1070.00, 1060.00, 34.77, 34.61, 34.29, '2025-01-21', 'H'),
	(86, 14, 3.75, 1075.00, 1070.00, 1060.00, 31.03, 30.88, 30.59, '2025-01-21', 'H'),
	(87, 15, 3.75, 1075.00, 1070.00, 1060.00, 19.39, 19.30, 19.12, '2025-01-21', 'H'),
	(88, 16, 3.75, 1075.00, 1070.00, 1060.00, 14.00, 13.94, 13.81, '2025-01-21', 'H'),
	(89, 17, 3.75, 1075.00, 1070.00, 1060.00, 7.82, 7.78, 7.71, '2025-01-21', 'H'),
	(90, 18, 3.75, 1075.00, 1070.00, 1060.00, 4.75, 4.72, 4.68, '2025-01-21', 'H'),
	(91, 1, 3.74, 1220.00, 1210.00, 1200.00, 157.42, 156.13, 154.84, '2025-01-21', 'H'),
	(92, 2, 3.74, 1220.00, 1210.00, 1200.00, 89.51, 88.78, 88.05, '2025-01-21', 'H'),
	(93, 3, 3.74, 1220.00, 1210.00, 1200.00, 60.87, 60.37, 59.87, '2025-01-21', 'H'),
	(94, 4, 3.74, 1220.00, 1210.00, 1200.00, 39.36, 39.03, 38.71, '2025-01-21', 'H'),
	(95, 5, 3.74, 1220.00, 1210.00, 1200.00, 35.12, 34.83, 34.54, '2025-01-21', 'H'),
	(96, 6, 3.74, 1220.00, 1210.00, 1200.00, 21.95, 21.77, 21.59, '2025-01-21', 'H'),
	(97, 7, 3.74, 1220.00, 1210.00, 1200.00, 15.85, 15.72, 15.59, '2025-01-21', 'H'),
	(98, 8, 3.74, 1220.00, 1210.00, 1200.00, 8.85, 8.77, 8.70, '2025-01-21', 'H'),
	(99, 9, 3.74, 1220.00, 1210.00, 1200.00, 5.37, 5.33, 5.28, '2025-01-21', 'H'),
	(100, 10, 3.73, 1085.00, 1080.00, 1070.00, 139.70, 139.06, 137.77, '2025-01-23', 'H'),
	(101, 11, 3.73, 1085.00, 1080.00, 1070.00, 79.44, 79.07, 78.34, '2025-01-23', 'H'),
	(102, 12, 3.73, 1085.00, 1080.00, 1070.00, 54.02, 53.77, 53.27, '2025-01-23', 'H'),
	(103, 13, 3.73, 1085.00, 1080.00, 1070.00, 34.93, 34.76, 34.44, '2025-01-23', 'H'),
	(104, 14, 3.73, 1085.00, 1080.00, 1070.00, 31.16, 31.02, 30.73, '2025-01-23', 'H'),
	(105, 15, 3.73, 1085.00, 1080.00, 1070.00, 19.48, 19.39, 19.21, '2025-01-23', 'H'),
	(106, 16, 3.73, 1085.00, 1080.00, 1070.00, 14.07, 14.00, 13.87, '2025-01-23', 'H'),
	(107, 17, 3.73, 1085.00, 1080.00, 1070.00, 7.85, 7.82, 7.74, '2025-01-23', 'H'),
	(108, 18, 3.73, 1085.00, 1080.00, 1070.00, 4.77, 4.74, 4.70, '2025-01-23', 'H'),
	(109, 1, 3.72, 1220.00, 1210.00, 1200.00, 156.66, 155.38, 154.10, '2025-01-23', 'H'),
	(110, 2, 3.72, 1220.00, 1210.00, 1200.00, 89.08, 88.35, 87.62, '2025-01-23', 'H'),
	(111, 3, 3.72, 1220.00, 1210.00, 1200.00, 60.58, 60.08, 59.58, '2025-01-23', 'H'),
	(112, 4, 3.72, 1220.00, 1210.00, 1200.00, 39.17, 38.85, 38.52, '2025-01-23', 'H'),
	(113, 5, 3.72, 1220.00, 1210.00, 1200.00, 34.95, 34.66, 34.38, '2025-01-23', 'H'),
	(114, 6, 3.72, 1220.00, 1210.00, 1200.00, 21.84, 21.66, 21.48, '2025-01-23', 'H'),
	(115, 7, 3.72, 1220.00, 1210.00, 1200.00, 15.78, 15.65, 15.52, '2025-01-23', 'H'),
	(116, 8, 3.72, 1220.00, 1210.00, 1200.00, 8.80, 8.73, 8.66, '2025-01-23', 'H'),
	(117, 9, 3.72, 1220.00, 1210.00, 1200.00, 5.35, 5.30, 5.26, '2025-01-23', 'H'),
	(118, 1, 3.73, 1200.00, 1195.00, 1190.00, 154.26, 153.62, 152.98, '2025-02-01', 'H'),
	(119, 2, 3.73, 1200.00, 1195.00, 1190.00, 87.72, 87.35, 86.99, '2025-02-01', 'H'),
	(120, 3, 3.73, 1200.00, 1195.00, 1190.00, 59.65, 59.40, 59.15, '2025-02-01', 'H'),
	(121, 4, 3.73, 1200.00, 1195.00, 1190.00, 38.57, 38.40, 38.24, '2025-02-01', 'H'),
	(122, 5, 3.73, 1200.00, 1195.00, 1190.00, 34.41, 34.27, 34.13, '2025-02-01', 'H'),
	(123, 6, 3.73, 1200.00, 1195.00, 1190.00, 21.51, 21.42, 21.33, '2025-02-01', 'H'),
	(124, 7, 3.73, 1200.00, 1195.00, 1190.00, 15.53, 15.47, 15.40, '2025-02-01', 'H'),
	(125, 8, 3.73, 1200.00, 1195.00, 1190.00, 8.67, 8.63, 8.60, '2025-02-01', 'H'),
	(126, 9, 3.73, 1200.00, 1195.00, 1190.00, 5.26, 5.24, 5.22, '2025-02-01', 'H'),
	(127, 10, 3.74, 1100.00, 1090.00, 1070.00, 141.79, 140.50, 137.92, '2025-02-01', 'H'),
	(128, 11, 3.74, 1100.00, 1090.00, 1070.00, 80.62, 79.89, 78.42, '2025-02-01', 'H'),
	(129, 12, 3.74, 1100.00, 1090.00, 1070.00, 54.82, 54.33, 53.33, '2025-02-01', 'H'),
	(130, 13, 3.74, 1100.00, 1090.00, 1070.00, 35.45, 35.12, 34.48, '2025-02-01', 'H'),
	(131, 14, 3.74, 1100.00, 1090.00, 1070.00, 31.63, 31.34, 30.77, '2025-02-01', 'H'),
	(132, 15, 3.74, 1100.00, 1090.00, 1070.00, 19.77, 19.59, 19.23, '2025-02-01', 'H'),
	(133, 16, 3.74, 1100.00, 1090.00, 1070.00, 14.28, 14.15, 13.89, '2025-02-01', 'H'),
	(134, 17, 3.74, 1100.00, 1090.00, 1070.00, 7.97, 7.90, 7.75, '2025-02-01', 'H'),
	(135, 18, 3.74, 1100.00, 1090.00, 1070.00, 4.84, 4.79, 4.71, '2025-02-01', 'H'),
	(136, 10, 3.74, 1100.00, 1090.00, 1070.00, 141.79, 140.50, 137.92, '2025-02-03', 'H'),
	(137, 11, 3.74, 1100.00, 1090.00, 1070.00, 80.62, 79.89, 78.42, '2025-02-03', 'H'),
	(138, 12, 3.74, 1100.00, 1090.00, 1070.00, 54.82, 54.33, 53.33, '2025-02-03', 'H'),
	(139, 13, 3.74, 1100.00, 1090.00, 1070.00, 35.45, 35.12, 34.48, '2025-02-03', 'H'),
	(140, 14, 3.74, 1100.00, 1090.00, 1070.00, 31.63, 31.34, 30.77, '2025-02-03', 'H'),
	(141, 15, 3.74, 1100.00, 1090.00, 1070.00, 19.77, 19.59, 19.23, '2025-02-03', 'H'),
	(142, 16, 3.74, 1100.00, 1090.00, 1070.00, 14.28, 14.15, 13.89, '2025-02-03', 'H'),
	(143, 17, 3.74, 1100.00, 1090.00, 1070.00, 7.97, 7.90, 7.75, '2025-02-03', 'H'),
	(144, 18, 3.74, 1100.00, 1090.00, 1070.00, 4.84, 4.79, 4.71, '2025-02-03', 'H'),
	(145, 1, 3.73, 1200.00, 1195.00, 1190.00, 154.26, 153.62, 152.98, '2025-02-03', 'H'),
	(146, 2, 3.73, 1200.00, 1195.00, 1190.00, 87.72, 87.35, 86.99, '2025-02-03', 'H'),
	(147, 3, 3.73, 1200.00, 1195.00, 1190.00, 59.65, 59.40, 59.15, '2025-02-03', 'H'),
	(148, 4, 3.73, 1200.00, 1195.00, 1190.00, 38.57, 38.40, 38.24, '2025-02-03', 'H'),
	(149, 5, 3.73, 1200.00, 1195.00, 1190.00, 34.41, 34.27, 34.13, '2025-02-03', 'H'),
	(150, 6, 3.73, 1200.00, 1195.00, 1190.00, 21.51, 21.42, 21.33, '2025-02-03', 'H'),
	(151, 7, 3.73, 1200.00, 1195.00, 1190.00, 15.53, 15.47, 15.40, '2025-02-03', 'H'),
	(152, 8, 3.73, 1200.00, 1195.00, 1190.00, 8.67, 8.63, 8.60, '2025-02-03', 'H'),
	(153, 9, 3.73, 1200.00, 1195.00, 1190.00, 5.26, 5.24, 5.22, '2025-02-03', 'H'),
	(154, 10, 3.73, 1100.00, 1090.00, 1070.00, 141.56, 140.27, 137.70, '2025-02-04', 'H'),
	(155, 11, 3.73, 1100.00, 1090.00, 1070.00, 80.49, 79.76, 78.30, '2025-02-04', 'H'),
	(156, 12, 3.73, 1100.00, 1090.00, 1070.00, 54.74, 54.24, 53.24, '2025-02-04', 'H'),
	(157, 13, 3.73, 1100.00, 1090.00, 1070.00, 35.39, 35.07, 34.42, '2025-02-04', 'H'),
	(158, 14, 3.73, 1100.00, 1090.00, 1070.00, 31.58, 31.29, 30.72, '2025-02-04', 'H'),
	(159, 15, 3.73, 1100.00, 1090.00, 1070.00, 19.74, 19.56, 19.20, '2025-02-04', 'H'),
	(160, 16, 3.73, 1100.00, 1090.00, 1070.00, 14.25, 14.12, 13.87, '2025-02-04', 'H'),
	(161, 17, 3.73, 1100.00, 1090.00, 1070.00, 7.96, 7.88, 7.74, '2025-02-04', 'H'),
	(162, 18, 3.73, 1100.00, 1090.00, 1070.00, 4.83, 4.79, 4.70, '2025-02-04', 'H'),
	(163, 1, 3.72, 1200.00, 1195.00, 1190.00, 154.01, 153.37, 152.73, '2025-02-04', 'H'),
	(164, 2, 3.72, 1200.00, 1195.00, 1190.00, 87.58, 87.21, 86.85, '2025-02-04', 'H'),
	(165, 3, 3.72, 1200.00, 1195.00, 1190.00, 59.55, 59.30, 59.06, '2025-02-04', 'H'),
	(166, 4, 3.72, 1200.00, 1195.00, 1190.00, 38.50, 38.34, 38.18, '2025-02-04', 'H'),
	(167, 5, 3.72, 1200.00, 1195.00, 1190.00, 34.36, 34.21, 34.07, '2025-02-04', 'H'),
	(168, 6, 3.72, 1200.00, 1195.00, 1190.00, 21.47, 21.38, 21.29, '2025-02-04', 'H'),
	(169, 7, 3.72, 1200.00, 1195.00, 1190.00, 15.51, 15.44, 15.38, '2025-02-04', 'H'),
	(170, 8, 3.72, 1200.00, 1195.00, 1190.00, 8.66, 8.62, 8.58, '2025-02-04', 'H'),
	(171, 9, 3.72, 1200.00, 1195.00, 1190.00, 5.25, 5.23, 5.21, '2025-02-04', 'H'),
	(172, 10, 3.72, 1100.00, 1090.00, 1070.00, 141.18, 139.90, 137.33, '2025-02-05', 'H'),
	(173, 11, 3.72, 1100.00, 1090.00, 1070.00, 80.28, 79.55, 78.09, '2025-02-05', 'H'),
	(174, 12, 3.72, 1100.00, 1090.00, 1070.00, 54.59, 54.09, 53.10, '2025-02-05', 'H'),
	(175, 13, 3.72, 1100.00, 1090.00, 1070.00, 35.29, 34.97, 34.33, '2025-02-05', 'H'),
	(176, 14, 3.72, 1100.00, 1090.00, 1070.00, 31.49, 31.21, 30.63, '2025-02-05', 'H'),
	(177, 15, 3.72, 1100.00, 1090.00, 1070.00, 19.68, 19.50, 19.15, '2025-02-05', 'H'),
	(178, 16, 3.72, 1100.00, 1090.00, 1070.00, 14.22, 14.09, 13.83, '2025-02-05', 'H'),
	(179, 17, 3.72, 1100.00, 1090.00, 1070.00, 7.93, 7.86, 7.72, '2025-02-05', 'H'),
	(180, 18, 3.72, 1100.00, 1090.00, 1070.00, 4.82, 4.77, 4.69, '2025-02-05', 'H'),
	(181, 1, 3.71, 1205.00, 1195.00, 1190.00, 154.24, 152.96, 152.32, '2025-02-05', 'H'),
	(182, 2, 3.71, 1205.00, 1195.00, 1190.00, 87.71, 86.98, 86.61, '2025-02-05', 'H'),
	(183, 3, 3.71, 1205.00, 1195.00, 1190.00, 59.64, 59.14, 58.90, '2025-02-05', 'H'),
	(184, 4, 3.71, 1205.00, 1195.00, 1190.00, 38.56, 38.24, 38.08, '2025-02-05', 'H'),
	(185, 5, 3.71, 1205.00, 1195.00, 1190.00, 34.41, 34.12, 33.98, '2025-02-05', 'H'),
	(186, 6, 3.71, 1205.00, 1195.00, 1190.00, 21.50, 21.33, 21.24, '2025-02-05', 'H'),
	(187, 7, 3.71, 1205.00, 1195.00, 1190.00, 15.53, 15.40, 15.34, '2025-02-05', 'H'),
	(188, 8, 3.71, 1205.00, 1195.00, 1190.00, 8.67, 8.60, 8.56, '2025-02-05', 'H'),
	(189, 9, 3.71, 1205.00, 1195.00, 1190.00, 5.26, 5.22, 5.20, '2025-02-05', 'H'),
	(190, 10, 3.73, 1100.00, 1090.00, 1070.00, 141.29, 140.01, 137.44, '2025-02-07', 'H'),
	(191, 11, 3.73, 1100.00, 1090.00, 1070.00, 80.34, 79.61, 78.15, '2025-02-07', 'H'),
	(192, 12, 3.73, 1100.00, 1090.00, 1070.00, 54.63, 54.14, 53.14, '2025-02-07', 'H'),
	(193, 13, 3.73, 1100.00, 1090.00, 1070.00, 35.32, 35.00, 34.36, '2025-02-07', 'H'),
	(194, 14, 3.73, 1100.00, 1090.00, 1070.00, 31.52, 31.23, 30.66, '2025-02-07', 'H'),
	(195, 15, 3.73, 1100.00, 1090.00, 1070.00, 19.70, 19.52, 19.16, '2025-02-07', 'H'),
	(196, 16, 3.73, 1100.00, 1090.00, 1070.00, 14.23, 14.10, 13.84, '2025-02-07', 'H'),
	(197, 17, 3.73, 1100.00, 1090.00, 1070.00, 7.94, 7.87, 7.72, '2025-02-07', 'H'),
	(198, 18, 3.73, 1100.00, 1090.00, 1070.00, 4.82, 4.78, 4.69, '2025-02-07', 'H'),
	(199, 1, 3.71, 1195.00, 1200.00, 1190.00, 153.08, 153.72, 152.44, '2025-02-07', 'H'),
	(200, 2, 3.71, 1195.00, 1200.00, 1190.00, 87.05, 87.41, 86.68, '2025-02-07', 'H'),
	(201, 3, 3.71, 1195.00, 1200.00, 1190.00, 59.19, 59.44, 58.94, '2025-02-07', 'H'),
	(202, 4, 3.71, 1195.00, 1200.00, 1190.00, 38.27, 38.43, 38.11, '2025-02-07', 'H'),
	(203, 5, 3.71, 1195.00, 1200.00, 1190.00, 34.15, 34.29, 34.01, '2025-02-07', 'H'),
	(204, 6, 3.71, 1195.00, 1200.00, 1190.00, 21.34, 21.43, 21.25, '2025-02-07', 'H'),
	(205, 7, 3.71, 1195.00, 1200.00, 1190.00, 15.41, 15.48, 15.35, '2025-02-07', 'H'),
	(206, 8, 3.71, 1195.00, 1200.00, 1190.00, 8.60, 8.64, 8.57, '2025-02-07', 'H'),
	(207, 9, 3.71, 1195.00, 1200.00, 1190.00, 5.22, 5.24, 5.20, '2025-02-07', 'H'),
	(208, 1, 3.72, 1205.00, 1200.00, 1195.00, 154.49, 153.85, 153.21, '2025-02-10', 'H'),
	(209, 2, 3.72, 1205.00, 1200.00, 1195.00, 87.85, 87.48, 87.12, '2025-02-10', 'H'),
	(210, 3, 3.72, 1205.00, 1200.00, 1195.00, 59.74, 59.49, 59.24, '2025-02-10', 'H'),
	(211, 4, 3.72, 1205.00, 1200.00, 1195.00, 38.62, 38.46, 38.30, '2025-02-10', 'H'),
	(212, 5, 3.72, 1205.00, 1200.00, 1195.00, 34.46, 34.32, 34.18, '2025-02-10', 'H'),
	(213, 6, 3.72, 1205.00, 1200.00, 1195.00, 21.54, 21.45, 21.36, '2025-02-10', 'H'),
	(214, 7, 3.72, 1205.00, 1200.00, 1195.00, 15.56, 15.49, 15.43, '2025-02-10', 'H'),
	(215, 8, 3.72, 1205.00, 1200.00, 1195.00, 8.68, 8.65, 8.61, '2025-02-10', 'H'),
	(216, 9, 3.72, 1205.00, 1200.00, 1195.00, 5.27, 5.25, 5.23, '2025-02-10', 'H'),
	(217, 10, 3.73, 1100.00, 1090.00, 1085.00, 141.41, 140.12, 139.48, '2025-02-10', 'H'),
	(218, 11, 3.73, 1100.00, 1090.00, 1085.00, 80.41, 79.68, 79.31, '2025-02-10', 'H'),
	(219, 12, 3.73, 1100.00, 1090.00, 1085.00, 54.68, 54.18, 53.93, '2025-02-10', 'H'),
	(220, 13, 3.73, 1100.00, 1090.00, 1085.00, 35.35, 35.03, 34.87, '2025-02-10', 'H'),
	(221, 14, 3.73, 1100.00, 1090.00, 1085.00, 31.54, 31.26, 31.11, '2025-02-10', 'H'),
	(222, 15, 3.73, 1100.00, 1090.00, 1085.00, 19.72, 19.54, 19.45, '2025-02-10', 'H'),
	(223, 16, 3.73, 1100.00, 1090.00, 1085.00, 14.24, 14.11, 14.04, '2025-02-10', 'H'),
	(224, 17, 3.73, 1100.00, 1090.00, 1085.00, 7.95, 7.88, 7.84, '2025-02-10', 'H'),
	(225, 18, 3.73, 1100.00, 1090.00, 1085.00, 4.82, 4.78, 4.76, '2025-02-10', 'H'),
	(226, 10, 3.72, 1100.00, 1095.00, 1070.00, 141.26, 140.61, 137.40, '2025-02-13', 'H'),
	(227, 11, 3.72, 1100.00, 1095.00, 1070.00, 80.32, 79.96, 78.13, '2025-02-13', 'H'),
	(228, 12, 3.72, 1100.00, 1095.00, 1070.00, 54.62, 54.37, 53.13, '2025-02-13', 'H'),
	(229, 13, 3.72, 1100.00, 1095.00, 1070.00, 35.31, 35.15, 34.35, '2025-02-13', 'H'),
	(230, 14, 3.72, 1100.00, 1095.00, 1070.00, 31.51, 31.37, 30.65, '2025-02-13', 'H'),
	(231, 15, 3.72, 1100.00, 1095.00, 1070.00, 19.69, 19.60, 19.16, '2025-02-13', 'H'),
	(232, 16, 3.72, 1100.00, 1095.00, 1070.00, 14.22, 14.16, 13.84, '2025-02-13', 'H'),
	(233, 17, 3.72, 1100.00, 1095.00, 1070.00, 7.94, 7.90, 7.72, '2025-02-13', 'H'),
	(234, 18, 3.72, 1100.00, 1095.00, 1070.00, 4.82, 4.80, 4.69, '2025-02-13', 'H'),
	(235, 10, 3.71, 1205.00, 1195.00, 1190.00, 154.32, 153.04, 152.40, '2025-02-13', 'H'),
	(236, 11, 3.71, 1205.00, 1195.00, 1190.00, 87.75, 87.02, 86.66, '2025-02-13', 'H'),
	(237, 12, 3.71, 1205.00, 1195.00, 1190.00, 59.67, 59.18, 58.93, '2025-02-13', 'H'),
	(238, 13, 3.71, 1205.00, 1195.00, 1190.00, 38.58, 38.26, 38.10, '2025-02-13', 'H'),
	(239, 14, 3.71, 1205.00, 1195.00, 1190.00, 34.43, 34.14, 34.00, '2025-02-13', 'H'),
	(240, 15, 3.71, 1205.00, 1195.00, 1190.00, 21.52, 21.34, 21.25, '2025-02-13', 'H'),
	(241, 16, 3.71, 1205.00, 1195.00, 1190.00, 15.54, 15.41, 15.35, '2025-02-13', 'H'),
	(242, 17, 3.71, 1205.00, 1195.00, 1190.00, 8.67, 8.60, 8.57, '2025-02-13', 'H'),
	(243, 18, 3.71, 1205.00, 1195.00, 1190.00, 5.27, 5.22, 5.20, '2025-02-13', 'H'),
	(244, 10, 3.72, 1090.00, 1080.00, 1070.00, 139.75, 138.46, 137.18, '2025-02-18', 'H'),
	(245, 11, 3.72, 1090.00, 1080.00, 1070.00, 79.46, 78.73, 78.01, '2025-02-18', 'H'),
	(246, 12, 3.72, 1090.00, 1080.00, 1070.00, 54.03, 53.54, 53.04, '2025-02-18', 'H'),
	(247, 13, 3.72, 1090.00, 1080.00, 1070.00, 34.94, 34.62, 34.30, '2025-02-18', 'H'),
	(248, 14, 3.72, 1090.00, 1080.00, 1070.00, 31.17, 30.89, 30.60, '2025-02-18', 'H'),
	(249, 15, 3.72, 1090.00, 1080.00, 1070.00, 19.48, 19.30, 19.13, '2025-02-18', 'H'),
	(250, 16, 3.72, 1090.00, 1080.00, 1070.00, 14.07, 13.94, 13.81, '2025-02-18', 'H'),
	(251, 17, 3.72, 1090.00, 1080.00, 1070.00, 7.85, 7.78, 7.71, '2025-02-18', 'H'),
	(252, 18, 3.72, 1090.00, 1080.00, 1070.00, 4.77, 4.72, 4.68, '2025-02-18', 'H'),
	(253, 1, 3.71, 1195.00, 1185.00, 1180.00, 152.80, 151.52, 150.88, '2025-02-18', 'H'),
	(254, 2, 3.71, 1195.00, 1185.00, 1180.00, 86.88, 86.16, 85.79, '2025-02-18', 'H'),
	(255, 3, 3.71, 1195.00, 1185.00, 1180.00, 59.08, 58.59, 58.34, '2025-02-18', 'H'),
	(256, 4, 3.71, 1195.00, 1185.00, 1180.00, 38.20, 37.88, 37.72, '2025-02-18', 'H'),
	(257, 5, 3.71, 1195.00, 1185.00, 1180.00, 34.09, 33.80, 33.66, '2025-02-18', 'H'),
	(258, 6, 3.71, 1195.00, 1185.00, 1180.00, 21.30, 21.12, 21.04, '2025-02-18', 'H'),
	(259, 7, 3.71, 1195.00, 1185.00, 1180.00, 15.39, 15.26, 15.19, '2025-02-18', 'H'),
	(260, 8, 3.71, 1195.00, 1185.00, 1180.00, 8.59, 8.52, 8.48, '2025-02-18', 'H'),
	(261, 9, 3.71, 1195.00, 1185.00, 1180.00, 5.21, 5.17, 5.15, '2025-02-18', 'H'),
	(262, 10, 3.69, 1185.00, 1180.00, 1170.00, 150.62, 149.98, 148.71, '2025-02-26', 'H'),
	(263, 11, 3.69, 1185.00, 1180.00, 1170.00, 85.65, 85.28, 84.56, '2025-02-26', 'H'),
	(264, 12, 3.69, 1185.00, 1180.00, 1170.00, 58.24, 57.99, 57.50, '2025-02-26', 'H'),
	(265, 13, 3.69, 1185.00, 1180.00, 1170.00, 37.65, 37.50, 37.18, '2025-02-26', 'H'),
	(266, 14, 3.69, 1185.00, 1180.00, 1170.00, 33.60, 33.46, 33.17, '2025-02-26', 'H'),
	(267, 15, 3.69, 1185.00, 1180.00, 1170.00, 21.00, 20.91, 20.73, '2025-02-26', 'H'),
	(268, 16, 3.69, 1185.00, 1180.00, 1170.00, 15.17, 15.10, 14.97, '2025-02-26', 'H'),
	(269, 17, 3.69, 1185.00, 1180.00, 1170.00, 8.46, 8.43, 8.36, '2025-02-26', 'H'),
	(270, 18, 3.69, 1185.00, 1180.00, 1170.00, 5.14, 5.12, 5.07, '2025-02-26', 'H'),
	(271, 1, 3.69, 1185.00, 1180.00, 1170.00, 150.62, 149.98, 148.71, '2025-02-26', 'H'),
	(272, 2, 3.69, 1185.00, 1180.00, 1170.00, 85.65, 85.28, 84.56, '2025-02-26', 'H'),
	(273, 3, 3.69, 1185.00, 1180.00, 1170.00, 58.24, 57.99, 57.50, '2025-02-26', 'H'),
	(274, 4, 3.69, 1185.00, 1180.00, 1170.00, 37.65, 37.50, 37.18, '2025-02-26', 'H'),
	(275, 5, 3.69, 1185.00, 1180.00, 1170.00, 33.60, 33.46, 33.17, '2025-02-26', 'H'),
	(276, 6, 3.69, 1185.00, 1180.00, 1170.00, 21.00, 20.91, 20.73, '2025-02-26', 'H'),
	(277, 7, 3.69, 1185.00, 1180.00, 1170.00, 15.17, 15.10, 14.97, '2025-02-26', 'H'),
	(278, 8, 3.69, 1185.00, 1180.00, 1170.00, 8.46, 8.43, 8.36, '2025-02-26', 'H'),
	(279, 9, 3.69, 1185.00, 1180.00, 1170.00, 5.14, 5.12, 5.07, '2025-02-26', 'H'),
	(280, 10, 3.70, 1080.00, 1075.00, 1070.00, 137.64, 137.01, 136.37, '2025-02-26', 'H'),
	(281, 11, 3.70, 1080.00, 1075.00, 1070.00, 78.27, 77.91, 77.54, '2025-02-26', 'H'),
	(282, 12, 3.70, 1080.00, 1075.00, 1070.00, 53.22, 52.98, 52.73, '2025-02-26', 'H'),
	(283, 13, 3.70, 1080.00, 1075.00, 1070.00, 34.41, 34.25, 34.09, '2025-02-26', 'H'),
	(284, 14, 3.70, 1080.00, 1075.00, 1070.00, 30.71, 30.56, 30.42, '2025-02-26', 'H'),
	(285, 15, 3.70, 1080.00, 1075.00, 1070.00, 19.19, 19.10, 19.01, '2025-02-26', 'H'),
	(286, 16, 3.70, 1080.00, 1075.00, 1070.00, 13.86, 13.80, 13.73, '2025-02-26', 'H'),
	(287, 17, 3.70, 1080.00, 1075.00, 1070.00, 7.74, 7.70, 7.66, '2025-02-26', 'H'),
	(288, 18, 3.70, 1080.00, 1075.00, 1070.00, 4.70, 4.67, 4.65, '2025-02-26', 'H'),
	(289, 10, 3.68, 1185.00, 1175.00, 1170.00, 150.54, 149.27, 148.63, '2025-02-28', 'H'),
	(290, 11, 3.68, 1185.00, 1175.00, 1170.00, 85.60, 84.88, 84.52, '2025-02-28', 'H'),
	(291, 12, 3.68, 1185.00, 1175.00, 1170.00, 58.21, 57.72, 57.47, '2025-02-28', 'H'),
	(292, 13, 3.68, 1185.00, 1175.00, 1170.00, 37.63, 37.32, 37.16, '2025-02-28', 'H'),
	(293, 14, 3.68, 1185.00, 1175.00, 1170.00, 33.58, 33.30, 33.16, '2025-02-28', 'H'),
	(294, 15, 3.68, 1185.00, 1175.00, 1170.00, 20.99, 20.81, 20.72, '2025-02-28', 'H'),
	(295, 16, 3.68, 1185.00, 1175.00, 1170.00, 15.16, 15.03, 14.97, '2025-02-28', 'H'),
	(296, 17, 3.68, 1185.00, 1175.00, 1170.00, 8.46, 8.39, 8.35, '2025-02-28', 'H'),
	(297, 18, 3.68, 1185.00, 1175.00, 1170.00, 5.14, 5.09, 5.07, '2025-02-28', 'H'),
	(298, 10, 3.68, 1085.00, 1075.00, 1070.00, 137.83, 136.56, 135.93, '2025-02-28', 'H'),
	(299, 11, 3.68, 1085.00, 1075.00, 1070.00, 78.38, 77.65, 77.29, '2025-02-28', 'H'),
	(300, 12, 3.68, 1085.00, 1075.00, 1070.00, 53.30, 52.80, 52.56, '2025-02-28', 'H'),
	(301, 13, 3.68, 1085.00, 1075.00, 1070.00, 34.46, 34.14, 33.98, '2025-02-28', 'H'),
	(302, 14, 3.68, 1085.00, 1075.00, 1070.00, 30.75, 30.46, 30.32, '2025-02-28', 'H'),
	(303, 15, 3.68, 1085.00, 1075.00, 1070.00, 19.22, 19.04, 18.95, '2025-02-28', 'H'),
	(304, 16, 3.68, 1085.00, 1075.00, 1070.00, 13.88, 13.75, 13.69, '2025-02-28', 'H'),
	(305, 17, 3.68, 1085.00, 1075.00, 1070.00, 7.75, 7.67, 7.64, '2025-02-28', 'H'),
	(306, 18, 3.68, 1085.00, 1075.00, 1070.00, 4.70, 4.66, 4.64, '2025-02-28', 'H'),
	(307, 1, 3.67, 1180.00, 1175.00, 1170.00, 149.49, 148.86, 148.23, '2025-02-28', 'H'),
	(308, 2, 3.67, 1180.00, 1175.00, 1170.00, 85.01, 84.65, 84.29, '2025-02-28', 'H'),
	(309, 3, 3.67, 1180.00, 1175.00, 1170.00, 57.80, 57.56, 57.31, '2025-02-28', 'H'),
	(310, 4, 3.67, 1180.00, 1175.00, 1170.00, 37.37, 37.22, 37.06, '2025-02-28', 'H'),
	(311, 5, 3.67, 1180.00, 1175.00, 1170.00, 33.35, 33.21, 33.07, '2025-02-28', 'H'),
	(312, 6, 3.67, 1180.00, 1175.00, 1170.00, 20.84, 20.75, 20.67, '2025-02-28', 'H'),
	(313, 7, 3.67, 1180.00, 1175.00, 1170.00, 15.05, 14.99, 14.93, '2025-02-28', 'H'),
	(314, 8, 3.67, 1180.00, 1175.00, 1170.00, 8.40, 8.37, 8.33, '2025-02-28', 'H'),
	(315, 9, 3.67, 1180.00, 1175.00, 1170.00, 5.10, 5.08, 5.06, '2025-02-28', 'H');

-- Volcando estructura para tabla ferr_ros_h.producto
CREATE TABLE IF NOT EXISTS `producto` (
  `id` int NOT NULL AUTO_INCREMENT,
  `id_tienda` int NOT NULL,
  `id_familia` int NOT NULL,
  `id_linea` int NOT NULL,
  `id_marca` int NOT NULL,
  `id_descuento` int NOT NULL,
  `codigo` char(6) DEFAULT NULL,
  `nombre` varchar(150) NOT NULL,
  `medida` varchar(100) NOT NULL,
  `cantidad` float(100,2) NOT NULL,
  `paquete` int DEFAULT NULL,
  `imagen` varchar(255) DEFAULT NULL,
  `preciob` float(100,2) DEFAULT NULL,
  `preciof` float(100,2) DEFAULT NULL,
  `precioc` float(100,2) DEFAULT NULL,
  `est` char(1) NOT NULL,
  PRIMARY KEY (`id`),
  KEY `fk_producto_tienda` (`id_tienda`),
  KEY `fk_producto_familia` (`id_familia`),
  KEY `fk_producto_linea` (`id_linea`),
  KEY `fk_producto_marca` (`id_marca`),
  KEY `fk_producto_descuento` (`id_descuento`),
  CONSTRAINT `fk_producto_descuento` FOREIGN KEY (`id_descuento`) REFERENCES `descuento` (`id`),
  CONSTRAINT `fk_producto_familia` FOREIGN KEY (`id_familia`) REFERENCES `familia` (`id`),
  CONSTRAINT `fk_producto_linea` FOREIGN KEY (`id_linea`) REFERENCES `linea` (`id`),
  CONSTRAINT `fk_producto_marca` FOREIGN KEY (`id_marca`) REFERENCES `marca` (`id`),
  CONSTRAINT `fk_producto_tienda` FOREIGN KEY (`id_tienda`) REFERENCES `tienda` (`id`)
) ENGINE=InnoDB AUTO_INCREMENT=609 DEFAULT CHARSET=utf8mb4 COLLATE=utf8mb4_0900_ai_ci;

-- Volcando datos para la tabla ferr_ros_h.producto: ~599 rows (aproximadamente)
INSERT INTO `producto` (`id`, `id_tienda`, `id_familia`, `id_linea`, `id_marca`, `id_descuento`, `codigo`, `nombre`, `medida`, `cantidad`, `paquete`, `imagen`, `preciob`, `preciof`, `precioc`, `est`) VALUES
	(1, 1, 1, 1, 1, 1, 'AF0001', 'FIERRO CORRUGADO', '1"', 0.00, 58, NULL, 149.49, 148.86, 148.23, 'H'),
	(2, 1, 1, 1, 1, 1, 'AF0002', 'FIERRO CORRUGADO', '3/4"', 113.00, 102, NULL, 85.01, 84.65, 84.29, 'H'),
	(3, 1, 1, 1, 1, 1, 'AF0003', 'FIERRO CORRUGADO', '5/8"', 132.00, 150, NULL, 57.80, 57.56, 57.31, 'H'),
	(4, 1, 1, 1, 1, 1, 'AF0004', 'FIERRO CORRUGADO', '1/2', 170.00, 232, NULL, 37.37, 37.22, 37.06, 'H'),
	(5, 1, 1, 1, 1, 1, 'AF0005', 'FIERRO CORRUGADO', '12mm', 243.00, 260, NULL, 33.35, 33.21, 33.07, 'H'),
	(6, 1, 1, 1, 1, 1, 'AF0006', 'FIERRO CORRUGADO', '3/8', 270.00, 416, NULL, 20.84, 20.75, 20.67, 'H'),
	(7, 1, 1, 1, 1, 1, 'AF0007', 'FIERRO CORRUGADO', '8mm', 244.00, 576, NULL, 15.05, 14.99, 14.93, 'H'),
	(8, 1, 1, 1, 1, 1, 'AF0008', 'FIERRO CORRUGADO', '1/4"', 77.00, 1032, NULL, 8.40, 8.37, 8.33, 'H'),
	(9, 1, 1, 1, 1, 1, 'AF0009', 'FIERRO CORRUGADO', 'T', 765.00, 1700, NULL, 5.10, 5.08, 5.06, 'H'),
	(10, 1, 1, 1, 2, 1, 'AF0010', 'FIERRO CORRUGADO', '1"', 0.00, 58, NULL, 137.83, 136.56, 135.93, 'H'),
	(11, 1, 1, 1, 2, 1, 'AF0011', 'FIERRO CORRUGADO', '3/4"', 0.00, 102, NULL, 78.38, 77.65, 77.29, 'H'),
	(12, 1, 1, 1, 2, 1, 'AF0012', 'FIERRO CORRUGADO', '5/8"', 216.00, 150, NULL, 53.30, 52.80, 52.56, 'H'),
	(13, 1, 1, 1, 2, 1, 'AF0013', 'FIERRO CORRUGADO', '1/2', 164.00, 232, NULL, 34.46, 34.14, 33.98, 'H'),
	(14, 1, 1, 1, 2, 1, 'AF0014', 'FIERRO CORRUGADO', '12mm', 246.00, 260, NULL, 30.75, 30.46, 30.32, 'H'),
	(15, 1, 1, 1, 2, 1, 'AF0015', 'FIERRO CORRUGADO', '3/8"', 555.00, 416, NULL, 19.22, 19.04, 18.95, 'H'),
	(16, 1, 1, 1, 2, 1, 'AF0016', 'FIERRO CORRUGADO', '8mm', 58.00, 576, NULL, 13.88, 13.75, 13.69, 'H'),
	(17, 1, 1, 1, 2, 1, 'AF0017', 'FIERRO CORRUGADO', '1/4"', 12.00, 1032, NULL, 7.75, 7.67, 7.64, 'H'),
	(18, 1, 1, 1, 2, 1, 'AF0018', 'FIERRO CORRUGADO', 'T', 1610.00, 1700, NULL, 4.70, 4.66, 4.64, 'H'),
	(19, 1, 1, 2, 3, 1, 'AA0001', 'ALAMBRE RECOCIDO NEGRO', '#8', 1619.90, 0, NULL, 5.50, 0.00, 0.00, 'H'),
	(20, 1, 1, 2, 3, 1, 'AA0002', 'ALAMBRE RECOCIDO NEGRO', '#16', 1781.90, 0, NULL, 5.50, 0.00, 0.00, 'H'),
	(21, 1, 1, 3, 4, 1, 'AC0001', 'CLAVO DE MADERA', '3/4"', 0.00, 0, NULL, 0.00, 0.00, 0.00, 'H'),
	(22, 1, 1, 3, 4, 1, 'AC0002', 'CLAVO DE MADERA', '1"', 56.75, 0, NULL, 10.00, 8.00, 7.00, 'H'),
	(23, 1, 1, 3, 4, 1, 'AC0003', 'CLAVO DE MADERA', '1 1/2"', 0.00, 0, NULL, 0.00, 0.00, 0.00, 'H'),
	(24, 1, 1, 3, 4, 1, 'AC0004', 'CLAVO DE MADERA', '2"', 217.10, 0, NULL, 5.50, 0.00, 0.00, 'H'),
	(25, 1, 1, 3, 4, 1, 'AC0005', 'CLAVO DE MADERA', '2 1/2"', 186.55, 0, NULL, 5.50, 0.00, 0.00, 'H'),
	(26, 1, 1, 3, 4, 1, 'AC0006', 'CLAVO DE MADERA', '3"', 281.80, 0, NULL, 5.50, 0.00, 0.00, 'H'),
	(27, 1, 1, 3, 4, 1, 'AC0007', 'CLAVO DE MADERA', '4"', 292.55, 0, NULL, 5.50, 0.00, 0.00, 'H'),
	(28, 1, 1, 3, 4, 1, 'AC0008', 'CLAVO DE MADERA', '5"', 0.00, 0, NULL, 0.00, 0.00, 0.00, 'H'),
	(29, 1, 1, 3, 4, 1, 'AC0009', 'CLAVO DE MADERA', '6"', 0.00, 0, NULL, 0.00, 0.00, 0.00, 'H'),
	(30, 1, 1, 3, 4, 1, 'AC0010', 'CLAVO DE MADERA', '7"', 0.00, 0, NULL, 0.00, 0.00, 0.00, 'H'),
	(31, 1, 1, 3, 4, 1, 'AC0011', 'CLAVO DE MADERA', '8"', 0.00, 0, NULL, 0.00, 0.00, 0.00, 'H'),
	(32, 1, 1, 3, 4, 1, 'AC0012', 'CLAVO DE CALAMINA C/J', '2 1/2"', 24.85, 0, NULL, 10.00, 0.00, 0.00, 'H'),
	(33, 1, 1, 3, 4, 1, 'AC0013', 'CLAVO DE CALAMINA S/J', '3 1/2"', 0.00, 0, NULL, 0.00, 0.00, 0.00, 'H'),
	(34, 1, 1, 3, 4, 1, 'AC0014', 'GRAPAS DE MADERA', ' "', 0.00, 0, NULL, 0.00, 0.00, 0.00, 'H'),
	(35, 1, 1, 3, 5, 1, 'AC0015', 'CLAVO PARA CONCRETO', '1"', 0.00, 0, NULL, 0.00, 0.00, 0.00, 'H'),
	(36, 1, 1, 3, 5, 1, 'AC0016', 'CLAVO PARA CONCRETO', '1 1/2"', 1.00, 0, NULL, 13.00, 0.00, 0.00, 'H'),
	(37, 1, 1, 3, 5, 1, 'AC0017', 'CLAVO PARA CONCRETO', '2"', 1.00, 0, NULL, 13.00, 0.00, 0.00, 'H'),
	(38, 1, 1, 3, 5, 1, 'AC0018', 'CLAVO PARA CONCRETO', '3"', 1.00, 0, NULL, 13.00, 0.00, 0.00, 'H'),
	(39, 1, 1, 3, 5, 1, 'AC0019', 'CLAVO PARA CONCRETO', '4"', 2.00, 0, NULL, 13.00, 0.00, 0.00, 'H'),
	(40, 1, 2, 4, 6, 1, 'ST0001', 'TUBO PVC AGUA FRIA', '1/2"', 0.00, 0, NULL, 0.00, 0.00, 0.00, 'H'),
	(41, 1, 2, 4, 6, 1, 'ST0002', 'TUBO PVC AGUA FRIA', '3/4"', 10.00, 0, NULL, 0.00, 0.00, 0.00, 'H'),
	(42, 1, 2, 4, 6, 1, 'ST0003', 'TUBO PVC AGUA FRIA', '1"', 9.00, 0, NULL, 0.00, 0.00, 0.00, 'H'),
	(43, 1, 2, 4, 6, 1, 'ST0004', 'TUBO PVC AGUA FRIA', '1 1/2"', 0.00, 0, NULL, 0.00, 0.00, 0.00, 'H'),
	(44, 1, 2, 4, 6, 1, 'ST0005', 'TUBO PVC AGUA FRIA', '2"', 0.00, 0, NULL, 0.00, 0.00, 0.00, 'H'),
	(45, 1, 2, 4, 6, 1, 'ST0006', 'TUBO C/R PVC AGUA FRIA', '1/2"', 0.00, 0, NULL, 20.00, 0.00, 0.00, 'H'),
	(46, 1, 2, 4, 6, 1, 'ST0007', 'TUBO C/R PVC AGUA FRIA', '3/4"', 22.00, 0, NULL, 27.00, 0.00, 0.00, 'H'),
	(47, 1, 2, 4, 6, 1, 'ST0008', 'TUBO C/R PVC AGUA FRIA', '1"', 7.00, 0, NULL, 38.00, 36.00, 35.00, 'H'),
	(48, 1, 2, 4, 6, 1, 'ST0009', 'TUBO C/R PVC AGUA FRIA', '1 1/2"', 0.00, 0, NULL, 0.00, 0.00, 0.00, 'H'),
	(49, 1, 2, 4, 6, 1, 'ST0010', 'TUBO C/R PVC AGUA FRIA', '2"', 0.00, 0, NULL, 0.00, 0.00, 0.00, 'H'),
	(50, 1, 2, 4, 6, 1, 'ST0011', 'TUBO PVC DESAGUE', '2"', 12.00, 0, NULL, 16.00, 0.00, 0.00, 'H'),
	(51, 1, 2, 4, 6, 1, 'ST0012', 'TUBO PVC DESAGUE', '3"', 24.00, 0, NULL, 33.50, 0.00, 0.00, 'H'),
	(52, 1, 2, 4, 6, 1, 'ST0013', 'TUBO PVC DESAGUE', '4"', 14.00, 0, NULL, 34.50, 0.00, 0.00, 'H'),
	(53, 1, 2, 4, 6, 1, 'ST0014', 'TUBO CPVC', '1/2"', 25.00, 0, NULL, 0.00, 0.00, 0.00, 'H'),
	(54, 1, 2, 4, 6, 1, 'ST0015', 'TUBO CPVC', '3/4"', 0.00, 0, NULL, 0.00, 0.00, 0.00, 'H'),
	(55, 1, 3, 4, 6, 1, 'ET0001', 'TUBO LUZ', '3/4"', 49.00, 0, NULL, 5.50, 0.00, 0.00, 'H'),
	(56, 1, 3, 4, 6, 1, 'ET0002', 'TUBO LUZ', '1"', 30.00, 0, NULL, 10.00, 0.00, 0.00, 'H'),
	(57, 1, 2, 5, 6, 1, 'SA0001', 'ADAPTADOR PVC AGUA FRIA', '1/2"', 12.00, 0, NULL, 2.00, 0.00, 0.00, 'H'),
	(58, 1, 2, 5, 6, 1, 'SA0002', 'ADAPTADOR PVC AGUA FRIA', '3/4"', 0.00, 0, NULL, 0.00, 0.00, 0.00, 'H'),
	(59, 1, 2, 5, 6, 1, 'SA0003', 'ADAPTADOR PVC AGUA FRIA', '1"', 5.00, 0, NULL, 4.00, 0.00, 0.00, 'H'),
	(60, 1, 2, 5, 6, 1, 'SA0004', 'CODO 90 S/R PVC AGUA FRIA', '1/2', 22.00, 0, NULL, 2.00, 0.00, 0.00, 'H'),
	(61, 1, 2, 5, 6, 1, 'SA0005', 'CODO 90 S/R PVC AGUA FRIA', '3/4"', 0.00, 0, NULL, 0.00, 0.00, 0.00, 'H'),
	(62, 1, 2, 5, 6, 1, 'SA0006', 'CODO 90 S/R PVC AGUA FRIA', '1"', 0.00, 0, NULL, 0.00, 0.00, 0.00, 'H'),
	(63, 1, 2, 5, 6, 1, 'SA0007', 'CODO 90 C/R PVC AGUA FRIA', '1/2"', 20.00, 0, NULL, 2.50, 0.00, 0.00, 'H'),
	(64, 1, 2, 5, 6, 1, 'SA0008', 'CODO 90 C/R PVC AGUA FRIA', '3/4"', 0.00, 0, NULL, 0.00, 0.00, 0.00, 'H'),
	(65, 1, 2, 5, 6, 1, 'SA0009', 'CODO 90 C/R PVC AGUA FRIA', '1"', 0.00, 0, NULL, 0.00, 0.00, 0.00, 'H'),
	(66, 1, 2, 5, 6, 1, 'SA0010', 'CODO 90 MIXTO PVC AGUA FRIA', '1/2"', 13.00, 0, NULL, 2.50, 0.00, 0.00, 'H'),
	(67, 1, 2, 5, 6, 1, 'SA0011', 'CODO 90 MIXTO PVC AGUA FRIA', '3/4"', 0.00, 0, NULL, 0.00, 0.00, 0.00, 'H'),
	(68, 1, 2, 5, 6, 1, 'SA0012', 'CODO 90 MIXTO PVC AGUA FRIA', '1"', 0.00, 0, NULL, 0.00, 0.00, 0.00, 'H'),
	(69, 1, 2, 5, 6, 1, 'SA0013', 'CODO 45 S/R PVC AGUA FRIA', '1/2"', 19.00, 0, NULL, 2.50, 0.00, 0.00, 'H'),
	(70, 1, 2, 5, 6, 1, 'SA0014', 'CODO 45 S/R PVC AGUA FRIA', '3/4"', 0.00, 0, NULL, 0.00, 0.00, 0.00, 'H'),
	(71, 1, 2, 5, 6, 1, 'SA0015', 'CODO 45 S/R PVC AGUA FRIA', '1"', 0.00, 0, NULL, 0.00, 0.00, 0.00, 'H'),
	(72, 1, 2, 5, 6, 1, 'SA0016', 'CURVA 90 PVC AGUA FRIA', '1/2"', 10.00, 0, NULL, 3.50, 0.00, 0.00, 'H'),
	(73, 1, 2, 5, 6, 1, 'SA0017', 'CURVA 90 PVC AGUA FRIA', '3/4"', 0.00, 0, NULL, 0.00, 0.00, 0.00, 'H'),
	(74, 1, 2, 5, 6, 1, 'SA0018', 'CURVA 90 PVC AGUA FRIA', '1"', 0.00, 0, NULL, 0.00, 0.00, 0.00, 'H'),
	(75, 1, 2, 5, 6, 1, 'SA0019', 'REDUCCIÓN AGUA FRIA', '3/4" - 1/2"', 10.00, 0, NULL, 2.50, 0.00, 0.00, 'H'),
	(76, 1, 2, 5, 6, 1, 'SA0020', 'REDUCCIÓN AGUA FRIA', '1" - 1/2"', 0.00, 0, NULL, 0.00, 0.00, 0.00, 'H'),
	(77, 1, 2, 5, 6, 1, 'SA0021', 'REDUCCIÓN AGUA FRIA', '1" - 3/4"', 0.00, 0, NULL, 0.00, 0.00, 0.00, 'H'),
	(78, 1, 2, 5, 6, 1, 'SA0022', 'TAPON HEMBRA S/R PVC AGUA FRIA', '1/2"', 0.00, 0, NULL, 0.00, 0.00, 0.00, 'H'),
	(79, 1, 2, 5, 6, 1, 'SA0023', 'TAPON HEMBRA S/R PVC AGUA FRIA', '3/4"', 0.00, 0, NULL, 0.00, 0.00, 0.00, 'H'),
	(80, 1, 2, 5, 6, 1, 'SA0024', 'TAPON HEMBRA S/R PVC AGUA FRIA', '1"', 0.00, 0, NULL, 0.00, 0.00, 0.00, 'H'),
	(81, 1, 2, 5, 6, 1, 'SA0025', 'TAPON HEMBRA C/R PVC AGUA FRIA', '1/2"', 0.00, 0, NULL, 0.00, 0.00, 0.00, 'H'),
	(82, 1, 2, 5, 6, 1, 'SA0026', 'TAPON HEMBRA C/R PVC AGUA FRIA', '3/4"', 0.00, 0, NULL, 0.00, 0.00, 0.00, 'H'),
	(83, 1, 2, 5, 6, 1, 'SA0027', 'TAPON HEMBRA C/R PVC AGUA FRIA', '1"', 0.00, 0, NULL, 0.00, 0.00, 0.00, 'H'),
	(84, 1, 2, 5, 6, 1, 'SA0028', 'TAPON MACHO C/R PVC AGUA FRIA', '1/2"', 0.00, 0, NULL, 0.00, 0.00, 0.00, 'H'),
	(85, 1, 2, 5, 6, 1, 'SA0029', 'TAPON MACHO C/R PVC AGUA FRIA', '3/4"', 0.00, 0, NULL, 0.00, 0.00, 0.00, 'H'),
	(86, 1, 2, 5, 6, 1, 'SA0030', 'TAPON MACHO C/R PVC AGUA FRIA', '1"', 0.00, 0, NULL, 0.00, 0.00, 0.00, 'H'),
	(87, 1, 2, 5, 6, 1, 'SA0031', 'TAPON MACHO REX PVC AGUA FRIA', '1/2"', 0.00, 0, NULL, 0.00, 0.00, 0.00, 'H'),
	(88, 1, 2, 5, 6, 1, 'SA0032', 'TAPON MACHO REX PVC AGUA FRIA', '3/4"', 0.00, 0, NULL, 0.00, 0.00, 0.00, 'H'),
	(89, 1, 2, 5, 6, 1, 'SA0033', 'TAPON MACHO REX PVC AGUA FRIA', '1"', 0.00, 0, NULL, 0.00, 0.00, 0.00, 'H'),
	(90, 1, 2, 5, 6, 1, 'SA0034', 'TEE S/R PVC AGUA FRIA', '1/2"', 6.00, 0, NULL, 2.80, 0.00, 0.00, 'H'),
	(91, 1, 2, 5, 6, 1, 'SA0035', 'TEE S/R PVC AGUA FRIA', '3/4"', 0.00, 0, NULL, 0.00, 0.00, 0.00, 'H'),
	(92, 1, 2, 5, 6, 1, 'SA0036', 'TEE S/R PVC AGUA FRIA', '1"', 5.00, 0, NULL, 6.50, 0.00, 0.00, 'H'),
	(93, 1, 2, 5, 6, 1, 'SA0037', 'TEE C/R PVC AGUA FRIA', '1/2"', 10.00, 0, NULL, 2.80, 0.00, 0.00, 'H'),
	(94, 1, 2, 5, 6, 1, 'SA0038', 'TEE C/R PVC AGUA FRIA', '3/4"', 0.00, 0, NULL, 0.00, 0.00, 0.00, 'H'),
	(95, 1, 2, 5, 6, 1, 'SA0039', 'TEE C/R PVC AGUA FRIA', '1"', 0.00, 0, NULL, 0.00, 0.00, 0.00, 'H'),
	(96, 1, 2, 5, 6, 1, 'SA0040', 'TEE REDUCCIÓN PVC AGUA FRIA', '1/2"', 0.00, 0, NULL, 0.00, 0.00, 0.00, 'H'),
	(97, 1, 2, 5, 6, 1, 'SA0041', 'TEE REDUCCIÓN PVC AGUA FRIA', '3/4"', 0.00, 0, NULL, 0.00, 0.00, 0.00, 'H'),
	(98, 1, 2, 5, 6, 1, 'SA0042', 'TEE REDUCCIÓN PVC AGUA FRIA', '1"', 0.00, 0, NULL, 0.00, 0.00, 0.00, 'H'),
	(99, 1, 2, 5, 6, 1, 'SA0043', 'UNIÓN S/R PVC AGUA FRIA', '1/2"', 7.00, 0, NULL, 2.00, 0.00, 0.00, 'H'),
	(100, 1, 2, 5, 6, 1, 'SA0044', 'UNIÓN S/R PVC AGUA FRIA', '3/4"', 0.00, 0, NULL, 0.00, 0.00, 0.00, 'H'),
	(101, 1, 2, 5, 6, 1, 'SA0045', 'UNIÓN S/R PVC AGUA FRIA', '1"', 1.00, 0, NULL, 4.00, 0.00, 0.00, 'H'),
	(102, 1, 2, 5, 6, 1, 'SA0046', 'UNIÓN C/R PVC AGUA FRIA', '1/2"', 11.00, 0, NULL, 2.00, 0.00, 0.00, 'H'),
	(103, 1, 2, 5, 6, 1, 'SA0047', 'UNIÓN C/R PVC AGUA FRIA', '3/4"', 0.00, 0, NULL, 0.00, 0.00, 0.00, 'H'),
	(104, 1, 2, 5, 6, 1, 'SA0048', 'UNIÓN C/R PVC AGUA FRIA', '1"', 0.00, 0, NULL, 0.00, 0.00, 0.00, 'H'),
	(105, 1, 2, 5, 6, 1, 'SA0049', 'UNIÓN MIXTA PVC AGUA FRIA', '1/2"', 6.00, 0, NULL, 2.00, 0.00, 0.00, 'H'),
	(106, 1, 2, 5, 6, 1, 'SA0050', 'UNIÓN MIXTA PVC AGUA FRIA', '3/4"', 0.00, 0, NULL, 0.00, 0.00, 0.00, 'H'),
	(107, 1, 2, 5, 6, 1, 'SA0051', 'UNIÓN MIXTA PVC AGUA FRIA', '1"', 0.00, 0, NULL, 0.00, 0.00, 0.00, 'H'),
	(108, 1, 2, 5, 6, 1, 'SA0052', 'UNIÓN UNIVERSAL PVC AGUA FRIA', '1/2"', 2.00, 0, NULL, 3.50, 0.00, 0.00, 'H'),
	(109, 1, 2, 5, 6, 1, 'SA0053', 'UNIÓN UNIVERSAL PVC AGUA FRIA', '3/4', 0.00, 0, NULL, 4.50, 4.00, 0.00, 'H'),
	(110, 1, 2, 5, 6, 1, 'SA0054', 'UNIÓN UNIVERSAL PVC AGUA FRIA', '1', 5.00, 0, NULL, 6.00, 5.00, 4.00, 'H'),
	(111, 1, 2, 5, 7, 1, 'SA0055', 'VÁLVULA S/R PVC AGUA FRIA', '1/2"', 0.00, 0, NULL, 0.00, 0.00, 0.00, 'H'),
	(112, 1, 2, 5, 7, 1, 'SA0056', 'VÁLVULA S/R PVC AGUA FRIA', '3/4"', 0.00, 0, NULL, 0.00, 0.00, 0.00, 'H'),
	(113, 1, 2, 5, 7, 1, 'SA0057', 'VÁLVULA S/R PVC AGUA FRIA', '1"', 0.00, 0, NULL, 0.00, 0.00, 0.00, 'H'),
	(114, 1, 2, 5, 7, 1, 'SA0058', 'VÁLVULA C/R PVC AGUA FRIA', '1/2"', 7.00, 0, NULL, 10.00, 0.00, 0.00, 'H'),
	(115, 1, 2, 5, 6, 1, 'SA0059', 'VÁLVULA C/R PVC AGUA FRIA', '3/4"', 0.00, 0, NULL, 0.00, 0.00, 0.00, 'H'),
	(116, 1, 2, 5, 6, 1, 'SA0060', 'VÁLVULA C/R PVC AGUA FRIA', '1"', 0.00, 0, NULL, 0.00, 0.00, 0.00, 'H'),
	(117, 1, 2, 5, 8, 1, 'SA0061', 'VÁLVULA CON UNIÓN UNIVERSAL PVC AGUA FRIA', '1/2', 1.00, 0, NULL, 21.00, 0.00, 0.00, 'H'),
	(118, 1, 2, 5, 8, 1, 'SA0062', 'VÁLVULA CON UNIÓN UNIVERSAL PVC AGUA FRIA', '3/4"', 0.00, 0, NULL, 0.00, 0.00, 0.00, 'H'),
	(119, 1, 2, 5, 8, 1, 'SA0063', 'VÁLVULA CON UNIÓN UNIVERSAL PVC AGUA FRIA', '1"', 0.00, 0, NULL, 0.00, 0.00, 0.00, 'H'),
	(120, 1, 2, 5, 6, 1, 'SA0064', 'NIPLE PVC AGUA FRIA', '1/2" x 1"', 50.00, 0, NULL, 1.00, 0.80, 0.60, 'H'),
	(121, 1, 2, 5, 6, 1, 'SA0065', 'NIPLE PVC AGUA FRIA', '1/2" x 1 1/2"', 50.00, 0, NULL, 1.30, 1.20, 1.00, 'H'),
	(122, 1, 2, 5, 6, 1, 'SA0066', 'NIPLE PVC AGUA FRIA', '1/2" x 2"', 50.00, 0, NULL, 1.50, 1.30, 1.00, 'H'),
	(123, 1, 2, 5, 6, 1, 'SA0067', 'NIPLE PVC AGUA FRIA', '1/2" x 2 1/2"', 50.00, 0, NULL, 1.80, 1.50, 1.30, 'H'),
	(124, 1, 2, 5, 6, 1, 'SA0068', 'NIPLE PVC AGUA FRIA', '1/2" x 3"', 50.00, 0, NULL, 2.00, 1.80, 1.50, 'H'),
	(125, 1, 2, 5, 6, 1, 'SA0069', 'NIPLE PVC AGUA FRIA', '1/2" x 4"', 50.00, 0, NULL, 2.50, 2.30, 2.00, 'H'),
	(126, 1, 2, 5, 6, 1, 'SA0070', 'NIPLE PVC AGUA FRIA', '3/4" x 1 1/2"', 0.00, 0, NULL, 0.00, 0.00, 0.00, 'H'),
	(127, 1, 2, 5, 6, 1, 'SA0071', 'NIPLE PVC AGUA FRIA', '3/4" x 2"', 0.00, 0, NULL, 0.00, 0.00, 0.00, 'H'),
	(128, 1, 2, 5, 6, 1, 'SA0072', 'NIPLE PVC AGUA FRIA', '3/4" x 3"', 0.00, 0, NULL, 0.00, 0.00, 0.00, 'H'),
	(129, 1, 2, 5, 6, 1, 'SA0073', 'NIPLE PVC AGUA FRIA', '1" x 1 1/2"', 0.00, 0, NULL, 1.80, 1.50, 1.30, 'H'),
	(130, 1, 2, 5, 6, 1, 'SA0074', 'NIPLE PVC AGUA FRIA', '1" x 2"', 50.00, 0, NULL, 2.00, 1.80, 1.50, 'H'),
	(131, 1, 2, 5, 6, 1, 'SA0075', 'NIPLE PVC AGUA FRIA', '1" x 3"', 50.00, 0, NULL, 3.00, 2.50, 2.20, 'H'),
	(132, 1, 2, 5, 7, 1, 'SA0076', 'LLAVE DE TOMA PVC AGUA FRIA', '1/2"', 0.00, 0, NULL, 0.00, 0.00, 0.00, 'H'),
	(133, 1, 2, 5, 6, 1, 'SA0077', 'CODO 45 DESAGUE', '2"', 258.00, 0, NULL, 2.50, 0.00, 0.00, 'H'),
	(134, 1, 2, 5, 6, 1, 'SA0078', 'CODO 45 DESAGUE', '3"', 92.00, 0, NULL, 5.50, 0.00, 0.00, 'H'),
	(135, 1, 2, 5, 6, 1, 'SA0079', 'CODO 45 DESAGUE', '4"', 108.00, 0, NULL, 8.00, 0.00, 0.00, 'H'),
	(136, 1, 2, 5, 6, 1, 'SA0080', 'CODO 90 DESAGUE', '2"', 189.00, 0, NULL, 2.50, 0.00, 0.00, 'H'),
	(137, 1, 2, 5, 6, 1, 'SA0081', 'CODO 90 DESAGUE', '3"', 80.00, 0, NULL, 6.50, 0.00, 0.00, 'H'),
	(138, 1, 2, 5, 6, 1, 'SA0082', 'CODO 90 DESAGUE', '4"', 28.00, 0, NULL, 9.00, 0.00, 0.00, 'H'),
	(139, 1, 2, 5, 6, 1, 'SA0083', 'CODO DE VENTILACIÓN DESAGUE', '4" - 2"', 28.00, 0, NULL, 11.00, 0.00, 0.00, 'H'),
	(140, 1, 2, 5, 6, 1, 'SA0084', 'SOMBRERO DE VENTILACIÓN DESAGUE', '2"', 0.00, 0, NULL, 7.00, 0.00, 0.00, 'H'),
	(141, 1, 2, 5, 6, 1, 'SA0085', 'SOMBRERO DE VENTILACIÓN DESAGUE', '3"', 0.00, 0, NULL, 13.00, 0.00, 0.00, 'H'),
	(142, 1, 2, 5, 6, 1, 'SA0086', 'SOMBRERO DE VENTILACIÓN DESAGUE', '4"', 0.00, 0, NULL, 18.00, 0.00, 0.00, 'H'),
	(143, 1, 2, 5, 6, 1, 'SA0087', 'TAPÓN DESAGUE', '2"', 0.00, 0, NULL, 2.50, 0.00, 0.00, 'H'),
	(144, 1, 2, 5, 6, 1, 'SA0088', 'TAPÓN DESAGUE', '3"', 0.00, 0, NULL, 3.50, 0.00, 0.00, 'H'),
	(145, 1, 2, 5, 6, 1, 'SA0089', 'TAPÓN DESAGUE', '4"', 0.00, 0, NULL, 11.00, 0.00, 0.00, 'H'),
	(146, 1, 2, 5, 6, 1, 'SA0090', 'TEE DESAGUE', '2"', 200.00, 0, NULL, 5.00, 0.00, 0.00, 'H'),
	(147, 1, 2, 5, 6, 1, 'SA0091', 'TEE DESAGUE', '3"', 0.00, 0, NULL, 11.00, 0.00, 0.00, 'H'),
	(148, 1, 2, 5, 6, 1, 'SA0092', 'TEE DESAGUE', '4"', 20.00, 0, NULL, 12.00, 0.00, 0.00, 'H'),
	(149, 1, 2, 5, 6, 1, 'SA0093', 'TEE SANITARIA DESAGUE', '2"', 0.00, 0, NULL, 0.00, 0.00, 0.00, 'H'),
	(150, 1, 2, 5, 6, 1, 'SA0094', 'TEE SANITARIA DESAGUE', '3"', 0.00, 0, NULL, 0.00, 0.00, 0.00, 'H'),
	(151, 1, 2, 5, 6, 1, 'SA0095', 'TEE SANITARIA DESAGUE', '4"', 12.00, 0, NULL, 20.00, 0.00, 0.00, 'H'),
	(152, 1, 2, 5, 6, 1, 'SA0096', 'TEE CON REDUCCIÓN DESAGUE', '3" - 2"', 0.00, 0, NULL, 10.00, 0.00, 0.00, 'H'),
	(153, 1, 2, 5, 6, 1, 'SA0097', 'TEE CON REDUCCIÓN DESAGUE', '4" - 2"', 52.00, 0, NULL, 10.00, 0.00, 0.00, 'H'),
	(154, 1, 2, 5, 6, 1, 'SA0098', 'TEE CON REDUCCIÓN DESAGUE', '4" - 3"', 0.00, 0, NULL, 16.00, 0.00, 0.00, 'H'),
	(155, 1, 2, 5, 6, 1, 'SA0099', 'TEE DOBLE DESAGUE', '2"', 0.00, 0, NULL, 0.00, 0.00, 0.00, 'H'),
	(156, 1, 2, 5, 6, 1, 'SA0100', 'TEE DOBLE DESAGUE', '3"', 0.00, 0, NULL, 0.00, 0.00, 0.00, 'H'),
	(157, 1, 2, 5, 6, 1, 'SA0101', 'TEE DOBLE DESAGUE', '4"', 0.00, 0, NULL, 0.00, 0.00, 0.00, 'H'),
	(158, 1, 2, 5, 6, 1, 'SA0102', 'TRAMPA DESAGUE', '2"', 0.00, 0, NULL, 0.00, 0.00, 0.00, 'H'),
	(159, 1, 2, 5, 5, 1, 'SA0103', 'TRAMPA CORRUGADA DESAGUE', '2"', 0.00, 0, NULL, 0.00, 0.00, 0.00, 'H'),
	(160, 1, 2, 5, 5, 1, 'SA0104', 'TRAMPA CORRUGADA DOBLE DESAGUE', '2"', 0.00, 0, NULL, 0.00, 0.00, 0.00, 'H'),
	(161, 1, 2, 5, 6, 1, 'SA0105', 'REDUCCIÓN DESAGUE', '3" - 2"', 197.00, 0, NULL, 4.50, 0.00, 0.00, 'H'),
	(162, 1, 2, 5, 6, 1, 'SA0106', 'REDUCCIÓN DESAGUE', '4" - 2"', 75.00, 0, NULL, 6.00, 0.00, 0.00, 'H'),
	(163, 1, 2, 5, 6, 1, 'SA0107', 'REDUCCIÓN DESAGUE', '4" - 3"', 100.00, 0, NULL, 7.00, 0.00, 0.00, 'H'),
	(164, 1, 2, 5, 6, 1, 'SA0108', 'YEE DESAGUE', '2"', 135.00, 0, NULL, 5.50, 0.00, 0.00, 'H'),
	(165, 1, 2, 5, 6, 1, 'SA0109', 'YEE DESAGUE', '3"', 0.00, 0, NULL, 9.50, 0.00, 0.00, 'H'),
	(166, 1, 2, 5, 6, 1, 'SA0110', 'YEE DESAGUE', '4"', 15.00, 0, NULL, 16.00, 0.00, 0.00, 'H'),
	(167, 1, 2, 5, 6, 1, 'SA0111', 'YEE CON REDUCCIÓN DESAGUE', '3" - 2"', 62.00, 0, NULL, 7.00, 0.00, 0.00, 'H'),
	(168, 1, 2, 5, 6, 1, 'SA0112', 'YEE CON REDUCCIÓN DESAGUE', '4" - 2"', 39.00, 0, NULL, 11.00, 0.00, 0.00, 'H'),
	(169, 1, 2, 5, 6, 1, 'SA0113', 'YEE CON REDUCCIÓN DESAGUE', '4" - 3"', 25.00, 0, NULL, 13.00, 0.00, 0.00, 'H'),
	(170, 1, 2, 5, 6, 1, 'SA0114', 'YEE DOBLE DESAGUE', '2"', 0.00, 0, NULL, 0.00, 0.00, 0.00, 'H'),
	(171, 1, 2, 5, 6, 1, 'SA0115', 'YEE DOBLE DESAGUE', '3"', 0.00, 0, NULL, 0.00, 0.00, 0.00, 'H'),
	(172, 1, 2, 5, 6, 1, 'SA0116', 'YEE DOBLE DESAGUE', '4"', 0.00, 0, NULL, 0.00, 0.00, 0.00, 'H'),
	(173, 1, 2, 5, 6, 1, 'SA0117', 'SIFON  - LAVADERO ALUMINIO DESAGUE', '3"', 0.00, 0, NULL, 0.00, 0.00, 0.00, 'H'),
	(174, 1, 2, 5, 6, 1, 'SA0118', 'UNIÓN DESAGUE', '2"', 0.00, 0, NULL, 2.50, 0.00, 0.00, 'H'),
	(175, 1, 2, 5, 6, 1, 'SA0119', 'UNIÓN DESAGUE', '3"', 0.00, 0, NULL, 4.00, 0.00, 0.00, 'H'),
	(176, 1, 2, 5, 6, 1, 'SA0120', 'UNIÓN DESAGUE', '4"', 0.00, 0, NULL, 7.00, 0.00, 0.00, 'H'),
	(177, 1, 2, 5, 6, 1, 'SA0121', 'REDUCCIÓN EXCENTRICA DESAGUE ', '4" - 2"', 0.00, 0, NULL, 6.00, 0.00, 0.00, 'H'),
	(178, 1, 2, 5, 6, 1, 'SA0122', 'ADAPTADOR CPVC', '1/2"', 8.00, 0, NULL, 2.00, 1.80, 1.50, 'H'),
	(179, 1, 2, 5, 6, 1, 'SA0123', 'ADAPTADOR CPVC', '3/4"', 0.00, 0, NULL, 0.00, 0.00, 0.00, 'H'),
	(180, 1, 2, 5, 6, 1, 'SA0124', 'CODO 45 CPVC', '1/2"', 10.00, 0, NULL, 0.00, 0.00, 0.00, 'H'),
	(181, 1, 2, 5, 6, 1, 'SA0125', 'CODO 45 CPVC', '3/4"', 0.00, 0, NULL, 0.00, 0.00, 0.00, 'H'),
	(182, 1, 2, 5, 6, 1, 'SA0126', 'CODO 90 CPVC', '1/2"', 2.00, 0, NULL, 2.00, 1.80, 1.50, 'H'),
	(183, 1, 2, 5, 6, 1, 'SA0127', 'CODO 90 CPVC', '3/4"', 0.00, 0, NULL, 0.00, 0.00, 0.00, 'H'),
	(184, 1, 2, 5, 6, 1, 'SA0128', 'REDUCCIÓN CPVC', '3/4" - 1/2"', 10.00, 0, NULL, 0.00, 0.00, 0.00, 'H'),
	(185, 1, 2, 5, 6, 1, 'SA0129', 'TEE CPVC', '1/2"', 8.00, 0, NULL, 2.50, 2.30, 2.00, 'H'),
	(186, 1, 2, 5, 6, 1, 'SA0130', 'TEE CPVC', '3/4"', 0.00, 0, NULL, 0.00, 0.00, 0.00, 'H'),
	(187, 1, 2, 5, 6, 1, 'SA0131', 'UNIÓN CPVC', '1/2"', 10.00, 0, NULL, 0.00, 0.00, 0.00, 'H'),
	(188, 1, 2, 5, 6, 1, 'SA0132', 'UNIÓN CPVC', '3/4"', 0.00, 0, NULL, 0.00, 0.00, 0.00, 'H'),
	(189, 1, 2, 5, 6, 1, 'SA0133', 'UNIÓN UNIVERSAL CPVC', '1/2"', 10.00, 0, NULL, 0.00, 0.00, 0.00, 'H'),
	(190, 1, 2, 5, 6, 1, 'SA0134', 'UNIÓN UNIVERSAL CPVC', '3/4"', 0.00, 0, NULL, 0.00, 0.00, 0.00, 'H'),
	(191, 1, 2, 5, 9, 1, 'SA0135', 'VALVULA CPVC', '1/2"', 5.00, 0, NULL, 0.00, 0.00, 0.00, 'H'),
	(192, 1, 3, 5, 6, 1, 'EA0001', 'CURVA LUZ', '3/4"', 690.00, 0, NULL, 0.70, 0.00, 0.00, 'H'),
	(193, 1, 3, 5, 6, 1, 'EA0002', 'CURVA LUZ', '1"', 76.00, 0, NULL, 1.50, 0.00, 0.00, 'H'),
	(194, 1, 3, 5, 6, 1, 'EA0003', 'CONECTOR LUZ', '3/4"', 0.00, 0, NULL, 0.00, 0.00, 0.00, 'H'),
	(195, 1, 3, 5, 6, 1, 'EA0004', 'CONECTOR LUZ', '1"', 0.00, 0, NULL, 0.00, 0.00, 0.00, 'H'),
	(196, 1, 3, 5, 6, 1, 'EA0005', 'UNIÓN LUZ', '3/4"', 0.00, 0, NULL, 0.00, 0.00, 0.00, 'H'),
	(197, 1, 3, 5, 6, 1, 'EA0006', 'UNIÓN LUZ', '1"', 0.00, 0, NULL, 0.00, 0.00, 0.00, 'H'),
	(198, 1, 3, 5, 6, 1, 'EA0007', 'CAJA DE PASE RECTANGULAR LUZ', 'N/A', 227.00, 0, NULL, 2.50, 0.00, 0.00, 'H'),
	(199, 1, 3, 5, 6, 1, 'EA0008', 'CAJA DE PASE OCTOGONAL LUZ', 'N/A', 21.00, 0, NULL, 2.50, 0.00, 0.00, 'H'),
	(200, 1, 3, 5, 6, 1, 'EA0009', 'CAJA DE PASE OCTOGONAL LUZ', '2', 0.00, 0, NULL, 0.00, 0.00, 0.00, 'H'),
	(201, 1, 2, 5, 10, 1, 'SA0136', 'CODO 45 GALVANIZADO', '1/2"', 0.00, 0, NULL, 0.00, 0.00, 0.00, 'H'),
	(202, 1, 2, 5, 10, 1, 'SA0137', 'CODO 45 GALVANIZADO', '3/4"', 0.00, 0, NULL, 0.00, 0.00, 0.00, 'H'),
	(203, 1, 2, 5, 10, 1, 'SA0138', 'CODO 45 GALVANIZADO', '1"', 0.00, 0, NULL, 0.00, 0.00, 0.00, 'H'),
	(204, 1, 2, 5, 10, 1, 'SA0139', 'CODO 90 GALVANIZADO', '1/2"', 0.00, 0, NULL, 0.00, 0.00, 0.00, 'H'),
	(205, 1, 2, 5, 10, 1, 'SA0140', 'CODO 90 GALVANIZADO', '3/4"', 0.00, 0, NULL, 0.00, 0.00, 0.00, 'H'),
	(206, 1, 2, 5, 10, 1, 'SA0141', 'CODO 90 GALVANIZADO', '1"', 0.00, 0, NULL, 0.00, 0.00, 0.00, 'H'),
	(207, 1, 2, 5, 10, 1, 'SA0142', 'UNIÓN GALVANIZADO', '1/2"', 0.00, 0, NULL, 0.00, 0.00, 0.00, 'H'),
	(208, 1, 2, 5, 10, 1, 'SA0143', 'UNIÓN GALVANIZADO', '3/4"', 0.00, 0, NULL, 0.00, 0.00, 0.00, 'H'),
	(209, 1, 2, 5, 10, 1, 'SA0144', 'UNIÓN GALVANIZADO', '1"', 0.00, 0, NULL, 0.00, 0.00, 0.00, 'H'),
	(210, 1, 2, 5, 10, 1, 'SA0145', 'NIPLE GALVANIZADO', '1/2" x 1 1/2"', 0.00, 0, NULL, 0.00, 0.00, 0.00, 'H'),
	(211, 1, 2, 5, 10, 1, 'SA0146', 'NIPLE GALVANIZADO', '1/2" x 2"', 0.00, 0, NULL, 0.00, 0.00, 0.00, 'H'),
	(212, 1, 2, 5, 10, 1, 'SA0147', 'NIPLE GALVANIZADO', '1/2" x 2 1/2"', 0.00, 0, NULL, 0.00, 0.00, 0.00, 'H'),
	(213, 1, 2, 5, 10, 1, 'SA0148', 'NIPLE GALVANIZADO', '1/2" x 3"', 0.00, 0, NULL, 0.00, 0.00, 0.00, 'H'),
	(214, 1, 2, 5, 10, 1, 'SA0149', 'NIPLE GALVANIZADO', '1/2" x 4"', 0.00, 0, NULL, 0.00, 0.00, 0.00, 'H'),
	(215, 1, 2, 5, 10, 1, 'SA0150', 'NIPLE GALVANIZADO', '3/4" x 1"', 0.00, 0, NULL, 0.00, 0.00, 0.00, 'H'),
	(216, 1, 2, 5, 10, 1, 'SA0151', 'NIPLE GALVANIZADO', '3/4" x 1 1/2"', 0.00, 0, NULL, 0.00, 0.00, 0.00, 'H'),
	(217, 1, 2, 5, 10, 1, 'SA0152', 'NIPLE GALVANIZADO', '3/4" x 2"', 0.00, 0, NULL, 0.00, 0.00, 0.00, 'H'),
	(218, 1, 2, 5, 10, 1, 'SA0153', 'NIPLE GALVANIZADO', '3/4" x 2 1/2"', 0.00, 0, NULL, 0.00, 0.00, 0.00, 'H'),
	(219, 1, 2, 5, 10, 1, 'SA0154', 'NIPLE GALVANIZADO', '3/4" x 3"', 0.00, 0, NULL, 0.00, 0.00, 0.00, 'H'),
	(220, 1, 2, 5, 10, 1, 'SA0155', 'NIPLE GALVANIZADO', '1" x 1 1/2"', 0.00, 0, NULL, 0.00, 0.00, 0.00, 'H'),
	(221, 1, 2, 5, 10, 1, 'SA0156', 'NIPLE GALVANIZADO', '1" x 2"', 0.00, 0, NULL, 0.00, 0.00, 0.00, 'H'),
	(222, 1, 2, 5, 10, 1, 'SA0157', 'NIPLE GALVANIZADO', '1" x 2 1/2"', 0.00, 0, NULL, 0.00, 0.00, 0.00, 'H'),
	(223, 1, 2, 5, 10, 1, 'SA0158', 'NIPLE GALVANIZADO', '1" x 3"', 0.00, 0, NULL, 0.00, 0.00, 0.00, 'H'),
	(224, 1, 2, 5, 10, 1, 'SA0159', 'NIPLE GALVANIZADO', '1" x 4"', 0.00, 0, NULL, 0.00, 0.00, 0.00, 'H'),
	(225, 1, 2, 5, 10, 1, 'SA0160', 'UNIÓN UNIVERSAL GALVANIZADO', '1/2"', 0.00, 0, NULL, 0.00, 0.00, 0.00, 'H'),
	(226, 1, 2, 5, 10, 1, 'SA0161', 'UNIÓN UNIVERSAL GALVANIZADO', '3/4"', 0.00, 0, NULL, 0.00, 0.00, 0.00, 'H'),
	(227, 1, 2, 5, 10, 1, 'SA0162', 'UNIÓN UNIVERSAL GALVANIZADO', '1"', 0.00, 0, NULL, 0.00, 0.00, 0.00, 'H'),
	(228, 1, 2, 5, 10, 1, 'SA0163', 'TEE GALVANIZADO', '1/2"', 0.00, 0, NULL, 0.00, 0.00, 0.00, 'H'),
	(229, 1, 2, 5, 10, 1, 'SA0164', 'TEE GALVANIZADO', '3/4"', 0.00, 0, NULL, 0.00, 0.00, 0.00, 'H'),
	(230, 1, 2, 5, 10, 1, 'SA0165', 'TEE GALVANIZADO', '1"', 0.00, 0, NULL, 0.00, 0.00, 0.00, 'H'),
	(231, 1, 2, 5, 10, 1, 'SA0166', 'TAPÓN MACHO GALVANIZADO', '1/2"', 0.00, 0, NULL, 0.00, 0.00, 0.00, 'H'),
	(232, 1, 2, 5, 10, 1, 'SA0167', 'TAPÓN MACHO GALVANIZADO', '3/4"', 0.00, 0, NULL, 0.00, 0.00, 0.00, 'H'),
	(233, 1, 2, 5, 10, 1, 'SA0168', 'TAPÓN MACHO GALVANIZADO', '1"', 0.00, 0, NULL, 0.00, 0.00, 0.00, 'H'),
	(234, 1, 2, 5, 10, 1, 'SA0169', 'TAPÓN HEMBRA GALVANIZADO', '1/2"', 0.00, 0, NULL, 0.00, 0.00, 0.00, 'H'),
	(235, 1, 2, 5, 10, 1, 'SA0170', 'TAPÓN HEMBRA GALVANIZADO', '3/4"', 0.00, 0, NULL, 0.00, 0.00, 0.00, 'H'),
	(236, 1, 2, 5, 10, 1, 'SA0171', 'TAPÓN HEMBRA GALVANIZADO', '1"', 0.00, 0, NULL, 0.00, 0.00, 0.00, 'H'),
	(237, 1, 2, 5, 10, 1, 'SA0172', 'ADAPTADOR BUSHIN CORTO BRONCE', '1/2"', 5.00, 0, NULL, 5.00, 0.00, 0.00, 'H'),
	(238, 1, 2, 5, 10, 1, 'SA0173', 'ADAPTADOR BUSHIN LARGO BRONCE', '1/2"', 2.00, 0, NULL, 6.00, 0.00, 0.00, 'H'),
	(239, 1, 2, 5, 10, 1, 'SA0174', 'CODO 45 BRONCE', '1/2"', 4.00, 0, NULL, 4.00, 0.00, 0.00, 'H'),
	(240, 1, 2, 5, 10, 1, 'SA0175', 'CODO 45 BRONCE', '3/4"', 0.00, 0, NULL, 0.00, 0.00, 0.00, 'H'),
	(241, 1, 2, 5, 10, 1, 'SA0176', 'CODO 45 BRONCE', '1"', 0.00, 0, NULL, 0.00, 0.00, 0.00, 'H'),
	(242, 1, 2, 5, 10, 1, 'SA0177', 'CODO 90 BRONCE', '1/2"', 0.00, 0, NULL, 0.00, 0.00, 0.00, 'H'),
	(243, 1, 2, 5, 10, 1, 'SA0178', 'CODO 90 BRONCE', '3/4"', 0.00, 0, NULL, 0.00, 0.00, 0.00, 'H'),
	(244, 1, 2, 5, 10, 1, 'SA0179', 'CODO 90 BRONCE', '1"', 0.00, 0, NULL, 0.00, 0.00, 0.00, 'H'),
	(245, 1, 2, 5, 10, 1, 'SA0180', 'UNIÓN BRONCE', '1/2"', 5.00, 0, NULL, 4.00, 0.00, 0.00, 'H'),
	(246, 1, 2, 5, 10, 1, 'SA0181', 'UNIÓN BRONCE', '3/4"', 0.00, 0, NULL, 0.00, 0.00, 0.00, 'H'),
	(247, 1, 2, 5, 10, 1, 'SA0182', 'UNIÓN BRONCE', '1"', 0.00, 0, NULL, 0.00, 0.00, 0.00, 'H'),
	(248, 1, 2, 5, 10, 1, 'SA0183', 'NIPLE BRONCE', '1/2" X 1"', 0.00, 0, NULL, 0.00, 0.00, 0.00, 'H'),
	(249, 1, 2, 5, 10, 1, 'SA0184', 'NIPLE BRONCE', '1/2" X 2"', 5.00, 0, NULL, 3.00, 0.00, 0.00, 'H'),
	(250, 1, 2, 5, 10, 1, 'SA0185', 'NIPLE BRONCE', '1/2" X 3"', 5.00, 0, NULL, 4.50, 0.00, 0.00, 'H'),
	(251, 1, 2, 5, 10, 1, 'SA0186', 'TEE BRONCE', '1/2"', 5.00, 0, NULL, 6.00, 0.00, 0.00, 'H'),
	(252, 1, 2, 5, 10, 1, 'SA0187', 'TEE BRONCE', '3/4"', 0.00, 0, NULL, 0.00, 0.00, 0.00, 'H'),
	(253, 1, 2, 5, 10, 1, 'SA0188', 'TEE BRONCE', '1"', 0.00, 0, NULL, 0.00, 0.00, 0.00, 'H'),
	(254, 1, 2, 5, 11, 1, 'SA0189', 'VALVULA CHECK BRONCE', '1/2"', 2.00, 0, NULL, 20.00, 0.00, 0.00, 'H'),
	(255, 1, 2, 5, 11, 1, 'SA0190', 'VALVULA CHECK BRONCE', '3/4"', 1.00, 0, NULL, 28.00, 0.00, 0.00, 'H'),
	(256, 1, 2, 5, 11, 1, 'SA0191', 'VALVULA CHECK BRONCE', '1"', 1.00, 0, NULL, 40.00, 0.00, 0.00, 'H'),
	(257, 1, 2, 5, 11, 1, 'SA0192', 'CANASTILLA BRONCE', '1/2"', 0.00, 0, NULL, 0.00, 0.00, 0.00, 'H'),
	(258, 1, 2, 5, 11, 1, 'SA0193', 'CANASTILLA BRONCE', '3/4"', 0.00, 0, NULL, 0.00, 0.00, 0.00, 'H'),
	(259, 1, 2, 5, 11, 1, 'SA0194', 'CANASTILLA BRONCE', '1"', 0.00, 0, NULL, 0.00, 0.00, 0.00, 'H'),
	(260, 1, 2, 6, 12, 1, 'SC0001', 'CAÑO CON PASE PARA LAVADERO', '1/2"', 0.00, 0, NULL, 0.00, 0.00, 0.00, 'H'),
	(261, 1, 2, 6, 13, 1, 'SC0002', 'CAÑO DORADO', '1/2"', 0.00, 0, NULL, 0.00, 0.00, 0.00, 'H'),
	(262, 1, 2, 6, 13, 1, 'SC0003', 'CAÑO PLATEADO', '1/2"', 0.00, 0, NULL, 0.00, 0.00, 0.00, 'H'),
	(263, 1, 2, 6, 14, 1, 'SC0004', 'CAÑO ASA ROJA', '1/2"', 0.00, 0, NULL, 0.00, 0.00, 0.00, 'H'),
	(264, 1, 2, 7, 15, 1, 'SL0001', 'LLAVE DE DUCHA', '1/2"', 2.00, 0, NULL, 30.00, 0.00, 0.00, 'H'),
	(265, 1, 2, 5, 16, 1, 'SA0195', 'SUMIDERO', '2"', 5.00, 0, NULL, 5.00, 0.00, 0.00, 'H'),
	(266, 1, 2, 5, 16, 1, 'SA0196', 'SUMIDERO', '3"', 3.00, 0, NULL, 7.00, 0.00, 0.00, 'H'),
	(267, 1, 2, 5, 16, 1, 'SA0197', 'SUMIDERO', '4"', 3.00, 0, NULL, 10.00, 0.00, 0.00, 'H'),
	(268, 1, 2, 5, 16, 1, 'SA0198', 'SUMIDERO', '6"', 1.00, 0, NULL, 25.00, 0.00, 0.00, 'H'),
	(269, 1, 2, 5, 16, 1, 'SA0199', 'TAPA DE REGISTRO', '2"', 1.00, 0, NULL, 5.00, 0.00, 0.00, 'H'),
	(270, 1, 2, 5, 16, 1, 'SA0200', 'TAPA DE REGISTRO', '3"', 2.00, 0, NULL, 8.00, 0.00, 0.00, 'H'),
	(271, 1, 2, 5, 16, 1, 'SA0201', 'TAPA DE REGISTRO', '4"', 2.00, 0, NULL, 11.00, 0.00, 0.00, 'H'),
	(272, 1, 2, 5, 16, 1, 'SA0202', 'TAPÓN REJILLA', '2"', 0.00, 0, NULL, 0.00, 0.00, 0.00, 'H'),
	(273, 1, 2, 5, 16, 1, 'SA0203', 'TAPÓN REJILLA (sumidero para lavadero)', '3"', 3.00, 0, NULL, 7.50, 0.00, 0.00, 'H'),
	(274, 1, 2, 5, 16, 1, 'SA0204', 'TAPÓN REJILLA', '4"', 0.00, 0, NULL, 0.00, 0.00, 0.00, 'H'),
	(275, 1, 2, 5, 17, 1, 'SA0205', 'TUBO DE ABASTO LAVADERO', '1/2" - 1/2"', 0.00, 0, NULL, 0.00, 0.00, 0.00, 'H'),
	(276, 1, 2, 5, 17, 1, 'SA0206', 'TUBO DE ABASTO INODORO', '3/4" - 1/2"', 0.00, 0, NULL, 0.00, 0.00, 0.00, 'H'),
	(277, 1, 2, 5, 17, 1, 'SA0207', 'TEFLON', 'AMARILLO', 19.00, 0, NULL, 2.00, 0.00, 0.00, 'H'),
	(278, 1, 2, 5, 17, 1, 'SA0208', 'TEFLON', 'ROJO', 16.00, 0, NULL, 1.50, 0.00, 0.00, 'H'),
	(279, 1, 3, 8, 18, 1, 'EE0001', 'TRIPLE BLANCO', '4 METROS', 0.00, 0, NULL, 0.00, 0.00, 0.00, 'H'),
	(280, 1, 3, 8, 18, 1, 'EE0002', 'TRIPLE BLANCO', '5 METROS', 0.00, 0, NULL, 0.00, 0.00, 0.00, 'H'),
	(281, 1, 3, 8, 18, 1, 'EE0003', 'TRIPLE BLANCO', '6 METROS', 0.00, 0, NULL, 0.00, 0.00, 0.00, 'H'),
	(282, 1, 3, 8, 18, 1, 'EE0004', 'TRIPLE BLANCO', '8 METROS', 0.00, 0, NULL, 0.00, 0.00, 0.00, 'H'),
	(283, 1, 3, 8, 18, 1, 'EE0005', 'TRIPLE BLANCO', '10 METROS', 0.00, 0, NULL, 0.00, 0.00, 0.00, 'H'),
	(284, 1, 3, 8, 18, 1, 'EE0006', 'TRIPLE ANARANJADO', '4 METROS', 0.00, 0, NULL, 0.00, 0.00, 0.00, 'H'),
	(285, 1, 3, 8, 18, 1, 'EE0007', 'TRIPLE ANARANJADO', '5 METROS', 0.00, 0, NULL, 0.00, 0.00, 0.00, 'H'),
	(286, 1, 3, 8, 18, 1, 'EE0008', 'TRIPLE ANARANJADO', '6 METROS', 0.00, 0, NULL, 0.00, 0.00, 0.00, 'H'),
	(287, 1, 3, 8, 18, 1, 'EE0009', 'TRIPLE ANARANJADO', '8 METROS', 0.00, 0, NULL, 0.00, 0.00, 0.00, 'H'),
	(288, 1, 3, 8, 18, 1, 'EE0010', 'TRIPLE ANARANJADO', '10 METROS', 0.00, 0, NULL, 0.00, 0.00, 0.00, 'H'),
	(289, 1, 3, 5, 19, 1, 'EA0010', 'TOMACORRIENTE AL AIRE SAPITO', 'SIMPLE', 0.00, 0, NULL, 0.00, 0.00, 0.00, 'H'),
	(290, 1, 3, 5, 19, 1, 'EA0011', 'TOMACORRIENTE AL AIRE', 'SIMPLE', 0.00, 0, NULL, 0.00, 0.00, 0.00, 'H'),
	(291, 1, 3, 5, 19, 1, 'EA0012', 'TOMACORRIENTE AL AIRE', 'DOBLE', 0.00, 0, NULL, 0.00, 0.00, 0.00, 'H'),
	(292, 1, 3, 5, 19, 1, 'EA0013', 'TOMACORRIENTE AL AIRE', 'TRIPLE', 0.00, 0, NULL, 0.00, 0.00, 0.00, 'H'),
	(293, 1, 3, 5, 19, 1, 'EA0014', 'TOMACORRIENTE AL AIRE', 'CUADRUPLE', 0.00, 0, NULL, 0.00, 0.00, 0.00, 'H'),
	(294, 1, 3, 5, 19, 1, 'EA0015', 'TOMACORRIENTE AL AIRE', 'QUINTUPLE', 0.00, 0, NULL, 0.00, 0.00, 0.00, 'H'),
	(295, 1, 3, 5, 19, 1, 'EA0016', 'TOMACORRIENTE EMPOTRADO', 'SIMPLE', 0.00, 0, NULL, 0.00, 0.00, 0.00, 'H'),
	(296, 1, 3, 5, 19, 1, 'EA0017', 'TOMACORRIENTE EMPOTRADO', 'DOBLE', 0.00, 0, NULL, 0.00, 0.00, 0.00, 'H'),
	(297, 1, 3, 5, 19, 1, 'EA0018', 'TOMACORRIENTE EMPOTRADO', 'TRIPLE', 0.00, 0, NULL, 0.00, 0.00, 0.00, 'H'),
	(298, 1, 3, 5, 19, 1, 'EA0019', 'TOMACORRIENTE EMPOTRADO', 'DOBLE + T', 0.00, 0, NULL, 0.00, 0.00, 0.00, 'H'),
	(299, 1, 3, 5, 19, 1, 'EA0020', 'TOMACORRIENTE EMPOTRADO', 'TRIPLE + T', 0.00, 0, NULL, 0.00, 0.00, 0.00, 'H'),
	(300, 1, 3, 5, 19, 1, 'EA0021', 'TOMACORRIENTE MÁS INTERRUPTOR', 'SIMPLE + T', 0.00, 0, NULL, 0.00, 0.00, 0.00, 'H'),
	(301, 1, 3, 5, 19, 1, 'EA0022', 'INTERRUPTOR AL AIRE SAPITO', 'SIMPLE', 0.00, 0, NULL, 0.00, 0.00, 0.00, 'H'),
	(302, 1, 3, 5, 19, 1, 'EA0023', 'INTERRUPTOR EMPOTRADO', 'SIMPLE', 0.00, 0, NULL, 0.00, 0.00, 0.00, 'H'),
	(303, 1, 3, 5, 19, 1, 'EA0024', 'INTERRUPTOR EMPOTRADO', 'DOBLE', 0.00, 0, NULL, 0.00, 0.00, 0.00, 'H'),
	(304, 1, 3, 5, 20, 1, 'EA0025', 'INTERRUPTOR CONMUTADOR', 'SIMPLE', 0.00, 0, NULL, 0.00, 0.00, 0.00, 'H'),
	(305, 1, 3, 5, 20, 1, 'EA0026', 'INTERRUPTOR CONMUTADOR', 'DOBLE', 0.00, 0, NULL, 0.00, 0.00, 0.00, 'H'),
	(306, 1, 3, 5, 20, 1, 'EA0027', 'INTERRUPTOR CONMUTADOR', 'TRIPLE', 0.00, 0, NULL, 0.00, 0.00, 0.00, 'H'),
	(307, 1, 3, 5, 20, 1, 'EA0028', 'TOMACORRIENTE EMPOTRADO', 'SIMPLE', 0.00, 0, NULL, 0.00, 0.00, 0.00, 'H'),
	(308, 1, 3, 5, 20, 1, 'EA0029', 'TOMACORRIENTE EMPOTRADO', 'DOBLE', 0.00, 0, NULL, 0.00, 0.00, 0.00, 'H'),
	(309, 1, 3, 5, 20, 1, 'EA0030', 'TOMACORRIENTE EMPOTRADO', 'TRIPLE', 0.00, 0, NULL, 0.00, 0.00, 0.00, 'H'),
	(310, 1, 3, 5, 20, 1, 'EA0031', 'TOMACORRIENTE EMPOTRADO', 'DOBLE + T', 0.00, 0, NULL, 0.00, 0.00, 0.00, 'H'),
	(311, 1, 3, 5, 20, 1, 'EA0032', 'TOMACORRIENTE EMPOTRADO', 'TRIPLE + T', 0.00, 0, NULL, 0.00, 0.00, 0.00, 'H'),
	(312, 1, 3, 5, 20, 1, 'EA0033', 'TOMACORRIENTE MÁS INTERRUPTOR', 'SIMPLE + T', 0.00, 0, NULL, 0.00, 0.00, 0.00, 'H'),
	(313, 1, 3, 5, 20, 1, 'EA0034', 'INTERRUPTOR AL AIRE SAPITO', 'SIMPLE', 0.00, 0, NULL, 0.00, 0.00, 0.00, 'H'),
	(314, 1, 3, 5, 20, 1, 'EA0035', 'INTERRUPTOR EMPOTRADO', 'SIMPLE', 0.00, 0, NULL, 0.00, 0.00, 0.00, 'H'),
	(315, 1, 3, 5, 20, 1, 'EA0036', 'INTERRUPTOR EMPOTRADO', 'DOBLE', 0.00, 0, NULL, 0.00, 0.00, 0.00, 'H'),
	(316, 1, 3, 5, 19, 1, 'EA0037', 'SOCKET', 'SIMBLE', 0.00, 0, NULL, 0.00, 0.00, 0.00, 'H'),
	(317, 1, 3, 5, 19, 1, 'EA0038', 'SOCKET', 'PLAFON', 0.00, 0, NULL, 0.00, 0.00, 0.00, 'H'),
	(318, 1, 3, 5, 19, 1, 'EA0039', 'SOCKET', 'OVALADO', 0.00, 0, NULL, 0.00, 0.00, 0.00, 'H'),
	(319, 1, 3, 5, 20, 1, 'EA0040', 'SOCKET', 'PLAFON', 0.00, 0, NULL, 0.00, 0.00, 0.00, 'H'),
	(320, 1, 3, 5, 20, 1, 'EA0041', 'SOCKET', 'OVALADO', 0.00, 0, NULL, 0.00, 0.00, 0.00, 'H'),
	(321, 1, 3, 9, 21, 1, 'EL0001', 'FOCO LED', '5 W', 1.00, 0, NULL, 7.00, 0.00, 0.00, 'H'),
	(322, 1, 3, 9, 21, 1, 'EL0002', 'FOCO LED', '7 W', 1.00, 0, NULL, 8.00, 0.00, 0.00, 'H'),
	(323, 1, 3, 9, 21, 1, 'EL0003', 'FOCO LED', '9 W', 2.00, 0, NULL, 9.00, 0.00, 0.00, 'H'),
	(324, 1, 3, 9, 21, 1, 'EL0004', 'FOCO LED', '11 W', 0.00, 0, NULL, 0.00, 0.00, 0.00, 'H'),
	(325, 1, 3, 9, 21, 1, 'EL0005', 'FOCO LED TIPO PLATO', '11 W', 0.00, 0, NULL, 0.00, 0.00, 0.00, 'H'),
	(326, 1, 3, 9, 21, 1, 'EL0006', 'FOCO LED TIPO PLATO', '20 W', 0.00, 0, NULL, 0.00, 0.00, 0.00, 'H'),
	(327, 1, 3, 9, 21, 1, 'EL0007', 'FOCO LED TIPO GLOBO', '11 W', 0.00, 0, NULL, 0.00, 0.00, 0.00, 'H'),
	(328, 1, 3, 9, 21, 1, 'EL0008', 'FOCO LED TIPO GLOBO', '20 W', 0.00, 0, NULL, 0.00, 0.00, 0.00, 'H'),
	(329, 1, 3, 10, 22, 1, 'EC0001', 'CABLE 7 HIJOS', '14 W', 0.00, 0, NULL, 0.00, 0.00, 0.00, 'H'),
	(330, 1, 3, 10, 22, 1, 'EC0002', 'CABLE 7 HIJOS', '12 W', 0.00, 0, NULL, 0.00, 0.00, 0.00, 'H'),
	(331, 1, 3, 10, 23, 1, 'EC0003', 'CABLE MELLIZO', '14 W', 0.00, 0, NULL, 0.00, 0.00, 0.00, 'H'),
	(332, 1, 3, 10, 23, 1, 'EC0004', 'CABLE MELLIZO', '16 W', 0.00, 0, NULL, 0.00, 0.00, 0.00, 'H'),
	(333, 1, 3, 10, 23, 1, 'EC0005', 'CABLE MELLIZO', '18 W', 0.00, 0, NULL, 0.00, 0.00, 0.00, 'H'),
	(334, 1, 3, 11, 24, 1, 'EM0001', 'TERMOMAGNETICO', '16 A', 0.00, 0, NULL, 0.00, 0.00, 0.00, 'H'),
	(335, 1, 3, 11, 24, 1, 'EM0002', 'TERMOMAGNETICO', '20 A', 0.00, 0, NULL, 0.00, 0.00, 0.00, 'H'),
	(336, 1, 3, 11, 24, 1, 'EM0003', 'TERMOMAGNETICO', '25 A', 0.00, 0, NULL, 0.00, 0.00, 0.00, 'H'),
	(337, 1, 3, 11, 24, 1, 'EM0004', 'TERMOMAGNETICO', '32 A', 0.00, 0, NULL, 0.00, 0.00, 0.00, 'H'),
	(338, 1, 3, 11, 20, 1, 'EM0005', 'TERMOMAGNETICO', '16 A', 0.00, 0, NULL, 0.00, 0.00, 0.00, 'H'),
	(339, 1, 3, 11, 20, 1, 'EM0006', 'TERMOMAGNETICO', '20 A', 0.00, 0, NULL, 0.00, 0.00, 0.00, 'H'),
	(340, 1, 3, 11, 20, 1, 'EM0007', 'TERMOMAGNETICO', '25 A', 0.00, 0, NULL, 0.00, 0.00, 0.00, 'H'),
	(341, 1, 3, 11, 20, 1, 'EM0008', 'TERMOMAGNETICO', '32 A', 0.00, 0, NULL, 0.00, 0.00, 0.00, 'H'),
	(342, 1, 3, 11, 20, 1, 'EM0009', 'DIFERENCIAL', '16 A', 0.00, 0, NULL, 0.00, 0.00, 0.00, 'H'),
	(343, 1, 3, 11, 20, 1, 'EM0010', 'DIFERENCIAL', '20 A', 0.00, 0, NULL, 0.00, 0.00, 0.00, 'H'),
	(344, 1, 3, 11, 20, 1, 'EM0011', 'DIFERENCIAL', '25 A', 0.00, 0, NULL, 0.00, 0.00, 0.00, 'H'),
	(345, 1, 3, 11, 20, 1, 'EM0012', 'DIFERENCIAL', '32 A', 0.00, 0, NULL, 0.00, 0.00, 0.00, 'H'),
	(346, 1, 3, 12, 16, 1, 'EJ0001', 'CAJA DE CUCHILLA', '2 POLOS', 2.00, 0, NULL, 5.00, 0.00, 0.00, 'H'),
	(347, 1, 3, 12, 16, 1, 'EJ0002', 'CAJA DE CUCHILLA', '4 POLOS', 4.00, 0, NULL, 9.00, 0.00, 0.00, 'H'),
	(348, 1, 3, 12, 16, 1, 'EJ0003', 'CAJA DE CUCHILLA', '8 POLOS', 0.00, 0, NULL, 12.00, 0.00, 0.00, 'H'),
	(349, 1, 3, 12, 16, 1, 'EJ0004', 'CAJA DE CUCHILLA', '12 POLOS', 1.00, 0, NULL, 17.00, 0.00, 0.00, 'H'),
	(350, 1, 3, 12, 16, 1, 'EJ0005', 'CAJA DE CUCHILLA', '18 POLOS', 1.00, 0, NULL, 26.00, 0.00, 0.00, 'H'),
	(351, 1, 3, 12, 16, 1, 'EJ0006', 'CAJA DE PASE', '10 X 10', 2.00, 0, NULL, 6.00, 0.00, 0.00, 'H'),
	(352, 1, 3, 12, 16, 1, 'EJ0007', 'CAJA DE PASE', '15 X 15', 2.00, 0, NULL, 10.00, 0.00, 0.00, 'H'),
	(353, 1, 3, 12, 16, 1, 'EJ0008', 'CAJA DE PASE', '20 X 20', 0.00, 0, NULL, 15.00, 0.00, 0.00, 'H'),
	(354, 1, 4, 13, 25, 1, 'DC0001', 'DISCO DE FIERRO', '4 1/2"', 15.00, 0, NULL, 5.00, 0.00, 0.00, 'H'),
	(355, 1, 4, 13, 25, 1, 'DC0002', 'DISCO DE FIERRO', '7 1/4"', 21.00, 0, NULL, 9.00, 0.00, 0.00, 'H'),
	(356, 1, 4, 13, 25, 1, 'DC0003', 'DISCO DE FIERRO', '9 5/64"', 22.00, 0, NULL, 12.00, 0.00, 0.00, 'H'),
	(357, 1, 4, 13, 25, 1, 'DC0004', 'DISCO DE FIERRO TRENZADORA', '14"', 6.00, 0, NULL, 20.00, 0.00, 0.00, 'H'),
	(358, 1, 4, 13, 26, 1, 'DC0005', 'DISCO DE FIERRO', '4 1/2"', 0.00, 0, NULL, 0.00, 0.00, 0.00, 'H'),
	(359, 1, 4, 13, 26, 1, 'DC0006', 'DISCO DE FIERRO', '7 1/4"', 0.00, 0, NULL, 0.00, 0.00, 0.00, 'H'),
	(360, 1, 4, 13, 26, 1, 'DC0007', 'DISCO DE FIERRO', '9 5/64"', 0.00, 0, NULL, 0.00, 0.00, 0.00, 'H'),
	(361, 1, 4, 13, 26, 1, 'DC0008', 'DISCO DE FIERRO TRENZADORA', '14"', 0.00, 0, NULL, 0.00, 0.00, 0.00, 'H'),
	(362, 1, 4, 13, 27, 1, 'DC0009', 'DISCO DE MADERA 24 T', '4 1/2"', 3.00, 0, NULL, 10.00, 0.00, 0.00, 'H'),
	(363, 1, 4, 13, 27, 1, 'DC0010', 'DISCO DE MADERA 24 T', '7 1/4"', 8.00, 0, NULL, 16.00, 0.00, 0.00, 'H'),
	(364, 1, 4, 13, 27, 1, 'DC0011', 'DISCO DE MADERA 40 T', '4 1/2"', 2.00, 0, NULL, 12.00, 0.00, 0.00, 'H'),
	(365, 1, 4, 13, 27, 1, 'DC0012', 'DISCO DE MADERA 40 T', '7 1/4"', 6.00, 0, NULL, 20.00, 0.00, 0.00, 'H'),
	(366, 1, 4, 13, 28, 1, 'DC0013', 'DISCO DE MADERA 24 T', '4 1/2"', 0.00, 0, NULL, 0.00, 0.00, 0.00, 'H'),
	(367, 1, 4, 13, 28, 1, 'DC0014', 'DISCO DE MADERA 24 T', '7 1/4"', 0.00, 0, NULL, 0.00, 0.00, 0.00, 'H'),
	(368, 1, 4, 13, 28, 1, 'DC0015', 'DISCO DE MADERA 40 T', '4 1/2"', 0.00, 0, NULL, 0.00, 0.00, 0.00, 'H'),
	(369, 1, 4, 13, 28, 1, 'DC0016', 'DISCO DE MADERA 40 T', '7 1/4"', 0.00, 0, NULL, 0.00, 0.00, 0.00, 'H'),
	(370, 1, 4, 13, 27, 1, 'DC0017', 'DISCO DE CONCRETO', '4 1/2"', 2.00, 0, NULL, 10.00, 0.00, 0.00, 'H'),
	(371, 1, 4, 13, 27, 1, 'DC0018', 'DISCO DE CONCRETO', '7 1/4"', 3.00, 0, NULL, 20.00, 0.00, 0.00, 'H'),
	(372, 1, 4, 13, 27, 1, 'DC0019', 'DISCO DE CERAMICA', '4 1/2"', 2.00, 0, NULL, 10.00, 0.00, 0.00, 'H'),
	(373, 1, 4, 13, 27, 1, 'DC0020', 'DISCO DE CERAMICA', '7 1/4"', 2.00, 0, NULL, 20.00, 0.00, 0.00, 'H'),
	(374, 1, 4, 14, 26, 1, 'DD0001', 'DISCO DE FIERRO', '4 1/2"', 0.00, 0, NULL, 0.00, 0.00, 0.00, 'H'),
	(375, 1, 4, 15, 26, 1, 'DP0001', 'DISCO DE FIERRO', '4 1/2"', 0.00, 0, NULL, 0.00, 0.00, 0.00, 'H'),
	(376, 1, 4, 16, 29, 1, 'DB0001', 'BROCA DE FIERRO', '5/16"', 0.00, 0, NULL, 0.00, 0.00, 0.00, 'H'),
	(377, 1, 4, 16, 29, 1, 'DB0002', 'BROCA DE FIERRO', '9/32"', 0.00, 0, NULL, 0.00, 0.00, 0.00, 'H'),
	(378, 1, 4, 16, 29, 1, 'DB0003', 'BROCA DE FIERRO', '3/8"', 0.00, 0, NULL, 0.00, 0.00, 0.00, 'H'),
	(379, 1, 4, 16, 29, 1, 'DB0004', 'BROCA DE FIERRO', '7/16"', 0.00, 0, NULL, 0.00, 0.00, 0.00, 'H'),
	(380, 1, 4, 16, 29, 1, 'DB0005', 'BROCA DE FIERRO', '1/2"', 0.00, 0, NULL, 0.00, 0.00, 0.00, 'H'),
	(381, 1, 4, 16, 29, 1, 'DB0006', 'BROCA DE FIERRO', '5/32"', 0.00, 0, NULL, 0.00, 0.00, 0.00, 'H'),
	(382, 1, 4, 16, 29, 1, 'DB0007', 'BROCA DE FIERRO', '7/32"', 0.00, 0, NULL, 0.00, 0.00, 0.00, 'H'),
	(383, 1, 4, 16, 29, 1, 'DB0008', 'BROCA DE FIERRO', '13/34"', 0.00, 0, NULL, 0.00, 0.00, 0.00, 'H'),
	(384, 1, 4, 16, 29, 1, 'DB0009', 'BROCA DE FIERRO', '3/16"', 0.00, 0, NULL, 0.00, 0.00, 0.00, 'H'),
	(385, 1, 4, 16, 29, 1, 'DB0010', 'BROCA DE FIERRO', '1/4"', 0.00, 0, NULL, 0.00, 0.00, 0.00, 'H'),
	(386, 1, 4, 16, 29, 1, 'DB0011', 'BROCA DE FIERRO', '11/64"', 0.00, 0, NULL, 0.00, 0.00, 0.00, 'H'),
	(387, 1, 4, 16, 29, 1, 'DB0012', 'BROCA DE FIERRO', '7/64"', 0.00, 0, NULL, 0.00, 0.00, 0.00, 'H'),
	(388, 1, 4, 16, 29, 1, 'DB0013', 'BROCA DE FIERRO', '3/32"', 0.00, 0, NULL, 0.00, 0.00, 0.00, 'H'),
	(389, 1, 4, 16, 29, 1, 'DB0014', 'BROCA DE FIERRO', '5/64"', 0.00, 0, NULL, 0.00, 0.00, 0.00, 'H'),
	(390, 1, 4, 16, 29, 1, 'DB0015', 'BROCA DE FIERRO', '1/16"', 0.00, 0, NULL, 0.00, 0.00, 0.00, 'H'),
	(391, 1, 4, 16, 29, 1, 'DB0016', 'BROCA DE FIERRO', '3/64"', 0.00, 0, NULL, 0.00, 0.00, 0.00, 'H'),
	(392, 1, 4, 16, 29, 1, 'DB0017', 'BROCA DE FIERRO', '1/32"', 0.00, 0, NULL, 0.00, 0.00, 0.00, 'H'),
	(393, 1, 4, 16, 29, 1, 'DB0018', 'BROCA DE FIERRO', '1/64"', 0.00, 0, NULL, 0.00, 0.00, 0.00, 'H'),
	(394, 1, 4, 16, 29, 1, 'DB0019', 'BROCA DE FIERRO', '1/8"', 0.00, 0, NULL, 0.00, 0.00, 0.00, 'H'),
	(395, 1, 4, 16, 29, 1, 'DB0020', 'BROCA DE FIERRO', '9/64"', 0.00, 0, NULL, 0.00, 0.00, 0.00, 'H'),
	(396, 1, 4, 16, 30, 1, 'DB0021', 'BROCA DE MADERA', '3/8"', 0.00, 0, NULL, 0.00, 0.00, 0.00, 'H'),
	(397, 1, 4, 16, 30, 1, 'DB0022', 'BROCA DE MADERA', '5/16"', 0.00, 0, NULL, 0.00, 0.00, 0.00, 'H'),
	(398, 1, 4, 16, 30, 1, 'DB0023', 'BROCA DE MADERA', '1/2"', 0.00, 0, NULL, 0.00, 0.00, 0.00, 'H'),
	(399, 1, 4, 16, 30, 1, 'DB0024', 'BROCA DE MADERA', '1/4"', 0.00, 0, NULL, 0.00, 0.00, 0.00, 'H'),
	(400, 1, 4, 16, 30, 1, 'DB0025', 'BROCA DE MADERA', '3/16"', 0.00, 0, NULL, 0.00, 0.00, 0.00, 'H'),
	(401, 1, 4, 16, 30, 1, 'DB0026', 'BROCA DE MADERA', '7/32"', 0.00, 0, NULL, 0.00, 0.00, 0.00, 'H'),
	(402, 1, 4, 16, 30, 1, 'DB0027', 'BROCA DE MADERA', '3/32"', 0.00, 0, NULL, 0.00, 0.00, 0.00, 'H'),
	(403, 1, 4, 16, 30, 1, 'DB0028', 'BROCA DE MADERA', '1/8"', 0.00, 0, NULL, 2.80, 2.50, 2.00, 'H'),
	(404, 1, 4, 16, 29, 1, 'DB0029', 'BROCA DE CONCRETO', '9/16"', 0.00, 0, NULL, 0.00, 0.00, 0.00, 'H'),
	(405, 1, 4, 16, 29, 1, 'DB0030', 'BROCA DE CONCRETO', '7/16"', 0.00, 0, NULL, 0.00, 0.00, 0.00, 'H'),
	(406, 1, 4, 16, 29, 1, 'DB0031', 'BROCA DE CONCRETO', '3/8"', 0.00, 0, NULL, 0.00, 0.00, 0.00, 'H'),
	(407, 1, 4, 16, 29, 1, 'DB0032', 'BROCA DE CONCRETO', '7/32"', 0.00, 0, NULL, 0.00, 0.00, 0.00, 'H'),
	(408, 1, 4, 16, 29, 1, 'DB0033', 'BROCA DE CONCRETO', '3/16"', 0.00, 0, NULL, 0.00, 0.00, 0.00, 'H'),
	(409, 1, 4, 16, 29, 1, 'DB0034', 'BROCA DE CONCRETO', '5/32"', 0.00, 0, NULL, 0.00, 0.00, 0.00, 'H'),
	(410, 1, 4, 16, 29, 1, 'DB0035', 'BROCA DE CONCRETO', '1/8"', 0.00, 0, NULL, 0.00, 0.00, 0.00, 'H'),
	(411, 1, 5, 17, 19, 1, 'PT0001', 'TORNILLO TIRAFON HEX ZINC ', '1/4" X 2"', 100.00, 0, NULL, 0.30, 0.00, 0.10, 'H'),
	(412, 1, 5, 17, 19, 1, 'PT0002', 'TORNILLO TIRAFON HEX ZINC ', '1/4" X 2 1/2"', 100.00, 0, NULL, 0.40, 0.00, 0.10, 'H'),
	(413, 1, 5, 17, 19, 1, 'PT0003', 'TORNILLO TIRAFON HEX ZINC ', '1/4" X 3"', 100.00, 0, NULL, 0.50, 0.00, 0.15, 'H'),
	(414, 1, 5, 17, 19, 1, 'PT0004', 'TORNILLO TIRAFON', '1/4" X 4"', 100.00, 0, NULL, 0.60, 0.00, 0.20, 'H'),
	(415, 1, 5, 17, 19, 1, 'PT0005', 'TORNILLO TIRAFON', '1/4" X 5"', 0.00, 0, NULL, 0.00, 0.00, 0.00, 'H'),
	(416, 1, 5, 17, 19, 1, 'PT0006', 'TORNILLO SPACK', '6" X 8"', 0.00, 0, NULL, 0.00, 0.00, 0.00, 'H'),
	(417, 1, 5, 17, 19, 1, 'PT0007', 'TORNILLO SPACK', '5" X 7"', 0.00, 0, NULL, 0.00, 0.00, 0.00, 'H'),
	(418, 1, 5, 17, 19, 1, 'PT0008', 'TORNILLO SPACK', '3.5" X 25"', 100.00, 0, NULL, 0.10, 0.00, 0.02, 'H'),
	(419, 1, 5, 17, 19, 1, 'PT0009', 'TORNILLO SPACK', '3.5" X 35"', 102.00, 0, NULL, 0.15, 0.00, 0.03, 'H'),
	(420, 1, 5, 17, 19, 1, 'PT0010', 'TORNILLO SPACK', '3.5" X 40"', 101.00, 0, NULL, 0.20, 0.00, 0.03, 'H'),
	(421, 1, 5, 17, 19, 1, 'PT0011', 'TORNILLO SPACK', '3.5" X 50"', 101.00, 0, NULL, 0.25, 0.00, 0.04, 'H'),
	(422, 1, 5, 17, 19, 1, 'PT0012', 'TORNILLO SPACK', '3" X 16"', 0.00, 0, NULL, 0.00, 0.00, 0.00, 'H'),
	(423, 1, 5, 17, 19, 1, 'PT0013', 'TORNILLO SPACK', '4" X 20"', 0.00, 0, NULL, 0.00, 0.00, 0.00, 'H'),
	(424, 1, 5, 17, 19, 1, 'PT0014', 'TORNILLO SPACK', '4" X 25"', 0.00, 0, NULL, 0.00, 0.00, 0.00, 'H'),
	(425, 1, 5, 17, 19, 1, 'PT0015', 'TORNILLO SPACK', '4" X 30"', 0.00, 0, NULL, 0.00, 0.00, 0.00, 'H'),
	(426, 1, 5, 17, 19, 1, 'PT0016', 'TORNILLO SPACK', '4" X 40"', 0.00, 0, NULL, 0.00, 0.00, 0.00, 'H'),
	(427, 1, 5, 17, 19, 1, 'PT0017', 'TORNILLO SPACK', '4" X 50"', 0.00, 0, NULL, 0.00, 0.00, 0.00, 'H'),
	(428, 1, 5, 17, 19, 1, 'PT0018', 'TORNILLO SPACK', '5" X 40"', 0.00, 0, NULL, 0.00, 0.00, 0.00, 'H'),
	(429, 1, 5, 17, 19, 1, 'PT0019', 'TORNILLO SPACK', '5" X 50"', 0.00, 0, NULL, 0.00, 0.00, 0.00, 'H'),
	(430, 1, 5, 17, 19, 1, 'PT0020', 'TORNILLO SPACK', '5" X 60"', 0.00, 0, NULL, 0.00, 0.00, 0.00, 'H'),
	(431, 1, 5, 17, 19, 1, 'PT0021', 'TORNILLO SPACK', '5" X 80"', 0.00, 0, NULL, 0.00, 0.00, 0.00, 'H'),
	(432, 1, 5, 17, 19, 1, 'PT0022', 'TORNILLO AUTOPERFORANTE', '1"', 0.00, 0, NULL, 0.00, 0.00, 0.00, 'H'),
	(433, 1, 5, 17, 19, 1, 'PT0023', 'TORNILLO AUTOPERFORANTE', '1 1/2"', 0.00, 0, NULL, 0.00, 0.00, 0.00, 'H'),
	(434, 1, 5, 17, 19, 1, 'PT0024', 'TORNILLO AUTOPERFORANTE', '2"', 0.00, 0, NULL, 0.00, 0.00, 0.00, 'H'),
	(435, 1, 5, 17, 19, 1, 'PT0025', 'TORNILLO AUTOPERFORANTE', '2 1/2"', 0.00, 0, NULL, 0.00, 0.00, 0.00, 'H'),
	(436, 1, 5, 17, 19, 1, 'PT0026', 'TORNILLO AUTOROSCANTE STOVE BOLT', '6" X 1 1/2"', 0.00, 0, NULL, 0.00, 0.00, 0.00, 'H'),
	(437, 1, 5, 17, 19, 1, 'PT0027', 'TORNILLO AUTOROSCANTE STOVE BOLT', '6" X 2"', 0.00, 0, NULL, 0.00, 0.00, 0.00, 'H'),
	(438, 1, 5, 18, 19, 1, 'PP0001', 'PERNO HEXAGONAL', '1/4" X 1/2"', 0.00, 0, NULL, 0.00, 0.00, 0.00, 'H'),
	(439, 1, 5, 18, 19, 1, 'PP0002', 'PERNO HEXAGONAL', '1/4" X 3/4"', 0.00, 0, NULL, 0.00, 0.00, 0.00, 'H'),
	(440, 1, 5, 18, 19, 1, 'PP0003', 'PERNO HEXAGONAL', '1/4" X 1"', 0.00, 0, NULL, 0.00, 0.00, 0.00, 'H'),
	(441, 1, 5, 18, 19, 1, 'PP0004', 'PERNO HEXAGONAL', '1/4" X 1 1/2"', 0.00, 0, NULL, 0.00, 0.00, 0.00, 'H'),
	(442, 1, 5, 18, 19, 1, 'PP0005', 'PERNO HEXAGONAL G2 UNC ZINC', '1/4" X 2"', 100.00, 0, NULL, 0.40, 0.00, 0.11, 'H'),
	(443, 1, 5, 18, 19, 1, 'PP0006', 'PERNO HEXAGONAL G2 UNC ZINC', '1/4" X 2 1/2"', 100.00, 0, NULL, 0.50, 0.00, 0.14, 'H'),
	(444, 1, 5, 18, 19, 1, 'PP0007', 'PERNO HEXAGONAL G2 UNC ZINC', '1/4" X 3"', 100.00, 0, NULL, 0.60, 0.00, 0.18, 'H'),
	(445, 1, 5, 18, 19, 1, 'PP0008', 'PERNO HEXAGONAL G2 UNC ZINC', '1/4" X 4"', 100.00, 0, NULL, 0.00, 0.70, 0.22, 'H'),
	(446, 1, 5, 18, 19, 1, 'PP0009', 'PERNO HEX G2 UNC ZINC', '5/16" x 1"', 90.00, 0, NULL, 0.40, 0.30, 0.11, 'H'),
	(447, 1, 5, 18, 19, 1, 'PP0010', 'PERNO HEX G2 UNC ZINC ', '5/16" x 1 1/2"', 100.00, 0, NULL, 0.50, 0.00, 0.20, 'H'),
	(448, 1, 5, 18, 19, 1, 'PP0011', 'PERNO HEX G2 UNC ZINC', '5/16" x 2"', 100.00, 0, NULL, 0.60, 0.00, 0.17, 'H'),
	(449, 1, 5, 18, 19, 1, 'PP0012', 'PERNO HEX G2 UNC ZINC', '5/16" x 2 1/2"', 100.00, 0, NULL, 0.80, 0.00, 0.24, 'H'),
	(450, 1, 5, 18, 19, 1, 'PP0013', 'PERNO HEX G2 UNC ZINC', '5/16" x 3"', 100.00, 0, NULL, 1.00, 0.00, 0.25, 'H'),
	(451, 1, 5, 18, 19, 1, 'PP0014', 'PERNO HEX G2 UNC ZINC', '5/16" x 4"', 50.00, 0, NULL, 1.20, 0.00, 0.80, 'H'),
	(452, 1, 5, 18, 19, 1, 'PP0015', 'PERNO HEXAGONAL G2 UNC ZINC', '3/8" x 1"', 100.00, 0, NULL, 0.60, 0.00, 0.15, 'H'),
	(453, 1, 5, 18, 19, 1, 'PP0016', 'PERNO HEXAGONAL', '3/8" x 1 1/2"', 100.00, 0, NULL, 0.70, 0.00, 0.21, 'H'),
	(454, 1, 5, 18, 19, 1, 'PP0017', 'PERNO HEXAGONAL G2 UNC ZINC', '3/8" x 2"', 100.00, 0, NULL, 0.80, 0.00, 0.24, 'H'),
	(455, 1, 5, 18, 19, 1, 'PP0018', 'PERNO HEXAGONAL G2 UNC ZINC', '3/8" x 2 1/2"', 100.00, 0, NULL, 1.00, 0.00, 0.33, 'H'),
	(456, 1, 5, 18, 19, 1, 'PP0019', 'PERNO HEXAGONAL G2 UNC ZINC', '3/8" x 3"', 100.00, 0, NULL, 1.30, 0.00, 0.41, 'H'),
	(457, 1, 5, 18, 19, 1, 'PP0020', 'PERNO HEXAGONAL', '3/8" x 4"', 50.00, 0, NULL, 1.50, 0.00, 0.49, 'H'),
	(458, 1, 5, 18, 19, 1, 'PP0021', 'PERNO HEX G2 UNC ZINC', '1/2" x 1"', 100.00, 0, NULL, 1.10, 0.00, 0.34, 'H'),
	(459, 1, 5, 18, 19, 1, 'PP0022', 'PERNO HEX G2 UNC ZINC ', '1/2" x 2"', 100.00, 0, NULL, 1.50, 0.00, 0.25, 'H'),
	(460, 1, 5, 18, 19, 1, 'PP0023', 'PERNO COCHE ZINC', '1/4" x 2"', 97.00, 0, NULL, 0.40, 0.00, 0.13, 'H'),
	(461, 1, 5, 18, 19, 1, 'PP0024', 'PERNO COCHE ZINC', '1/4" x 2 1/2"', 98.00, 0, NULL, 0.50, 0.00, 0.14, 'H'),
	(462, 1, 5, 18, 19, 1, 'PP0025', 'PERNO COCHE ZINC', '1/4" x 3"', 98.00, 0, NULL, 0.60, 0.00, 0.20, 'H'),
	(463, 1, 5, 18, 19, 1, 'PP0026', 'PERNO COCHE', '1/4" x 4"', 92.00, 0, NULL, 0.70, 0.00, 0.23, 'H'),
	(464, 1, 5, 19, 19, 1, 'PR0001', 'MADERA', '1/4"', 0.00, 0, NULL, 0.00, 0.00, 0.00, 'H'),
	(465, 1, 5, 19, 19, 1, 'PR0002', 'MADERA', '3/8"', 0.00, 0, NULL, 0.00, 0.00, 0.00, 'H'),
	(466, 1, 5, 19, 19, 1, 'PR0003', 'MADERA', '1/2"', 0.00, 0, NULL, 0.00, 0.00, 0.00, 'H'),
	(467, 1, 5, 19, 19, 1, 'PR0004', 'MADERA', '5/8"', 0.00, 0, NULL, 0.00, 0.00, 0.00, 'H'),
	(468, 1, 5, 19, 19, 1, 'PR0005', 'PLASTICO', '1/4"', 0.00, 0, NULL, 0.00, 0.00, 0.00, 'H'),
	(469, 1, 5, 19, 19, 1, 'PR0006', 'PLASTICO', '5/16"', 0.00, 0, NULL, 0.00, 0.00, 0.00, 'H'),
	(470, 1, 5, 19, 19, 1, 'PR0007', 'PLASTICO', '3/8"', 0.00, 0, NULL, 0.00, 0.00, 0.00, 'H'),
	(471, 1, 5, 19, 19, 1, 'PR0008', 'PLASTICO', '1/2"', 0.00, 0, NULL, 0.00, 0.00, 0.00, 'H'),
	(472, 1, 5, 19, 19, 1, 'PR0009', 'ARANDELA PLANA ZINC ', '1/4"', 386.00, 0, NULL, 0.10, 0.00, 0.02, 'H'),
	(473, 1, 5, 19, 19, 1, 'PR0010', 'ARANDELA PLANA ZINC', '5/16"', 221.00, 0, NULL, 0.15, 0.00, 0.04, 'H'),
	(474, 1, 5, 19, 19, 1, 'PR0011', 'ARANDELA PLANA ZINC', '3/8"', 106.00, 0, NULL, 0.30, 0.00, 0.09, 'H'),
	(475, 1, 5, 19, 19, 1, 'PR0012', 'ARANDELA PLANA ZINC', '1/2"', 76.00, 0, NULL, 0.40, 0.00, 0.13, 'H'),
	(476, 1, 5, 19, 19, 1, 'PR0013', 'TUERCA HEX G2 UNC ZINC', '1/4"', 785.00, 0, NULL, 0.10, 0.00, 0.03, 'H'),
	(477, 1, 5, 19, 19, 1, 'PR0014', 'TUERCA HEX G2 UNC ZINC', '5/16"', 540.00, 0, NULL, 0.20, 0.00, 0.04, 'H'),
	(478, 1, 5, 19, 19, 1, 'PR0015', 'TUERCA HEX G2 UNC ZINC', '3/8"', 552.00, 0, NULL, 0.30, 0.00, 0.06, 'H'),
	(479, 1, 5, 19, 19, 1, 'PR0016', 'TUERCA HEX G2 UNC ZINC', '1/2"', 150.00, 0, NULL, 0.40, 0.00, 0.12, 'H'),
	(480, 1, 6, 20, 31, 1, 'HE0001', 'AMOLADORA', ' ', 0.00, 0, NULL, 0.00, 0.00, 0.00, 'H'),
	(481, 1, 6, 20, 31, 1, 'HE0002', 'TALADRO', '650W', 0.00, 0, NULL, 0.00, 0.00, 0.00, 'H'),
	(482, 1, 6, 21, 16, 1, 'HM0001', 'HUINCHA', '5M', 0.00, 0, NULL, 0.00, 0.00, 0.00, 'H'),
	(483, 1, 6, 21, 16, 1, 'HM0002', 'HUINCHA', '10M', 0.00, 0, NULL, 0.00, 0.00, 0.00, 'H'),
	(484, 1, 6, 21, 19, 1, 'HM0003', 'HUINCHA', '5M', 0.00, 0, NULL, 0.00, 0.00, 0.00, 'H'),
	(485, 1, 6, 21, 19, 1, 'HM0004', 'HUINCHA', '10M', 0.00, 0, NULL, 0.00, 0.00, 0.00, 'H'),
	(486, 1, 6, 21, 32, 1, 'HM0005', 'HUINCHA PASACABLE METAL', '10M', 0.00, 0, NULL, 0.00, 0.00, 0.00, 'H'),
	(487, 1, 6, 21, 32, 1, 'HM0006', 'HUINCHA PASACABLE METAL', '15M', 0.00, 0, NULL, 0.00, 0.00, 0.00, 'H'),
	(488, 1, 6, 21, 32, 1, 'HM0007', 'HUINCHA PASACABLE METAL', '20M', 0.00, 0, NULL, 0.00, 0.00, 0.00, 'H'),
	(489, 1, 6, 21, 32, 1, 'HM0008', 'HUINCHA PASACABLE PLASTICO', '10M', 0.00, 0, NULL, 0.00, 0.00, 0.00, 'H'),
	(490, 1, 6, 21, 32, 1, 'HM0009', 'HUINCHA PASACABLE PLASTICO', '15M', 0.00, 0, NULL, 0.00, 0.00, 0.00, 'H'),
	(491, 1, 6, 21, 32, 1, 'HM0010', 'HUINCHA PASACABLE PLASTICO', '20M', 0.00, 0, NULL, 0.00, 0.00, 0.00, 'H'),
	(492, 1, 6, 21, 19, 1, 'HM0011', 'GUANTE TELEGOMA AZUL', 'M', 7.00, 0, NULL, 7.00, 0.00, 0.00, 'H'),
	(493, 1, 6, 21, 19, 1, 'HM0012', 'GUANTE TELEGOMA ROJO', 'M', 6.00, 0, NULL, 7.00, 0.00, 0.00, 'H'),
	(494, 1, 6, 21, 19, 1, 'HM0013', 'LIJA DE FIERRO', 'VARIOS', 0.00, 0, NULL, 0.00, 0.00, 0.00, 'H'),
	(495, 1, 6, 21, 19, 1, 'HM0014', 'LIJA DE AGUA', 'VARIOS', 0.00, 0, NULL, 0.00, 0.00, 0.00, 'H'),
	(496, 1, 6, 21, 19, 1, 'HM0015', 'LIJA DE MADERA', 'VARIOS', 0.00, 0, NULL, 0.00, 0.00, 0.00, 'H'),
	(497, 1, 6, 21, 33, 1, 'HM0016', 'CINTA AISLANTE', 'GRANDE', 17.00, 0, NULL, 5.00, 0.00, 0.00, 'H'),
	(498, 1, 6, 21, 33, 1, 'HM0017', 'CINTA AISLANTE', 'CHICO', 12.00, 0, NULL, 3.00, 0.00, 0.00, 'H'),
	(499, 1, 6, 21, 34, 1, 'HM0018', 'CINTA MASKING', '3/4"', 0.00, 0, NULL, 0.00, 0.00, 0.00, 'H'),
	(500, 1, 6, 21, 34, 1, 'HM0019', 'CINTA MASKING', '1"', 4.00, 0, NULL, 5.00, 0.00, 0.00, 'H'),
	(501, 1, 6, 21, 34, 1, 'HM0020', 'CINTA MASKING', '1/2"', 0.00, 0, NULL, 0.00, 0.00, 0.00, 'H'),
	(502, 1, 6, 21, 34, 1, 'HM0021', 'CINTA MASKING', '2"', 0.00, 0, NULL, 0.00, 0.00, 0.00, 'H'),
	(503, 1, 6, 21, 19, 1, 'HM0022', 'HILO DE PESCAR', '6"', 0.00, 0, NULL, 0.00, 0.00, 0.00, 'H'),
	(504, 1, 6, 21, 19, 1, 'HM0023', 'HILO DE PESCAR', '8"', 0.00, 0, NULL, 0.00, 0.00, 0.00, 'H'),
	(505, 1, 6, 21, 19, 1, 'HM0024', 'HILO DE PESCAR', '1"', 0.00, 0, NULL, 0.00, 0.00, 0.00, 'H'),
	(506, 1, 6, 21, 19, 1, 'HM0025', 'CUTTER', 'SIMPLE', 2.00, 0, NULL, 2.00, 0.00, 0.00, 'H'),
	(507, 1, 6, 21, 19, 1, 'HM0026', 'CUTTER', 'MÁS REPUESTO', 5.00, 0, NULL, 6.00, 0.00, 0.00, 'H'),
	(508, 1, 6, 21, 35, 1, 'HM0027', 'HOJA DE SIERRA', ' ', 91.00, 0, NULL, 6.00, 0.00, 0.00, 'H'),
	(509, 1, 7, 22, 36, 1, 'SE0001', 'ELECTRODO', '1/8"', 0.00, 0, NULL, 0.00, 0.00, 0.00, 'H'),
	(510, 1, 7, 22, 37, 1, 'SE0002', 'ELECTRODO', '1/8', 3.90, 0, NULL, 20.00, 0.00, 0.00, 'H'),
	(511, 1, 7, 22, 38, 1, 'SE0003', 'ELECTRODO', '1/8"', 0.00, 0, NULL, 0.00, 0.00, 0.00, 'H'),
	(512, 1, 7, 22, 39, 1, 'SE0004', 'ELECTRODO', '3/32"', 0.00, 0, NULL, 0.00, 0.00, 0.00, 'H'),
	(513, 1, 8, 23, 40, 1, 'LL0001', 'LIMPIAVIDRIO', '1 LT', 0.00, 0, NULL, 0.00, 0.00, 0.00, 'H'),
	(514, 1, 8, 23, 40, 1, 'LL0002', 'QUITASARRO', '1 LT', 0.00, 0, NULL, 0.00, 0.00, 0.00, 'H'),
	(515, 1, 8, 23, 40, 1, 'LL0003', 'ACIDO EXTRAFUERTE', '1 LT', 0.00, 0, NULL, 0.00, 0.00, 0.00, 'H'),
	(516, 1, 8, 23, 40, 1, 'LL0004', 'RON DE QUEMAR', '1 LT', 0.00, 0, NULL, 0.00, 0.00, 0.00, 'H'),
	(517, 1, 8, 23, 40, 1, 'LL0005', 'THINER', '1 LT', 0.00, 0, NULL, 0.00, 0.00, 0.00, 'H'),
	(518, 1, 8, 23, 40, 1, 'LL0006', 'THINER', '1 GL', 6.00, 0, NULL, 20.00, 0.00, 0.00, 'H'),
	(519, 1, 8, 23, 40, 1, 'LL0007', 'PERFUMADOR', '1 LT', 0.00, 0, NULL, 0.00, 0.00, 0.00, 'H'),
	(520, 1, 8, 24, 40, 1, 'LS0001', 'SODA EN ESCAMAS', '1 KG', 0.00, 0, NULL, 0.00, 0.00, 0.00, 'H'),
	(521, 1, 9, 25, 41, 1, 'AP0001', 'CELESTE-AZUL', '1/4"', 5.00, 0, NULL, 48.00, 0.00, 0.00, 'H'),
	(522, 1, 9, 25, 41, 1, 'AP0002', 'CELESTE-AZUL', '1/8"', 7.00, 0, NULL, 35.00, 0.00, 0.00, 'H'),
	(523, 1, 9, 25, 41, 1, 'AP0003', 'CELESTE-AZUL', '1/16"', 21.00, 0, NULL, 18.00, 0.00, 0.00, 'H'),
	(524, 1, 9, 25, 41, 1, 'AP0004', 'CELESTE-AZUL', '1/32"', 16.00, 0, NULL, 12.00, 0.00, 0.00, 'H'),
	(525, 1, 9, 25, 41, 1, 'AP0005', 'CELESTE-AZUL', '1/64"', 0.00, 0, NULL, 0.00, 0.00, 0.00, 'H'),
	(526, 1, 9, 25, 41, 1, 'AP0006', 'DORADO-BLANCO', '1/4"', 7.00, 0, NULL, 38.00, 0.00, 0.00, 'H'),
	(527, 1, 9, 25, 41, 1, 'AP0007', 'DORADO-BLANCO', '1/8"', 5.00, 0, NULL, 27.00, 0.00, 0.00, 'H'),
	(528, 1, 9, 25, 41, 1, 'AP0008', 'DORADO-BLANCO', '1/16"', 2.00, 0, NULL, 17.00, 0.00, 0.00, 'H'),
	(529, 1, 9, 25, 41, 1, 'AP0009', 'DORADO-BLANCO', '1/32"', 24.00, 0, NULL, 10.00, 0.00, 0.00, 'H'),
	(530, 1, 9, 25, 41, 1, 'AP0010', 'DORADO-BLANCO', '1/64"', 4.00, 0, NULL, 8.00, 0.00, 0.00, 'H'),
	(531, 1, 9, 25, 41, 1, 'AP0011', 'ANARANJADO CPVC', '1/32"', 0.00, 0, NULL, 17.00, 0.00, 0.00, 'H'),
	(532, 1, 9, 25, 41, 1, 'AP0012', 'ANARANJADO CPVC', '1/8"', 0.00, 0, NULL, 0.00, 0.00, 0.00, 'H'),
	(533, 1, 9, 25, 41, 1, 'AP0013', 'ANARANJADO CPVC', '1/16"', 0.00, 0, NULL, 0.00, 0.00, 0.00, 'H'),
	(534, 1, 9, 25, 42, 1, 'AP0014', 'TEROKAL', '1/4"', 0.00, 0, NULL, 0.00, 0.00, 0.00, 'H'),
	(535, 1, 9, 25, 42, 1, 'AP0015', 'TEROKAL', '1/8"', 0.00, 0, NULL, 0.00, 0.00, 0.00, 'H'),
	(536, 1, 9, 26, 43, 1, 'AS0001', 'SIKASIL', '280ML', 0.00, 0, NULL, 0.00, 0.00, 0.00, 'H'),
	(537, 1, 9, 26, 43, 1, 'AS0002', 'SIKAFLEX', '280ML', 0.00, 0, NULL, 0.00, 0.00, 0.00, 'H'),
	(538, 1, 10, 27, 19, 1, 'PI0001', 'SPRAY PLATEADO O DORADO', 'LATA', 0.00, 0, NULL, 0.00, 0.00, 0.00, 'H'),
	(539, 1, 10, 27, 19, 1, 'PI0002', 'SPRAY COLORES', 'LATA', 0.00, 0, NULL, 0.00, 0.00, 0.00, 'H'),
	(540, 1, 10, 27, 44, 1, 'PI0003', 'LATEX', '1 GL', 0.00, 0, NULL, 0.00, 0.00, 0.00, 'H'),
	(541, 1, 10, 27, 44, 1, 'PI0004', 'ESMALTE', '1 GL', 0.00, 0, NULL, 0.00, 0.00, 0.00, 'H'),
	(542, 1, 10, 27, 44, 1, 'PI0005', 'IMPRIMANTE', '1 GL', 0.00, 0, NULL, 0.00, 0.00, 0.00, 'H'),
	(543, 1, 10, 27, 44, 1, 'PI0006', 'SELLADOR', '1 GL', 0.00, 0, NULL, 0.00, 0.00, 0.00, 'H'),
	(544, 1, 10, 27, 44, 1, 'PI0007', 'TEMPLE', '1 GL', 0.00, 0, NULL, 0.00, 0.00, 0.00, 'H'),
	(545, 1, 11, 28, 45, 1, 'CC0001', 'PORTALND TIPO 1', '42.5KG', 550.00, 0, NULL, 29.50, 0.00, 0.00, 'H'),
	(546, 1, 11, 28, 46, 1, 'CC0002', 'PORTALND TIPO 1 CO', '42.5KG', 342.00, 0, NULL, 26.50, 26.00, 0.00, 'H'),
	(547, 1, 11, 28, 47, 1, 'CC0003', 'SUELTO', '1KG', 0.00, 0, NULL, 0.00, 0.00, 0.00, 'H'),
	(548, 1, 12, 29, 48, 1, 'LT0001', 'BLOQUETA', 'H 15', 412.00, 0, NULL, 2.50, 0.00, 0.00, 'H'),
	(549, 1, 12, 29, 48, 1, 'LT0002', 'BLOQUETA', 'H 12', 0.00, 0, NULL, 0.00, 0.00, 0.00, 'H'),
	(550, 1, 12, 30, 49, 1, 'LM0001', 'PANDERETA', 'H 6', 0.00, 0, NULL, 0.58, 0.00, 0.53, 'H'),
	(551, 1, 12, 30, 49, 1, 'LM0002', 'KING KONG', 'H 18', 0.00, 0, NULL, 0.00, 0.00, 0.00, 'H'),
	(552, 1, 12, 30, 50, 1, 'LM0003', 'KING KONG', 'H 19', 0.00, 0, NULL, 0.60, 0.58, 0.00, 'H'),
	(553, 1, 12, 30, 51, 1, 'LM0004', 'KING KONG', 'H 20', 0.00, 0, NULL, 0.00, 0.00, 0.00, 'H'),
	(554, 1, 13, 31, 19, 1, 'PC0001', 'PLANCHA METALICA', '1.80 X 0.14', 0.00, 0, NULL, 0.00, 0.00, 0.00, 'H'),
	(555, 1, 13, 31, 19, 1, 'PC0002', 'PLANCHA METALICA', '1.80 X 0.20', 0.00, 0, NULL, 0.00, 0.00, 0.00, 'H'),
	(556, 1, 13, 31, 19, 1, 'PC0003', 'PLANCHA METALICA', '1.80 X 0.22', 0.00, 0, NULL, 0.00, 0.00, 0.00, 'H'),
	(557, 1, 13, 31, 19, 1, 'PC0004', 'PLANCHA METALICA', '3.60 X 0.14', 0.00, 0, NULL, 0.00, 0.00, 0.00, 'H'),
	(558, 1, 13, 31, 19, 1, 'PC0005', 'PLANCHA METALICA', '3.60 X 0.20', 0.00, 0, NULL, 0.00, 0.00, 0.00, 'H'),
	(559, 1, 13, 31, 19, 1, 'PC0006', 'PLANCHA METALICA ROJA', '3.60 X 0.22', 0.00, 0, NULL, 0.00, 0.00, 0.00, 'H'),
	(560, 1, 13, 32, 52, 1, 'PS0001', 'PLANCHA AMBAR', '1.80 X 1', 0.00, 0, NULL, 0.00, 0.00, 0.00, 'H'),
	(561, 1, 13, 32, 52, 1, 'PS0002', 'PLANCHA AMBAR', '3.60 X 1', 0.00, 0, NULL, 0.00, 0.00, 0.00, 'H'),
	(562, 1, 13, 32, 52, 1, 'PS0003', 'PLANCHA BLANCA', '1.80 X 1', 0.00, 0, NULL, 0.00, 0.00, 0.00, 'H'),
	(563, 1, 13, 32, 52, 1, 'PS0004', 'PLANCHA BLANCA', '3.60 X 1', 0.00, 0, NULL, 0.00, 0.00, 0.00, 'H'),
	(564, 1, 13, 33, 19, 1, 'PY0001', 'TRIPLAY PLYWOOD', '1.22 X 2.44', 18.00, 0, NULL, 24.00, 0.00, 0.00, 'H'),
	(565, 1, 14, 34, 53, 1, 'TT0001', 'ELEVADO COLOR ARENA', '1100L', 1.00, 0, NULL, 680.00, 650.00, 620.00, 'H'),
	(566, 1, 14, 34, 53, 1, 'TT0002', 'ELEVADO COLOR ARENA', '1500L', 0.00, 0, NULL, 0.00, 0.00, 0.00, 'H'),
	(567, 1, 14, 34, 53, 1, 'TT0003', 'ELEVADO COLOR ARENA', '2000L', 0.00, 0, NULL, 0.00, 0.00, 0.00, 'H'),
	(568, 1, 14, 35, 53, 1, 'TC0001', 'ENTERRADO COLOR CELESTE', '1200L', 1.00, 0, NULL, 980.00, 960.00, 940.00, 'H'),
	(569, 1, 14, 35, 53, 1, 'TC0002', 'ENTERRADO COLOR CELESTE', '2800L', 0.00, 0, NULL, 0.00, 0.00, 0.00, 'H'),
	(570, 1, 15, 36, 54, 1, 'TP0001', 'PLANCHA TECNOPOR 1.20 X 2.40', '1/2"', 0.00, 0, NULL, 0.00, 0.00, 0.00, 'H'),
	(571, 1, 15, 36, 54, 1, 'TP0002', 'PLANCHA TECNOPOR 1.20 X 2.41', '3/4"', 0.00, 0, NULL, 0.00, 0.00, 0.00, 'H'),
	(572, 1, 15, 36, 54, 1, 'TP0003', 'PLANCHA TECNOPOR 1.20 X 2.42', '1"', 1.00, 0, NULL, 10.00, 8.00, 0.00, 'H'),
	(573, 1, 15, 36, 54, 1, 'TP0004', 'PLANCHA TECNOPOR 1.20 X 2.43', '2"', 4.00, 0, NULL, 20.00, 0.00, 0.00, 'H'),
	(574, 1, 15, 37, 54, 1, 'TN0001', 'CASETON TECNOPOR 1.20 X 0.30', 'X15', 98.00, 0, NULL, 8.00, 0.00, 0.00, 'H'),
	(575, 1, 15, 37, 54, 1, 'TN0002', 'CASETON TECNOPOR 1.20 X 0.30', 'X12', 64.00, 0, NULL, 7.00, 0.00, 0.00, 'H'),
	(576, 1, 3, 12, 16, 1, 'EJ0009', 'CAJA DE PASE ELECTRICO', '30 X 30', 0.00, 0, NULL, 0.00, 0.00, 0.00, 'H'),
	(577, 1, 3, 5, 5, 1, 'EA0009', 'CAJA MODULAR', '', 4.00, 0, NULL, 4.00, 0.00, 0.00, 'H'),
	(578, 1, 6, 21, 55, 1, 'HM0028', 'CERRADURA', '250', 1.00, 0, NULL, 80.00, 0.00, 0.00, 'H'),
	(579, 1, 6, 21, 55, 1, 'HM0029', 'CERRADURA', '900', 1.00, 0, NULL, 90.00, 0.00, 0.00, 'H'),
	(580, 1, 6, 21, 55, 1, 'HM0030', 'CERRADURA', '1000', 1.00, 0, NULL, 95.00, 0.00, 0.00, 'H'),
	(581, 1, 1, 3, 4, 1, 'AC0020', 'CLAVO DE CONCRETO', '2 1/2"', 3.00, 0, NULL, 13.00, 0.00, 0.00, 'H'),
	(582, 1, 11, 28, 47, 1, 'CC0004', 'DADO DE CONCRETO', '2 CM', 202.00, 0, NULL, 0.35, 0.00, 0.00, 'H'),
	(583, 1, 11, 28, 47, 1, 'CC0005', 'DADO DE CONCRETO', '2.5 CM', 1.00, 0, NULL, 0.38, 0.00, 0.00, 'H'),
	(584, 1, 11, 28, 47, 1, 'CC0006', 'DADO DE CONCRETO', '4 CM', 102.00, 0, NULL, 0.46, 0.00, 0.00, 'H'),
	(585, 1, 11, 28, 47, 1, 'CC0007', 'DADO DE CONCRETO', '5 CM', 1.00, 0, NULL, 0.48, 0.00, 0.00, 'H'),
	(586, 1, 11, 28, 47, 1, 'CC0008', 'DADO DE CONCRETO', '7 CM', 1.00, 0, NULL, 0.62, 0.00, 0.00, 'H'),
	(587, 1, 11, 28, 47, 1, 'CC0009', 'DADO DE CONCRETO', '7.5 CM', 1.00, 0, NULL, 0.74, 0.00, 0.00, 'H'),
	(588, 1, 6, 21, 56, 1, 'HM0031', 'GUANTE LATEX', 'S', 1.00, 0, NULL, 10.00, 0.00, 0.00, 'H'),
	(589, 1, 6, 21, 14, 1, 'HM0032', 'GUANTE LATEX', 'M', 3.00, 0, NULL, 11.00, 0.00, 0.00, 'H'),
	(590, 1, 6, 21, 14, 1, 'HM0033', 'GUANTE LATEX', 'L', 6.00, 0, NULL, 11.00, 0.00, 0.00, 'H'),
	(591, 1, 2, 5, 10, 1, 'SA0209', 'NIPLE BRONCE', '1/2" X 1 1/2', 5.00, 0, NULL, 2.50, 0.00, 0.00, 'H'),
	(592, 1, 16, 38, 5, 1, 'OO0001', 'OCRE ROJO', '1KG', 3.00, 0, NULL, 8.00, 0.00, 0.00, 'H'),
	(593, 1, 6, 21, 5, 1, 'HM0034', 'TIZA CAJA AZUL', '', 5.00, 0, NULL, 5.00, 0.00, 0.00, 'H'),
	(594, 1, 6, 21, 5, 1, 'HM0035', 'TIZA CAJA ROJA', '', 5.00, 0, NULL, 7.50, 0.00, 0.00, 'H'),
	(595, 1, 6, 25, 5, 1, 'HP0001', 'TRIZZ', '', 2.00, 0, NULL, 5.50, 0.00, 0.00, 'H'),
	(596, 1, 2, 4, 6, 1, 'ST0016', 'TUBO S/R PVC AGUA FRIA', '1/2"', 23.00, 0, '', 14.00, 0.00, 0.00, 'H'),
	(597, 1, 16, 38, 5, 1, 'OO0002', 'YESO de 8KG', '1KG', 5.00, 0, '', 4.00, 0.00, 0.00, 'H'),
	(598, 1, 12, 30, 57, 1, 'LM0005', 'KING KONG', 'H 18', 2928.00, 0, '', 0.80, 0.00, 0.00, 'H'),
	(599, 1, 12, 30, 51, 1, 'LM0006', 'KING KONG', 'H 18', 2620.00, 0, '', 0.58, 0.00, 0.00, 'H'),
	(600, 1, 2, 5, 6, 1, 'SA0210', 'TAPÓN HEMBRA CPVC', '1/2"', 10.00, 0, '', 2.50, 0.00, 0.00, 'H'),
	(601, 1, 6, 21, 19, 1, 'HM0016', 'LIJA PARA FIERRO', '40', 50.00, 0, '', 2.50, 0.00, 0.00, 'H'),
	(602, 1, 6, 21, 19, 1, 'HM0017', 'LIJA PARA FIERRO', '50', 50.00, 0, '', 2.50, 0.00, 0.00, 'H'),
	(603, 1, 6, 21, 19, 1, 'HM0018', 'LIJA PARA FIERRO', '60', 48.00, 0, '', 2.50, 0.00, 0.00, 'H'),
	(604, 1, 6, 21, 19, 1, 'HM0019', 'LIJA PARA FIERRO', '80', 50.00, 0, '', 2.50, 0.00, 0.00, 'H'),
	(605, 1, 6, 21, 19, 1, 'HM0020', 'LIJA PARA FIERRO', '100', 50.00, 0, '', 2.50, 0.00, 0.00, 'H'),
	(606, 1, 6, 21, 19, 1, 'HM0021', 'LIJA PARA FIERRO', '120', 48.00, 0, '', 2.50, 0.00, 0.00, 'H'),
	(607, 1, 6, 21, 19, 1, 'HM0022', 'LIJA PARA FIERRO', '150', 50.00, 0, '', 2.50, 0.00, 0.00, 'H'),
	(608, 1, 6, 21, 19, 1, 'HM0023', 'LIJA PARA FIERRO', '180', 50.00, 0, '', 2.50, 0.00, 0.00, 'H');

-- Volcando estructura para tabla ferr_ros_h.producto_abastecer
CREATE TABLE IF NOT EXISTS `producto_abastecer` (
  `id` int NOT NULL AUTO_INCREMENT,
  `id_abastecer` int NOT NULL,
  `id_producto` int NOT NULL,
  `precio` float(100,2) DEFAULT NULL,
  `cantidad` int NOT NULL,
  `est` char(1) NOT NULL,
  PRIMARY KEY (`id`),
  KEY `fk_producto_abastecer_abastecer` (`id_abastecer`),
  KEY `fk_producto_abastecer_producto` (`id_producto`),
  CONSTRAINT `fk_producto_abastecer_abastecer` FOREIGN KEY (`id_abastecer`) REFERENCES `abastecer` (`id`),
  CONSTRAINT `fk_producto_abastecer_producto` FOREIGN KEY (`id_producto`) REFERENCES `producto` (`id`)
) ENGINE=InnoDB AUTO_INCREMENT=90 DEFAULT CHARSET=utf8mb4 COLLATE=utf8mb4_0900_ai_ci;

-- Volcando datos para la tabla ferr_ros_h.producto_abastecer: ~89 rows (aproximadamente)
INSERT INTO `producto_abastecer` (`id`, `id_abastecer`, `id_producto`, `precio`, `cantidad`, `est`) VALUES
	(1, 1, 546, 0.00, 200, 'H'),
	(2, 2, 13, 1.00, 231, 'H'),
	(3, 3, 20, 1.00, 100, 'H'),
	(4, 4, 15, 1.00, 407, 'H'),
	(5, 4, 13, 1.00, 231, 'H'),
	(6, 4, 12, 1.00, 150, 'H'),
	(7, 5, 545, 1.00, 2, 'H'),
	(8, 6, 153, 1.00, 53, 'H'),
	(9, 6, 25, 1.00, 30, 'H'),
	(10, 6, 24, 1.00, 30, 'H'),
	(11, 6, 26, 1.00, 30, 'H'),
	(12, 6, 27, 1.00, 30, 'H'),
	(13, 6, 518, 1.00, 6, 'H'),
	(14, 6, 589, 1.00, 3, 'H'),
	(15, 6, 590, 1.00, 6, 'H'),
	(16, 6, 363, 1.00, 6, 'H'),
	(17, 6, 365, 1.00, 6, 'H'),
	(18, 6, 19, 1.00, 1000, 'H'),
	(19, 6, 20, 1.00, 1000, 'H'),
	(20, 7, 599, 1.00, 1000, 'H'),
	(21, 8, 371, 1.00, 5, 'H'),
	(22, 8, 182, 1.00, 10, 'H'),
	(23, 8, 191, 1.00, 5, 'H'),
	(24, 8, 180, 1.00, 10, 'H'),
	(25, 8, 189, 1.00, 10, 'H'),
	(26, 8, 185, 1.00, 10, 'H'),
	(27, 8, 178, 1.00, 10, 'H'),
	(28, 8, 187, 1.00, 10, 'H'),
	(29, 8, 184, 1.00, 10, 'H'),
	(30, 9, 24, 1.00, 30, 'H'),
	(31, 9, 572, 1.00, 38, 'H'),
	(32, 9, 573, 1.00, 18, 'H'),
	(33, 10, 545, 1.00, 200, 'H'),
	(34, 11, 545, 1.00, 300, 'H'),
	(35, 12, 355, 0.00, 1, 'H'),
	(36, 13, 355, 0.00, 25, 'H'),
	(37, 14, 599, 0.56, 2000, 'H'),
	(38, 15, 347, 1.00, 2, 'H'),
	(39, 16, 19, 1.00, 1000, 'H'),
	(40, 16, 20, 0.00, 1000, 'H'),
	(41, 17, 545, 1.00, 200, 'H'),
	(42, 18, 22, 1.00, 60, 'H'),
	(43, 18, 24, 1.00, 60, 'H'),
	(44, 18, 581, 1.00, 0, 'D'),
	(45, 18, 26, 1.00, 60, 'H'),
	(46, 18, 27, 1.00, 60, 'H'),
	(47, 18, 530, 1.00, 6, 'H'),
	(48, 18, 350, 1.00, 1, 'H'),
	(49, 18, 349, 1.00, 1, 'H'),
	(50, 18, 278, 1.00, 20, 'H'),
	(51, 18, 346, 1.00, 2, 'H'),
	(52, 18, 277, 1.00, 10, 'H'),
	(53, 18, 498, 0.00, 10, 'H'),
	(54, 18, 497, 1.00, 10, 'H'),
	(55, 19, 585, 1.00, 200, 'H'),
	(56, 19, 582, 1.00, 100, 'H'),
	(57, 19, 583, 1.00, 100, 'H'),
	(58, 20, 4, 1.00, 231, 'H'),
	(59, 20, 3, 1.00, 151, 'H'),
	(60, 20, 6, 1.00, 416, 'H'),
	(61, 20, 9, 1.00, 850, 'H'),
	(62, 21, 51, 1.00, 10, 'H'),
	(63, 21, 52, 1.00, 10, 'H'),
	(64, 21, 55, 1.00, 100, 'H'),
	(65, 21, 53, 1.00, 25, 'H'),
	(66, 21, 42, 1.00, 9, 'H'),
	(67, 21, 50, 1.00, 13, 'H'),
	(68, 21, 41, 1.00, 10, 'H'),
	(69, 21, 47, 1.00, 8, 'H'),
	(70, 21, 46, 1.00, 25, 'H'),
	(71, 22, 599, 0.56, 1500, 'H'),
	(72, 23, 546, 1.00, 350, 'H'),
	(73, 24, 18, 1.00, 1800, 'H'),
	(74, 25, 13, 1.00, 465, 'H'),
	(75, 26, 546, 1.00, 3, 'H'),
	(76, 27, 545, 1.00, 835, 'H'),
	(77, 28, 25, 0.00, 60, 'H'),
	(78, 29, 265, 1.00, 5, 'H'),
	(79, 29, 57, 1.00, 10, 'H'),
	(80, 29, 60, 1.00, 20, 'H'),
	(81, 30, 15, 1.00, 416, 'H'),
	(82, 31, 13, 0.00, 229, 'H'),
	(83, 31, 12, 0.00, 149, 'H'),
	(84, 31, 24, 0.00, 150, 'H'),
	(85, 31, 25, 0.00, 150, 'H'),
	(86, 31, 26, 0.00, 150, 'H'),
	(87, 31, 27, 0.00, 150, 'H'),
	(88, 32, 599, 0.00, 2490, 'H'),
	(89, 33, 15, 0.00, 100, 'H');

-- Volcando estructura para tabla ferr_ros_h.producto_cuaderno
CREATE TABLE IF NOT EXISTS `producto_cuaderno` (
  `id` int NOT NULL AUTO_INCREMENT,
  `id_cuaderno` int NOT NULL,
  `id_producto` int NOT NULL,
  `precio` float(100,2) DEFAULT NULL,
  `cantidad` float(100,2) DEFAULT '0.00',
  `est` char(1) NOT NULL,
  PRIMARY KEY (`id`),
  KEY `fk_producto_cuaderno_cuaderno` (`id_cuaderno`),
  KEY `fk_producto_cuaderno_producto` (`id_producto`),
  CONSTRAINT `fk_producto_cuaderno_cuaderno` FOREIGN KEY (`id_cuaderno`) REFERENCES `cuaderno` (`id`),
  CONSTRAINT `fk_producto_cuaderno_producto` FOREIGN KEY (`id_producto`) REFERENCES `producto` (`id`)
) ENGINE=InnoDB AUTO_INCREMENT=819 DEFAULT CHARSET=utf8mb4 COLLATE=utf8mb4_0900_ai_ci;

-- Volcando datos para la tabla ferr_ros_h.producto_cuaderno: ~651 rows (aproximadamente)
INSERT INTO `producto_cuaderno` (`id`, `id_cuaderno`, `id_producto`, `precio`, `cantidad`, `est`) VALUES
	(1, 1, 545, 29.50, 2.00, 'H'),
	(2, 2, 3, 62.07, 40.00, 'H'),
	(3, 2, 4, 40.13, 100.00, 'H'),
	(4, 2, 6, 22.38, 50.00, 'H'),
	(5, 2, 18, 4.87, 55.00, 'H'),
	(6, 3, 572, 10.00, 2.00, 'H'),
	(7, 4, 6, 22.20, 2.00, 'H'),
	(8, 5, 530, 8.00, 1.00, 'H'),
	(9, 5, 508, 6.00, 1.00, 'H'),
	(10, 5, 99, 2.00, 1.00, 'H'),
	(11, 6, 13, 35.66, 1.00, 'H'),
	(12, 7, 564, 23.00, 1.00, 'H'),
	(13, 8, 545, 29.00, 4.00, 'H'),
	(14, 9, 6, 22.16, 15.00, 'H'),
	(15, 10, 12, 54.55, 24.00, 'H'),
	(16, 10, 13, 35.27, 15.00, 'H'),
	(17, 10, 6, 22.16, 25.00, 'H'),
	(18, 11, 598, 0.80, 88.00, 'H'),
	(19, 12, 14, 31.62, 4.00, 'H'),
	(20, 12, 493, 7.00, 1.00, 'H'),
	(21, 13, 510, 20.00, 1.00, 'H'),
	(22, 14, 278, 1.50, 4.00, 'H'),
	(23, 15, 546, 26.00, 20.00, 'H'),
	(24, 16, 14, 31.60, 2.00, 'H'),
	(25, 16, 16, 14.30, 1.00, 'H'),
	(26, 16, 545, 29.50, 1.00, 'H'),
	(27, 16, 493, 7.00, 1.00, 'H'),
	(28, 17, 545, 29.50, 1.00, 'H'),
	(29, 17, 597, 4.00, 2.00, 'H'),
	(30, 18, 545, 29.50, 1.00, 'H'),
	(31, 19, 136, 2.50, 2.00, 'H'),
	(32, 19, 529, 10.00, 1.00, 'H'),
	(33, 20, 599, 0.59, 1000.00, 'H'),
	(34, 21, 587, 74.00, 100.00, 'H'),
	(35, 22, 546, 26.00, 50.00, 'H'),
	(36, 23, 545, 29.50, 2.00, 'H'),
	(37, 24, 4, 39.50, 13.00, 'H'),
	(38, 24, 8, 9.00, 6.00, 'H'),
	(39, 24, 19, 5.30, 3.00, 'H'),
	(40, 24, 20, 5.30, 1.00, 'H'),
	(41, 25, 13, 34.76, 55.00, 'H'),
	(42, 25, 12, 53.76, 18.00, 'H'),
	(43, 25, 16, 14.00, 10.00, 'H'),
	(44, 25, 6, 21.74, 41.00, 'H'),
	(45, 26, 518, 20.00, 1.00, 'H'),
	(46, 27, 3, 60.28, 14.00, 'H'),
	(47, 27, 4, 38.98, 80.00, 'H'),
	(48, 27, 6, 21.74, 52.00, 'H'),
	(49, 27, 572, 10.00, 1.00, 'H'),
	(50, 28, 548, 2.50, 20.00, 'H'),
	(51, 28, 564, 23.00, 1.00, 'H'),
	(52, 29, 546, 26.50, 4.00, 'H'),
	(53, 30, 18, 4.74, 70.00, 'H'),
	(54, 30, 6, 21.65, 45.00, 'H'),
	(55, 30, 16, 13.90, 50.00, 'H'),
	(56, 30, 13, 34.60, 135.00, 'H'),
	(57, 30, 3, 60.00, 34.00, 'H'),
	(58, 31, 20, 4.50, 20.00, 'H'),
	(59, 32, 546, 26.50, 8.00, 'H'),
	(60, 32, 592, 8.00, 2.00, 'H'),
	(61, 33, 25, 4.80, 2.00, 'H'),
	(62, 33, 26, 4.80, 1.00, 'H'),
	(63, 34, 3, 60.50, 61.00, 'H'),
	(64, 34, 6, 21.80, 95.00, 'H'),
	(65, 34, 355, 9.00, 10.00, 'H'),
	(66, 35, 6, 21.65, 30.00, 'H'),
	(67, 35, 4, 38.81, 13.00, 'H'),
	(68, 36, 18, 4.75, 38.00, 'H'),
	(69, 37, 590, 11.00, 1.00, 'H'),
	(70, 38, 545, 29.30, 7.00, 'H'),
	(71, 39, 50, 16.00, 2.00, 'H'),
	(72, 39, 136, 2.50, 2.00, 'H'),
	(73, 40, 20, 4.50, 2.00, 'H'),
	(74, 41, 546, 26.50, 2.00, 'H'),
	(75, 42, 546, 26.50, 2.00, 'H'),
	(76, 43, 357, 19.00, 2.00, 'H'),
	(77, 44, 546, 26.50, 2.00, 'H'),
	(78, 45, 192, 0.50, 60.00, 'H'),
	(79, 45, 55, 5.00, 42.00, 'H'),
	(80, 45, 277, 2.00, 1.00, 'H'),
	(81, 45, 531, 16.50, 1.00, 'H'),
	(82, 45, 526, 38.00, 1.00, 'H'),
	(83, 46, 3, 60.87, 10.00, 'H'),
	(84, 47, 6, 21.70, 20.00, 'H'),
	(85, 47, 20, 5.50, 6.00, 'H'),
	(86, 47, 24, 5.50, 2.00, 'H'),
	(87, 47, 25, 5.50, 2.00, 'H'),
	(88, 47, 545, 29.50, 50.00, 'H'),
	(89, 47, 13, 34.70, 15.00, 'H'),
	(90, 47, 16, 14.00, 10.00, 'H'),
	(91, 48, 3, 60.80, 10.00, 'H'),
	(92, 48, 6, 21.90, 6.00, 'H'),
	(93, 48, 20, 5.50, 5.00, 'H'),
	(94, 48, 508, 6.00, 1.00, 'H'),
	(95, 48, 354, 5.00, 2.00, 'H'),
	(96, 49, 546, 26.00, 20.00, 'H'),
	(97, 50, 572, 8.00, 2.00, 'H'),
	(98, 51, 597, 4.00, 1.00, 'H'),
	(99, 52, 16, 13.90, 18.00, 'H'),
	(100, 52, 20, 4.50, 10.00, 'H'),
	(101, 53, 6, 21.73, 60.00, 'H'),
	(102, 54, 599, 0.60, 40.00, 'H'),
	(103, 54, 545, 29.50, 1.00, 'H'),
	(104, 55, 12, 54.00, 15.00, 'H'),
	(105, 55, 13, 34.90, 15.00, 'H'),
	(106, 55, 15, 19.48, 25.00, 'H'),
	(107, 55, 20, 5.50, 20.00, 'H'),
	(108, 56, 546, 26.50, 2.00, 'H'),
	(109, 57, 7, 15.65, 2.00, 'H'),
	(110, 57, 20, 4.80, 3.00, 'H'),
	(111, 57, 19, 4.80, 5.00, 'H'),
	(112, 57, 52, 34.00, 1.00, 'H'),
	(113, 57, 51, 33.50, 1.00, 'H'),
	(114, 57, 50, 15.00, 1.00, 'H'),
	(115, 58, 16, 13.90, 2.00, 'H'),
	(116, 58, 13, 34.50, 1.00, 'H'),
	(117, 59, 546, 26.00, 30.00, 'H'),
	(118, 60, 548, 2.50, 50.00, 'H'),
	(119, 61, 545, 29.00, 400.00, 'H'),
	(120, 61, 548, 2.40, 1500.00, 'H'),
	(121, 62, 546, 26.00, 23.00, 'H'),
	(122, 62, 4, 38.85, 30.00, 'H'),
	(123, 63, 13, 34.50, 1.00, 'H'),
	(124, 64, 15, 19.47, 18.00, 'H'),
	(125, 65, 12, 54.00, 4.00, 'H'),
	(126, 65, 13, 34.90, 3.00, 'H'),
	(127, 66, 574, 10.00, 1.00, 'H'),
	(128, 67, 546, 26.50, 1.00, 'H'),
	(129, 68, 546, 26.50, 2.00, 'H'),
	(130, 69, 15, 19.40, 4.00, 'H'),
	(131, 70, 518, 19.00, 1.00, 'H'),
	(132, 71, 546, 26.00, 100.00, 'H'),
	(133, 72, 6, 21.62, 12.00, 'H'),
	(134, 72, 7, 15.62, 10.00, 'H'),
	(135, 73, 52, 34.00, 1.00, 'H'),
	(136, 73, 168, 11.00, 1.00, 'H'),
	(137, 73, 148, 12.00, 1.00, 'H'),
	(138, 73, 138, 9.00, 1.00, 'H'),
	(139, 73, 135, 7.50, 2.00, 'H'),
	(140, 73, 133, 2.50, 3.00, 'H'),
	(141, 73, 136, 2.50, 3.00, 'H'),
	(142, 73, 164, 5.00, 1.00, 'H'),
	(143, 73, 524, 12.00, 1.00, 'H'),
	(144, 74, 20, 4.50, 15.00, 'H'),
	(145, 75, 545, 29.50, 30.00, 'H'),
	(146, 75, 572, 10.00, 1.00, 'H'),
	(147, 76, 546, 26.50, 2.00, 'H'),
	(148, 77, 51, 34.00, 1.00, 'H'),
	(149, 77, 50, 16.00, 2.00, 'H'),
	(150, 77, 524, 12.00, 1.00, 'H'),
	(151, 77, 52, 34.50, 1.00, 'H'),
	(152, 77, 60, 2.00, 2.00, 'H'),
	(153, 78, 545, 29.50, 50.00, 'H'),
	(154, 79, 13, 34.43, 35.00, 'H'),
	(155, 80, 24, 5.00, 2.00, 'H'),
	(156, 81, 278, 1.50, 1.00, 'H'),
	(157, 82, 19, 5.00, 10.00, 'H'),
	(158, 83, 545, 29.50, 1.00, 'H'),
	(159, 84, 8, 8.80, 521.00, 'H'),
	(160, 85, 564, 22.00, 2.00, 'H'),
	(161, 85, 148, 11.00, 6.00, 'H'),
	(162, 86, 14, 31.00, 2.00, 'H'),
	(163, 86, 20, 5.00, 7.00, 'H'),
	(164, 87, 546, 26.50, 3.00, 'H'),
	(165, 87, 15, 19.17, 2.00, 'H'),
	(166, 87, 198, 2.00, 24.00, 'H'),
	(167, 87, 24, 5.00, 1.00, 'H'),
	(168, 88, 545, 29.50, 15.00, 'H'),
	(169, 89, 597, 4.00, 4.00, 'H'),
	(170, 90, 18, 5.50, 4.00, 'H'),
	(171, 91, 27, 5.00, 2.00, 'H'),
	(172, 92, 20, 4.50, 15.00, 'H'),
	(173, 92, 13, 34.37, 7.00, 'H'),
	(174, 92, 16, 13.80, 24.00, 'H'),
	(175, 93, 599, 0.60, 80.00, 'H'),
	(176, 93, 545, 29.30, 2.00, 'H'),
	(177, 93, 192, 0.70, 2.00, 'H'),
	(178, 93, 55, 5.30, 1.00, 'H'),
	(179, 94, 15, 19.30, 10.00, 'H'),
	(180, 95, 572, 10.00, 3.00, 'H'),
	(181, 96, 4, 39.40, 20.00, 'H'),
	(182, 97, 20, 4.50, 100.00, 'H'),
	(183, 97, 19, 4.50, 100.00, 'H'),
	(184, 97, 24, 4.67, 30.00, 'H'),
	(185, 97, 25, 4.67, 30.00, 'H'),
	(186, 98, 14, 31.50, 1.00, 'H'),
	(187, 99, 178, 2.00, 2.00, 'H'),
	(188, 99, 57, 2.00, 4.00, 'H'),
	(189, 99, 185, 2.50, 1.00, 'H'),
	(190, 99, 99, 2.00, 4.00, 'H'),
	(191, 100, 25, 5.00, 2.00, 'H'),
	(192, 100, 24, 5.00, 2.00, 'H'),
	(193, 100, 19, 5.00, 15.00, 'H'),
	(194, 101, 4, 38.56, 2.00, 'H'),
	(195, 101, 6, 21.50, 3.00, 'H'),
	(196, 102, 24, 0.20, 5.00, 'H'),
	(197, 103, 3, 59.40, 5.00, 'H'),
	(198, 103, 4, 38.40, 5.00, 'H'),
	(199, 103, 6, 21.50, 5.00, 'H'),
	(200, 103, 7, 15.60, 5.00, 'H'),
	(201, 103, 12, 53.54, 20.00, 'H'),
	(202, 103, 13, 34.62, 30.00, 'H'),
	(203, 103, 15, 19.31, 30.00, 'H'),
	(204, 103, 16, 13.94, 20.00, 'H'),
	(205, 104, 13, 35.00, 50.00, 'H'),
	(206, 104, 24, 5.00, 6.00, 'H'),
	(207, 104, 20, 5.00, 15.00, 'H'),
	(208, 104, 19, 5.00, 5.00, 'H'),
	(209, 105, 545, 29.50, 4.00, 'H'),
	(210, 106, 45, 20.00, 1.00, 'H'),
	(211, 106, 545, 29.50, 10.00, 'H'),
	(212, 107, 545, 29.30, 10.00, 'H'),
	(213, 108, 545, 29.50, 1.00, 'H'),
	(214, 109, 597, 4.00, 1.00, 'H'),
	(215, 110, 20, 5.00, 2.00, 'H'),
	(216, 111, 13, 35.00, 1.00, 'H'),
	(217, 112, 546, 26.00, 35.00, 'H'),
	(218, 113, 4, 38.50, 40.00, 'H'),
	(219, 113, 7, 15.50, 22.00, 'H'),
	(220, 113, 548, 2.40, 280.00, 'H'),
	(221, 113, 545, 29.30, 58.00, 'H'),
	(222, 113, 572, 10.00, 2.00, 'H'),
	(223, 113, 18, 5.50, 17.00, 'H'),
	(224, 114, 19, 4.50, 100.00, 'H'),
	(225, 115, 545, 29.50, 1.00, 'H'),
	(226, 116, 4, 38.50, 15.00, 'H'),
	(227, 116, 18, 5.50, 20.00, 'H'),
	(228, 116, 6, 21.50, 25.00, 'H'),
	(229, 116, 572, 9.00, 1.00, 'H'),
	(230, 116, 548, 2.30, 200.00, 'H'),
	(231, 117, 20, 5.00, 1.00, 'H'),
	(232, 118, 50, 15.00, 1.00, 'H'),
	(233, 119, 182, 2.00, 7.00, 'H'),
	(234, 119, 60, 2.00, 2.00, 'H'),
	(235, 119, 24, 5.00, 1.00, 'H'),
	(236, 119, 66, 2.50, 2.00, 'H'),
	(237, 119, 90, 2.80, 2.00, 'H'),
	(238, 120, 24, 5.00, 1.00, 'H'),
	(239, 121, 572, 10.00, 2.00, 'H'),
	(240, 121, 524, 12.00, 1.00, 'H'),
	(241, 121, 99, 2.00, 2.00, 'H'),
	(242, 121, 60, 2.00, 2.00, 'H'),
	(243, 122, 4, 38.40, 6.00, 'H'),
	(244, 123, 599, 0.60, 30.00, 'H'),
	(245, 124, 148, 12.00, 1.00, 'H'),
	(246, 124, 52, 34.50, 1.00, 'H'),
	(247, 125, 6, 21.50, 29.00, 'H'),
	(248, 125, 3, 59.60, 5.00, 'H'),
	(249, 126, 545, 29.00, 100.00, 'H'),
	(250, 127, 16, 14.20, 2.00, 'H'),
	(251, 128, 545, 29.30, 4.00, 'H'),
	(252, 129, 498, 3.00, 1.00, 'H'),
	(253, 130, 4, 38.80, 232.00, 'H'),
	(254, 130, 20, 4.60, 100.00, 'H'),
	(255, 131, 16, 14.00, 2.00, 'H'),
	(256, 132, 13, 35.30, 10.00, 'H'),
	(257, 133, 18, 5.00, 70.00, 'H'),
	(258, 133, 572, 8.00, 1.00, 'H'),
	(259, 134, 546, 26.00, 1.00, 'H'),
	(260, 135, 192, 0.70, 30.00, 'H'),
	(261, 135, 55, 5.00, 15.00, 'H'),
	(262, 136, 546, 26.50, 1.00, 'H'),
	(263, 137, 545, 29.50, 10.00, 'H'),
	(264, 137, 24, 5.00, 1.00, 'H'),
	(265, 138, 498, 3.00, 1.00, 'H'),
	(266, 139, 16, 14.00, 36.00, 'H'),
	(267, 140, 6, 21.33, 55.00, 'H'),
	(268, 141, 20, 5.47, 30.00, 'H'),
	(269, 142, 20, 4.50, 100.00, 'H'),
	(270, 143, 6, 21.50, 50.00, 'H'),
	(271, 143, 20, 4.60, 100.00, 'H'),
	(272, 143, 19, 5.00, 50.00, 'H'),
	(273, 143, 552, 0.58, 2000.00, 'H'),
	(274, 143, 545, 29.30, 50.00, 'H'),
	(275, 144, 355, 9.00, 3.00, 'H'),
	(276, 145, 545, 29.50, 1.00, 'H'),
	(277, 146, 2, 87.16, 2.00, 'H'),
	(278, 147, 545, 29.00, 20.00, 'H'),
	(279, 148, 545, 29.00, 5.00, 'H'),
	(280, 149, 597, 4.00, 1.00, 'H'),
	(281, 150, 371, 19.00, 1.00, 'H'),
	(282, 151, 545, 29.00, 100.00, 'H'),
	(283, 152, 349, 17.00, 1.00, 'H'),
	(284, 153, 545, 29.00, 4.00, 'H'),
	(285, 154, 13, 35.00, 6.00, 'H'),
	(286, 154, 545, 29.00, 4.00, 'H'),
	(287, 154, 355, 9.00, 1.00, 'H'),
	(288, 154, 593, 5.00, 1.00, 'H'),
	(289, 154, 20, 5.00, 2.00, 'H'),
	(290, 155, 546, 26.00, 20.00, 'H'),
	(291, 156, 24, 5.00, 3.00, 'H'),
	(292, 156, 25, 5.00, 3.00, 'H'),
	(293, 157, 4, 38.20, 19.00, 'H'),
	(294, 157, 5, 34.00, 6.00, 'H'),
	(295, 157, 7, 15.40, 36.00, 'H'),
	(296, 158, 545, 29.50, 1.00, 'H'),
	(297, 159, 18, 4.70, 20.00, 'H'),
	(298, 160, 545, 29.18, 110.00, 'H'),
	(299, 160, 548, 2.30, 10.00, 'H'),
	(300, 160, 573, 18.00, 1.00, 'H'),
	(301, 161, 13, 35.00, 8.00, 'H'),
	(302, 162, 13, 34.84, 5.00, 'H'),
	(303, 162, 15, 19.43, 5.00, 'H'),
	(304, 162, 572, 8.00, 1.00, 'H'),
	(305, 163, 17, 7.83, 80.00, 'H'),
	(306, 164, 573, 18.00, 13.00, 'H'),
	(307, 165, 546, 26.00, 20.00, 'H'),
	(308, 165, 13, 34.50, 13.00, 'H'),
	(309, 165, 17, 7.80, 9.00, 'H'),
	(310, 165, 19, 4.50, 5.00, 'H'),
	(311, 166, 13, 35.00, 15.00, 'H'),
	(312, 166, 16, 14.10, 30.00, 'H'),
	(313, 166, 18, 5.00, 25.00, 'H'),
	(314, 167, 545, 29.50, 10.00, 'H'),
	(315, 168, 498, 3.00, 1.00, 'H'),
	(316, 169, 25, 5.00, 5.00, 'H'),
	(317, 170, 19, 5.00, 10.00, 'H'),
	(318, 170, 24, 5.00, 2.00, 'H'),
	(319, 170, 25, 5.00, 2.00, 'H'),
	(320, 171, 545, 29.50, 3.00, 'H'),
	(321, 172, 545, 29.00, 20.00, 'H'),
	(322, 172, 13, 34.87, 30.00, 'H'),
	(323, 172, 16, 14.00, 20.00, 'H'),
	(324, 172, 18, 5.00, 20.00, 'H'),
	(325, 173, 599, 30.00, 50.00, 'H'),
	(326, 174, 24, 4.80, 5.00, 'H'),
	(327, 174, 25, 4.80, 7.00, 'H'),
	(328, 175, 588, 10.00, 1.00, 'H'),
	(329, 176, 564, 23.00, 2.00, 'H'),
	(330, 177, 20, 5.00, 1.00, 'H'),
	(331, 178, 3, 59.50, 56.00, 'H'),
	(332, 178, 4, 38.40, 56.00, 'H'),
	(333, 178, 6, 21.50, 47.00, 'D'),
	(334, 178, 545, 29.20, 50.00, 'H'),
	(335, 179, 545, 29.00, 10.00, 'H'),
	(336, 180, 546, 26.50, 5.00, 'H'),
	(337, 181, 18, 4.82, 800.00, 'H'),
	(338, 182, 599, 0.60, 50.00, 'H'),
	(339, 183, 16, 14.00, 1.00, 'H'),
	(340, 184, 498, 3.00, 1.00, 'H'),
	(341, 185, 16, 14.00, 22.00, 'H'),
	(342, 185, 13, 34.87, 20.00, 'H'),
	(343, 186, 599, 0.60, 50.00, 'H'),
	(344, 187, 546, 26.50, 3.00, 'H'),
	(345, 188, 546, 26.00, 1.00, 'H'),
	(346, 189, 4, 38.15, 232.00, 'H'),
	(347, 190, 4, 38.30, 6.00, 'H'),
	(348, 191, 365, 20.00, 1.00, 'H'),
	(349, 192, 552, 0.58, 3000.00, 'H'),
	(350, 193, 12, 54.20, 24.00, 'H'),
	(351, 193, 13, 35.10, 55.00, 'H'),
	(352, 193, 15, 19.60, 35.00, 'H'),
	(353, 193, 26, 5.00, 3.00, 'H'),
	(354, 193, 25, 5.00, 2.00, 'H'),
	(355, 193, 548, 2.50, 400.00, 'H'),
	(356, 193, 365, 19.00, 1.00, 'H'),
	(357, 193, 355, 9.00, 2.00, 'H'),
	(358, 194, 17, 8.20, 35.00, 'H'),
	(359, 195, 597, 4.00, 2.00, 'H'),
	(360, 195, 572, 8.00, 1.00, 'H'),
	(361, 196, 545, 29.00, 6.00, 'H'),
	(362, 197, 546, 26.50, 1.00, 'H'),
	(363, 198, 4, 38.62, 232.00, 'H'),
	(364, 199, 584, 0.45, 500.00, 'H'),
	(365, 199, 582, 0.35, 700.00, 'H'),
	(366, 200, 599, 0.58, 500.00, 'H'),
	(367, 201, 599, 0.70, 200.00, 'H'),
	(368, 201, 545, 32.50, 5.00, 'H'),
	(369, 202, 17, 7.95, 500.00, 'H'),
	(370, 202, 18, 4.82, 101.00, 'H'),
	(371, 203, 546, 26.50, 10.00, 'H'),
	(372, 204, 198, 2.50, 12.00, 'H'),
	(373, 204, 192, 0.70, 20.00, 'H'),
	(374, 205, 599, 0.70, 30.00, 'H'),
	(375, 206, 45, 20.00, 3.00, 'H'),
	(376, 206, 66, 2.50, 2.00, 'H'),
	(377, 206, 60, 2.00, 4.00, 'H'),
	(378, 206, 90, 2.50, 4.00, 'H'),
	(379, 206, 278, 1.50, 1.00, 'H'),
	(380, 207, 355, 9.00, 2.00, 'H'),
	(381, 208, 546, 26.50, 1.00, 'H'),
	(382, 209, 599, 0.58, 1000.00, 'H'),
	(383, 210, 15, 19.70, 19.00, 'H'),
	(384, 210, 13, 35.75, 20.00, 'H'),
	(385, 210, 20, 5.30, 8.00, 'H'),
	(386, 211, 552, 0.58, 2000.00, 'H'),
	(387, 212, 16, 14.10, 15.00, 'H'),
	(388, 213, 90, 2.20, 5.00, 'H'),
	(389, 213, 60, 1.80, 3.00, 'H'),
	(390, 213, 117, 20.00, 2.00, 'H'),
	(391, 213, 66, 2.00, 1.00, 'H'),
	(392, 213, 264, 29.00, 1.00, 'H'),
	(393, 213, 278, 1.50, 1.00, 'H'),
	(394, 213, 524, 11.00, 1.00, 'H'),
	(395, 213, 57, 1.20, 6.00, 'H'),
	(396, 214, 548, 2.50, 100.00, 'H'),
	(397, 214, 572, 10.00, 1.00, 'H'),
	(398, 215, 545, 29.00, 10.00, 'H'),
	(399, 216, 166, 16.00, 2.00, 'H'),
	(400, 217, 545, 29.50, 10.00, 'H'),
	(401, 218, 13, 35.35, 36.00, 'H'),
	(402, 219, 17, 7.90, 70.00, 'H'),
	(403, 220, 599, 0.58, 1000.00, 'H'),
	(404, 220, 546, 26.50, 5.00, 'H'),
	(405, 221, 599, 0.58, 2000.00, 'H'),
	(406, 222, 597, 4.00, 1.00, 'H'),
	(407, 223, 4, 38.60, 232.00, 'H'),
	(408, 223, 6, 21.60, 416.00, 'H'),
	(409, 223, 20, 4.60, 100.00, 'H'),
	(410, 223, 19, 4.60, 100.00, 'H'),
	(411, 224, 13, 34.62, 70.00, 'H'),
	(412, 224, 12, 53.54, 4.00, 'H'),
	(413, 224, 18, 5.00, 35.00, 'H'),
	(414, 225, 545, 29.20, 50.00, 'H'),
	(415, 226, 564, 23.00, 1.00, 'H'),
	(416, 227, 548, 2.50, 500.00, 'H'),
	(417, 227, 572, 10.00, 1.00, 'H'),
	(418, 228, 572, 10.00, 1.00, 'H'),
	(419, 229, 546, 26.50, 6.00, 'H'),
	(420, 230, 164, 5.50, 1.00, 'H'),
	(421, 230, 133, 2.50, 1.00, 'H'),
	(422, 230, 527, 27.00, 1.00, 'H'),
	(423, 231, 524, 11.00, 1.00, 'H'),
	(424, 232, 545, 29.00, 10.00, 'H'),
	(425, 232, 16, 14.10, 6.00, 'H'),
	(426, 232, 17, 7.90, 5.00, 'H'),
	(427, 232, 546, 26.00, 10.00, 'H'),
	(428, 233, 12, 54.50, 32.00, 'H'),
	(429, 233, 13, 35.30, 40.00, 'H'),
	(430, 233, 15, 19.50, 14.00, 'H'),
	(431, 233, 20, 5.00, 10.00, 'H'),
	(432, 234, 3, 59.50, 18.00, 'H'),
	(433, 234, 4, 38.50, 3.00, 'H'),
	(434, 234, 52, 34.50, 2.00, 'H'),
	(435, 234, 51, 33.50, 2.00, 'H'),
	(436, 234, 523, 18.00, 1.00, 'H'),
	(437, 234, 508, 6.00, 1.00, 'H'),
	(438, 234, 136, 2.50, 2.00, 'H'),
	(439, 235, 597, 4.00, 2.00, 'H'),
	(440, 236, 545, 29.50, 20.00, 'H'),
	(441, 237, 52, 34.50, 1.00, 'H'),
	(442, 237, 148, 12.00, 1.00, 'H'),
	(443, 238, 26, 5.50, 1.00, 'H'),
	(444, 239, 545, 29.50, 12.00, 'H'),
	(445, 240, 546, 26.50, 3.00, 'H'),
	(446, 240, 19, 5.00, 5.00, 'H'),
	(447, 241, 55, 5.30, 3.00, 'H'),
	(448, 242, 599, 0.60, 50.00, 'H'),
	(449, 243, 13, 34.56, 34.00, 'H'),
	(450, 243, 15, 19.27, 15.00, 'H'),
	(451, 243, 18, 5.00, 20.00, 'H'),
	(452, 244, 546, 26.50, 1.00, 'H'),
	(453, 245, 24, 5.00, 1.00, 'H'),
	(454, 246, 590, 11.00, 1.00, 'H'),
	(455, 247, 510, 20.00, 0.00, 'H'),
	(456, 248, 12, 53.84, 4.00, 'H'),
	(457, 248, 13, 34.81, 5.00, 'H'),
	(458, 248, 15, 19.42, 5.00, 'H'),
	(459, 249, 198, 2.50, 1.00, 'H'),
	(460, 249, 492, 7.00, 1.00, 'H'),
	(461, 250, 546, 26.50, 2.00, 'H'),
	(462, 251, 508, 6.00, 1.00, 'H'),
	(463, 251, 192, 0.70, 5.00, 'H'),
	(464, 252, 24, 5.00, 3.00, 'H'),
	(465, 253, 548, 2.50, 680.00, 'H'),
	(466, 253, 572, 10.00, 1.00, 'H'),
	(467, 253, 564, 23.00, 1.00, 'H'),
	(468, 253, 50, 16.00, 4.00, 'H'),
	(469, 253, 146, 5.00, 4.00, 'H'),
	(470, 253, 164, 5.50, 4.00, 'H'),
	(471, 253, 162, 6.00, 1.00, 'H'),
	(472, 253, 133, 2.50, 6.00, 'H'),
	(473, 253, 136, 2.50, 10.00, 'H'),
	(474, 253, 9, 6.00, 55.00, 'H'),
	(475, 253, 3, 59.50, 12.00, 'H'),
	(476, 254, 3, 58.65, 6.00, 'H'),
	(477, 254, 4, 37.92, 6.00, 'H'),
	(478, 254, 20, 4.50, 5.00, 'H'),
	(479, 254, 19, 4.50, 5.00, 'H'),
	(480, 254, 6, 21.15, 8.00, 'H'),
	(481, 255, 545, 30.00, 50.00, 'H'),
	(482, 255, 585, 0.48, 100.00, 'H'),
	(483, 255, 8, 9.00, 30.00, 'H'),
	(484, 256, 3, 58.65, 6.00, 'D'),
	(485, 256, 4, 37.92, 6.00, 'D'),
	(486, 256, 20, 4.50, 5.00, 'D'),
	(487, 256, 19, 4.50, 5.00, 'D'),
	(488, 256, 6, 21.15, 8.00, 'D'),
	(489, 257, 15, 19.30, 5.00, 'H'),
	(490, 258, 16, 14.07, 100.00, 'H'),
	(491, 259, 6, 21.30, 2.00, 'H'),
	(492, 259, 8, 9.00, 1.00, 'H'),
	(493, 260, 278, 1.50, 1.00, 'H'),
	(494, 260, 60, 2.00, 3.00, 'H'),
	(495, 260, 66, 2.00, 1.00, 'H'),
	(496, 260, 530, 8.00, 1.00, 'H'),
	(497, 261, 348, 12.00, 1.00, 'H'),
	(498, 262, 3, 58.90, 46.00, 'H'),
	(499, 262, 6, 21.30, 110.00, 'D'),
	(500, 263, 6, 21.20, 60.00, 'H'),
	(501, 264, 552, 0.59, 1000.00, 'H'),
	(502, 265, 3, 58.90, 12.00, 'H'),
	(503, 265, 4, 38.00, 60.00, 'H'),
	(504, 265, 7, 15.40, 27.00, 'H'),
	(505, 265, 6, 21.20, 24.00, 'H'),
	(506, 265, 8, 9.00, 45.00, 'H'),
	(507, 265, 20, 5.00, 25.00, 'H'),
	(508, 266, 545, 30.00, 80.00, 'H'),
	(509, 267, 192, 0.70, 32.00, 'H'),
	(510, 267, 55, 5.00, 20.00, 'H'),
	(511, 267, 508, 6.00, 1.00, 'H'),
	(512, 267, 524, 12.00, 1.00, 'H'),
	(513, 267, 136, 2.50, 3.00, 'H'),
	(514, 267, 153, 10.00, 1.00, 'H'),
	(515, 267, 50, 16.00, 2.00, 'H'),
	(516, 268, 18, 5.00, 80.00, 'H'),
	(517, 269, 18, 5.00, 20.00, 'H'),
	(518, 270, 6, 21.15, 32.00, 'H'),
	(519, 271, 55, 5.50, 10.00, 'H'),
	(520, 271, 101, 4.00, 4.00, 'H'),
	(521, 272, 545, 30.00, 1.00, 'H'),
	(522, 273, 9, 6.00, 60.00, 'H'),
	(523, 273, 564, 23.00, 1.00, 'H'),
	(524, 273, 572, 9.00, 3.00, 'H'),
	(525, 274, 47, 38.00, 1.00, 'H'),
	(526, 274, 348, 12.00, 1.00, 'H'),
	(527, 274, 198, 2.50, 14.00, 'H'),
	(528, 274, 192, 0.70, 20.00, 'H'),
	(529, 275, 13, 34.90, 16.00, 'H'),
	(530, 275, 545, 30.00, 50.00, 'H'),
	(531, 275, 16, 14.20, 30.00, 'H'),
	(532, 275, 24, 5.00, 2.00, 'H'),
	(533, 275, 25, 5.00, 2.00, 'H'),
	(534, 275, 20, 5.00, 5.00, 'H'),
	(535, 275, 19, 5.00, 5.00, 'H'),
	(536, 275, 354, 5.00, 2.00, 'H'),
	(537, 275, 52, 34.50, 1.00, 'H'),
	(538, 276, 510, 20.00, 1.00, 'H'),
	(539, 277, 599, 0.60, 100.00, 'H'),
	(540, 278, 135, 7.00, 1.00, 'H'),
	(541, 279, 545, 30.00, 3.00, 'H'),
	(542, 280, 598, 0.80, 2000.00, 'H'),
	(543, 281, 545, 29.50, 10.00, 'H'),
	(544, 282, 545, 30.00, 3.00, 'H'),
	(545, 282, 25, 5.00, 2.00, 'H'),
	(546, 283, 3, 58.60, 40.00, 'H'),
	(547, 284, 546, 26.00, 2.00, 'H'),
	(548, 285, 521, 47.00, 1.00, 'H'),
	(549, 285, 166, 16.00, 1.00, 'H'),
	(550, 285, 90, 2.80, 2.00, 'H'),
	(551, 285, 105, 2.00, 1.00, 'H'),
	(552, 286, 548, 2.50, 25.00, 'H'),
	(553, 287, 6, 20.96, 6.00, 'H'),
	(554, 288, 523, 18.00, 1.00, 'H'),
	(555, 289, 19, 5.00, 50.00, 'H'),
	(556, 290, 24, 5.00, 4.00, 'H'),
	(557, 290, 25, 5.00, 4.00, 'H'),
	(558, 290, 20, 5.00, 3.00, 'H'),
	(559, 291, 4, 37.54, 11.00, 'H'),
	(560, 291, 6, 20.93, 11.00, 'H'),
	(561, 292, 4, 37.54, 90.00, 'H'),
	(562, 293, 13, 34.29, 5.00, 'H'),
	(563, 293, 15, 19.12, 5.00, 'H'),
	(564, 294, 546, 26.50, 1.00, 'H'),
	(565, 295, 20, 5.00, 20.00, 'H'),
	(566, 296, 546, 26.50, 5.00, 'H'),
	(567, 297, 546, 26.50, 1.00, 'H'),
	(568, 298, 599, 0.60, 300.00, 'H'),
	(569, 298, 545, 30.00, 2.00, 'H'),
	(570, 299, 545, 30.00, 50.00, 'H'),
	(571, 300, 15, 19.11, 45.00, 'H'),
	(572, 300, 17, 7.70, 50.00, 'H'),
	(573, 301, 22, 7.00, 3.00, 'H'),
	(574, 302, 599, 0.58, 10.00, 'H'),
	(575, 303, 4, 37.51, 5.00, 'H'),
	(576, 304, 545, 30.00, 3.00, 'H'),
	(577, 305, 278, 1.50, 1.00, 'H'),
	(578, 306, 45, 19.00, 1.00, 'H'),
	(579, 307, 355, 9.00, 1.00, 'H'),
	(580, 308, 545, 29.50, 100.00, 'H'),
	(581, 309, 572, 8.00, 5.00, 'H'),
	(582, 309, 564, 21.00, 2.00, 'H'),
	(583, 309, 574, 7.00, 1.00, 'H'),
	(584, 310, 546, 26.50, 14.00, 'H'),
	(585, 311, 199, 2.50, 35.00, 'H'),
	(586, 311, 192, 0.70, 100.00, 'H'),
	(587, 311, 55, 5.30, 50.00, 'H'),
	(588, 312, 135, 8.00, 2.00, 'H'),
	(589, 313, 545, 30.00, 1.00, 'H'),
	(590, 314, 55, 5.50, 1.00, 'H'),
	(591, 315, 55, 5.50, 2.00, 'H'),
	(592, 316, 522, 35.00, 1.00, 'H'),
	(593, 316, 500, 5.00, 1.00, 'H'),
	(594, 317, 545, 29.50, 4.00, 'H'),
	(595, 318, 596, 12.50, 10.00, 'H'),
	(596, 318, 572, 8.50, 38.00, 'H'),
	(597, 319, 4, 37.56, 2.00, 'H'),
	(598, 319, 6, 20.95, 25.00, 'H'),
	(599, 319, 20, 5.00, 20.00, 'H'),
	(600, 319, 19, 5.00, 15.00, 'H'),
	(601, 319, 18, 5.00, 29.00, 'H'),
	(602, 319, 545, 30.00, 2.00, 'H'),
	(603, 320, 545, 30.00, 2.00, 'H'),
	(604, 321, 498, 3.00, 1.00, 'H'),
	(605, 323, 3, 58.19, 65.00, 'H'),
	(606, 323, 4, 37.62, 100.00, 'H'),
	(607, 323, 6, 20.98, 100.00, 'H'),
	(608, 324, 545, 30.00, 1.00, 'H'),
	(609, 325, 4, 37.62, 50.00, 'H'),
	(610, 325, 6, 20.98, 50.00, 'H'),
	(611, 325, 3, 58.19, 30.00, 'H'),
	(612, 325, 7, 15.15, 30.00, 'H'),
	(613, 325, 8, 8.46, 30.00, 'H'),
	(614, 325, 9, 5.20, 30.00, 'H'),
	(615, 325, 20, 4.40, 100.00, 'H'),
	(616, 325, 19, 4.40, 100.00, 'H'),
	(617, 325, 22, 5.00, 30.00, 'H'),
	(618, 325, 24, 4.40, 30.00, 'H'),
	(619, 325, 26, 4.40, 30.00, 'H'),
	(620, 325, 27, 4.40, 30.00, 'H'),
	(621, 325, 45, 19.00, 10.00, 'H'),
	(622, 326, 2, 85.60, 5.00, 'H'),
	(623, 327, 523, 18.00, 1.00, 'H'),
	(624, 327, 372, 10.00, 1.00, 'H'),
	(625, 327, 371, 19.00, 1.00, 'H'),
	(626, 327, 38, 12.00, 1.00, 'H'),
	(627, 327, 90, 3.00, 1.00, 'H'),
	(628, 327, 66, 2.50, 1.00, 'H'),
	(629, 328, 545, 29.50, 50.00, 'H'),
	(630, 328, 583, 0.37, 200.00, 'H'),
	(631, 328, 585, 0.48, 100.00, 'H'),
	(632, 329, 105, 2.00, 1.00, 'H'),
	(633, 330, 545, 29.50, 10.00, 'H'),
	(634, 331, 24, 4.40, 30.00, 'H'),
	(635, 331, 25, 4.40, 30.00, 'H'),
	(636, 331, 19, 4.40, 100.00, 'H'),
	(637, 332, 278, 1.50, 1.00, 'H'),
	(638, 332, 45, 19.00, 3.00, 'H'),
	(639, 332, 99, 2.00, 4.00, 'H'),
	(640, 332, 166, 15.00, 1.00, 'H'),
	(641, 332, 138, 8.00, 1.00, 'H'),
	(642, 332, 57, 2.00, 4.00, 'H'),
	(643, 332, 114, 9.00, 2.00, 'H'),
	(644, 332, 135, 7.00, 1.00, 'H'),
	(645, 333, 545, 30.80, 100.00, 'H'),
	(646, 334, 99, 2.00, 3.00, 'H'),
	(647, 335, 508, 6.00, 1.00, 'H'),
	(648, 335, 24, 5.00, 1.00, 'H'),
	(649, 336, 238, 6.00, 1.00, 'H'),
	(650, 337, 545, 29.50, 1.00, 'H'),
	(651, 338, 32, 9.00, 0.80, 'H'),
	(652, 339, 545, 29.00, 10.00, 'H'),
	(653, 340, 545, 29.80, 100.00, 'H'),
	(654, 341, 20, 5.00, 3.00, 'H'),
	(655, 341, 16, 13.80, 8.00, 'H'),
	(656, 341, 545, 29.50, 4.00, 'H'),
	(657, 342, 13, 34.28, 6.00, 'H'),
	(658, 342, 16, 13.81, 7.00, 'H'),
	(659, 343, 46, 27.00, 1.00, 'H'),
	(660, 343, 55, 5.50, 20.00, 'H'),
	(661, 344, 278, 1.50, 2.00, 'H'),
	(662, 344, 185, 2.50, 1.00, 'H'),
	(663, 344, 182, 2.00, 1.00, 'H'),
	(664, 344, 531, 17.00, 1.00, 'H'),
	(665, 345, 546, 26.50, 40.00, 'H'),
	(666, 345, 545, 29.50, 10.00, 'H'),
	(667, 346, 52, 34.50, 1.00, 'H'),
	(668, 347, 355, 9.00, 2.00, 'H'),
	(669, 347, 19, 5.00, 10.00, 'H'),
	(670, 348, 545, 30.80, 50.00, 'H'),
	(671, 348, 3, 58.50, 25.00, 'H'),
	(672, 349, 12, 53.02, 15.00, 'H'),
	(673, 349, 13, 34.28, 15.00, 'H'),
	(674, 349, 15, 19.12, 30.00, 'H'),
	(675, 349, 24, 4.50, 2.00, 'H'),
	(676, 350, 25, 4.50, 5.00, 'H'),
	(677, 350, 24, 4.50, 12.00, 'H'),
	(678, 351, 545, 30.00, 17.00, 'H'),
	(679, 352, 13, 34.30, 2.00, 'H'),
	(680, 353, 354, 5.00, 1.00, 'H'),
	(681, 354, 545, 30.13, 30.00, 'H'),
	(682, 355, 17, 7.80, 6.00, 'H'),
	(683, 356, 598, 0.80, 40.00, 'H'),
	(684, 357, 24, 5.00, 3.00, 'H'),
	(685, 358, 16, 13.81, 15.00, 'H'),
	(686, 358, 6, 20.93, 4.00, 'H'),
	(687, 359, 354, 5.00, 2.00, 'H'),
	(688, 360, 546, 26.00, 1.00, 'H'),
	(689, 360, 138, 7.50, 1.00, 'H'),
	(690, 361, 139, 11.00, 2.00, 'H'),
	(691, 361, 164, 5.50, 4.00, 'H'),
	(692, 361, 168, 11.00, 1.00, 'H'),
	(693, 361, 136, 2.50, 8.00, 'H'),
	(694, 361, 133, 2.50, 11.00, 'H'),
	(695, 361, 50, 16.00, 3.00, 'H'),
	(696, 361, 52, 34.50, 1.00, 'H'),
	(697, 362, 3, 58.30, 14.00, 'H'),
	(698, 362, 4, 37.70, 50.00, 'H'),
	(699, 362, 6, 21.20, 44.00, 'H'),
	(700, 362, 9, 6.00, 25.00, 'H'),
	(701, 362, 24, 5.00, 3.00, 'H'),
	(702, 362, 20, 5.00, 5.00, 'H'),
	(703, 362, 19, 5.00, 5.00, 'H'),
	(704, 363, 552, 0.59, 2000.00, 'H'),
	(705, 364, 524, 12.00, 1.00, 'H'),
	(706, 365, 12, 53.18, 49.00, 'H'),
	(707, 365, 13, 34.38, 126.00, 'H'),
	(708, 365, 15, 19.18, 60.00, 'H'),
	(709, 365, 16, 13.85, 20.00, 'H'),
	(710, 365, 17, 8.50, 80.00, 'H'),
	(711, 365, 20, 5.00, 100.00, 'H'),
	(712, 365, 19, 5.00, 50.00, 'H'),
	(713, 365, 24, 5.00, 9.00, 'H'),
	(714, 365, 25, 5.00, 7.00, 'H'),
	(715, 365, 356, 12.00, 3.00, 'H'),
	(716, 365, 545, 29.60, 60.00, 'H'),
	(717, 366, 24, 5.00, 5.00, 'H'),
	(718, 366, 25, 5.00, 3.00, 'H'),
	(719, 366, 545, 29.60, 170.00, 'H'),
	(720, 367, 12, 52.73, 50.00, 'H'),
	(721, 367, 13, 34.09, 70.00, 'H'),
	(722, 367, 15, 19.01, 70.00, 'H'),
	(723, 368, 3, 57.99, 13.00, 'H'),
	(724, 368, 6, 20.91, 50.00, 'H'),
	(725, 369, 3, 58.30, 5.00, 'H'),
	(726, 369, 4, 37.60, 2.00, 'H'),
	(727, 369, 7, 15.20, 8.00, 'H'),
	(728, 370, 24, 5.00, 1.00, 'H'),
	(729, 370, 25, 5.00, 1.00, 'H'),
	(730, 370, 22, 8.00, 0.25, 'H'),
	(731, 371, 6, 20.91, 100.00, 'H'),
	(732, 371, 3, 57.99, 50.00, 'H'),
	(733, 371, 4, 37.50, 100.00, 'H'),
	(734, 372, 6, 20.91, 20.00, 'H'),
	(735, 373, 12, 53.22, 50.00, 'H'),
	(736, 373, 13, 34.41, 85.00, 'H'),
	(737, 373, 6, 21.00, 90.00, 'H'),
	(738, 374, 572, 8.00, 10.00, 'H'),
	(739, 375, 3, 58.00, 20.00, 'H'),
	(740, 375, 4, 37.70, 70.00, 'H'),
	(741, 375, 6, 21.00, 50.00, 'H'),
	(742, 375, 8, 8.40, 40.00, 'H'),
	(743, 376, 599, 0.58, 3000.00, 'H'),
	(744, 377, 545, 29.50, 3.00, 'H'),
	(745, 378, 25, 5.00, 0.50, 'H'),
	(746, 379, 545, 29.50, 6.00, 'H'),
	(747, 380, 461, 0.50, 2.00, 'H'),
	(748, 380, 476, 0.10, 2.00, 'H'),
	(749, 381, 13, 34.50, 1.00, 'H'),
	(750, 381, 546, 26.50, 2.00, 'H'),
	(751, 382, 597, 4.00, 1.00, 'H'),
	(752, 383, 238, 6.00, 1.00, 'D'),
	(753, 383, 238, 6.00, 10.00, 'D'),
	(754, 383, 238, 6.00, 10.00, 'D'),
	(755, 383, 178, 2.00, 10.00, 'D'),
	(756, 383, 238, 6.00, 10.00, 'H'),
	(757, 383, 178, 2.00, 10.00, 'H'),
	(758, 384, 178, 2.00, 1.00, 'H'),
	(759, 385, 57, 2.00, 1.00, 'H'),
	(760, 386, 19, 5.50, 1.00, 'H'),
	(761, 387, 20, 5.50, 1.00, 'H'),
	(762, 388, 575, 7.00, 1.00, 'H'),
	(763, 389, 599, 0.58, 1000.00, 'H'),
	(764, 390, 598, 0.78, 1000.00, 'H'),
	(765, 391, 20, 5.00, 4.00, 'H'),
	(766, 391, 545, 30.00, 1.00, 'H'),
	(767, 391, 25, 5.00, 2.00, 'H'),
	(768, 392, 545, 29.70, 10.00, 'H'),
	(769, 393, 546, 26.50, 2.00, 'H'),
	(770, 394, 4, 37.44, 10.00, 'H'),
	(771, 394, 18, 5.00, 10.00, 'H'),
	(772, 395, 599, 0.58, 1000.00, 'H'),
	(773, 395, 545, 29.50, 20.00, 'H'),
	(774, 396, 13, 34.21, 6.00, 'H'),
	(775, 396, 16, 13.78, 5.00, 'H'),
	(776, 396, 19, 4.50, 20.00, 'H'),
	(777, 397, 548, 2.40, 650.00, 'H'),
	(778, 398, 46, 27.00, 2.00, 'H'),
	(779, 398, 99, 2.00, 2.00, 'H'),
	(780, 399, 530, 8.00, 1.00, 'H'),
	(781, 400, 3, 57.91, 8.00, 'H'),
	(782, 400, 4, 37.44, 30.00, 'H'),
	(783, 400, 6, 20.88, 30.00, 'H'),
	(784, 400, 17, 7.69, 5.00, 'H'),
	(785, 401, 19, 4.50, 100.00, 'H'),
	(786, 402, 574, 8.00, 7.00, 'H'),
	(787, 403, 546, 26.50, 15.00, 'H'),
	(788, 404, 13, 34.21, 20.00, 'H'),
	(789, 404, 15, 19.08, 20.00, 'H'),
	(790, 404, 16, 13.78, 20.00, 'H'),
	(791, 404, 17, 7.80, 20.00, 'H'),
	(792, 404, 18, 5.00, 20.00, 'H'),
	(793, 405, 57, 2.00, 10.00, 'D'),
	(794, 405, 57, 2.00, 20.00, 'H'),
	(795, 405, 20, 5.50, 20.00, 'H'),
	(796, 406, 12, 52.56, 90.00, 'H'),
	(797, 406, 3, 57.80, 90.00, 'H'),
	(798, 406, 15, 18.95, 150.00, 'H'),
	(799, 407, 13, 33.98, 240.00, 'H'),
	(800, 407, 6, 20.84, 30.00, 'H'),
	(801, 408, 15, 18.95, 100.00, 'H'),
	(802, 409, 18, 5.00, 200.00, 'H'),
	(803, 410, 99, 2.00, 2.00, 'H'),
	(804, 410, 524, 12.00, 1.00, 'H'),
	(805, 411, 14, 30.32, 2.00, 'H'),
	(806, 412, 546, 26.50, 2.00, 'H'),
	(807, 413, 19, 5.00, 5.00, 'H'),
	(808, 414, 550, 0.57, 3000.00, 'H'),
	(809, 415, 546, 26.50, 2.00, 'H'),
	(810, 416, 138, 9.00, 1.00, 'H'),
	(811, 416, 168, 11.00, 1.00, 'H'),
	(812, 416, 164, 5.50, 3.00, 'H'),
	(813, 416, 133, 2.50, 7.00, 'H'),
	(814, 416, 136, 2.50, 7.00, 'H'),
	(815, 417, 463, 0.70, 10.00, 'H'),
	(816, 417, 476, 0.10, 10.00, 'H'),
	(817, 418, 460, 0.40, 3.00, 'H'),
	(818, 418, 476, 0.10, 3.00, 'H');

-- Volcando estructura para tabla ferr_ros_h.proveedor
CREATE TABLE IF NOT EXISTS `proveedor` (
  `id` int NOT NULL AUTO_INCREMENT,
  `id_ciudad` int NOT NULL,
  `numruc` char(20) NOT NULL,
  `nombrecom` varchar(255) NOT NULL,
  `direccion` varchar(200) NOT NULL,
  `numcel` char(12) DEFAULT NULL,
  `est` char(1) NOT NULL,
  PRIMARY KEY (`id`),
  KEY `fk_proveedor_ciudad` (`id_ciudad`),
  CONSTRAINT `fk_proveedor_ciudad` FOREIGN KEY (`id_ciudad`) REFERENCES `ciudad` (`id`)
) ENGINE=InnoDB AUTO_INCREMENT=2 DEFAULT CHARSET=utf8mb4 COLLATE=utf8mb4_0900_ai_ci;

-- Volcando datos para la tabla ferr_ros_h.proveedor: ~0 rows (aproximadamente)
INSERT INTO `proveedor` (`id`, `id_ciudad`, `numruc`, `nombrecom`, `direccion`, `numcel`, `est`) VALUES
	(1, 1, '10712327311', 'CARLOS EDGAR PEREZ RAMOS', 'AV. Panamericana Sur 1387', '964470158', 'H');

-- Volcando estructura para tabla ferr_ros_h.tienda
CREATE TABLE IF NOT EXISTS `tienda` (
  `id` int NOT NULL AUTO_INCREMENT,
  `id_ciudad` int NOT NULL,
  `nombre` varchar(150) NOT NULL,
  `direccion` varchar(255) NOT NULL,
  `est` char(1) NOT NULL,
  PRIMARY KEY (`id`),
  KEY `fk_tienda_ciudad` (`id_ciudad`),
  CONSTRAINT `fk_tienda_ciudad` FOREIGN KEY (`id_ciudad`) REFERENCES `ciudad` (`id`)
) ENGINE=InnoDB AUTO_INCREMENT=3 DEFAULT CHARSET=utf8mb4 COLLATE=utf8mb4_0900_ai_ci;

-- Volcando datos para la tabla ferr_ros_h.tienda: ~2 rows (aproximadamente)
INSERT INTO `tienda` (`id`, `id_ciudad`, `nombre`, `direccion`, `est`) VALUES
	(1, 4, 'TIENDA AZAPAMPA', 'Av. Calle Real 2482', 'H'),
	(2, 1, 'TIENDA HUANCAN', 'Av. Panamericana Sur 1387', 'H');

-- Volcando estructura para tabla ferr_ros_h.tipodoc
CREATE TABLE IF NOT EXISTS `tipodoc` (
  `id` int NOT NULL AUTO_INCREMENT,
  `documento` varchar(150) NOT NULL,
  `est` char(1) NOT NULL,
  PRIMARY KEY (`id`)
) ENGINE=InnoDB AUTO_INCREMENT=3 DEFAULT CHARSET=utf8mb4 COLLATE=utf8mb4_0900_ai_ci;

-- Volcando datos para la tabla ferr_ros_h.tipodoc: ~2 rows (aproximadamente)
INSERT INTO `tipodoc` (`id`, `documento`, `est`) VALUES
	(1, 'DNI', 'H'),
	(2, 'RUC', 'H');

-- Volcando estructura para tabla ferr_ros_h.usuario
CREATE TABLE IF NOT EXISTS `usuario` (
  `id` int NOT NULL AUTO_INCREMENT,
  `id_tienda` int NOT NULL,
  `dni` char(8) NOT NULL,
  `nombre` varchar(150) NOT NULL,
  `apellidos` varchar(255) NOT NULL,
  `usuariof` varchar(150) NOT NULL,
  `password` varchar(255) NOT NULL,
  `rol` varchar(20) DEFAULT NULL,
  `imagen` varchar(255) DEFAULT NULL,
  `est` char(1) NOT NULL,
  PRIMARY KEY (`id`),
  UNIQUE KEY `uq_usuariof` (`usuariof`),
  KEY `fk_usuario_tienda` (`id_tienda`),
  CONSTRAINT `fk_usuario_tienda` FOREIGN KEY (`id_tienda`) REFERENCES `tienda` (`id`)
) ENGINE=InnoDB AUTO_INCREMENT=3 DEFAULT CHARSET=utf8mb4 COLLATE=utf8mb4_0900_ai_ci;

-- Volcando datos para la tabla ferr_ros_h.usuario: ~2 rows (aproximadamente)
INSERT INTO `usuario` (`id`, `id_tienda`, `dni`, `nombre`, `apellidos`, `usuariof`, `password`, `rol`, `imagen`, `est`) VALUES
	(1, 1, '10101010', 'Administrador', 'Rosario', 'Arosario', '$2y$04$nYSkbK2SBTaB9NkHAtUyT.IFNCCaRDxa6BWwq05r/nDKtAs70tAL6', 'admin', '', 'H'),
	(2, 1, '71791082', 'Doris', 'Antezana P', 'dantezana', '$2y$04$XEJgJQ6yjFlbDS7jczFjUOcE7TPwsFO4FPADriFUHP5OSBr7jAGRa', 'user', '', 'H');

/*!40103 SET TIME_ZONE=IFNULL(@OLD_TIME_ZONE, 'system') */;
/*!40101 SET SQL_MODE=IFNULL(@OLD_SQL_MODE, '') */;
/*!40014 SET FOREIGN_KEY_CHECKS=IFNULL(@OLD_FOREIGN_KEY_CHECKS, 1) */;
/*!40101 SET CHARACTER_SET_CLIENT=@OLD_CHARACTER_SET_CLIENT */;
/*!40111 SET SQL_NOTES=IFNULL(@OLD_SQL_NOTES, 1) */;
